Workbook

Sheet Tổng hợp
A1: BÁO CÁO DOANH THU – CHI PHÍ THEO CÔNG TRÌNH, QUÝ III/2026
A2: Cty TNHH Thương mại Hưng Mộc (MST 2803104433) · Đơn vị: VNĐ · Số liệu trước thuế GTGT, theo ngày hóa đơn
A4: Nhóm công trình | B4: Doanh thu | C4: Ván MDF/Melamine & tấm bề mặt | D4: Chỉ/nẹp PVC | E4: Kính cường lực | F4: Nhôm – sắt | G4: Mica, nhựa, keo & vật tư phụ | H4: Vận chuyển | I4: Hàng hóa mua bán (thiết bị) | J4: Tổng chi phí | K4: Lãi gộp | L4: Chi phí / Doanh thu
A5: AEON – Golden Sea (GS) | B5: =SUMIFS('Doanh thu'!$L$5:$L$14,'Doanh thu'!$B$5:$B$14,$A5) | C5: =SUMIFS('Chi phí'!$L$5:$L$43,'Chi phí'!$B$5:$B$43,$A5,'Chi phí'!$O$5:$O$43,C$4,'Chi phí'!$P$5:$P$43,"Có") | D5: =SUMIFS('Chi phí'!$L$5:$L$43,'Chi phí'!$B$5:$B$43,$A5,'Chi phí'!$O$5:$O$43,D$4,'Chi phí'!$P$5:$P$43,"Có") | E5: =SUMIFS('Chi phí'!$L$5:$L$43,'Chi phí'!$B$5:$B$43,$A5,'Chi phí'!$O$5:$O$43,E$4,'Chi phí'!$P$5:$P$43,"Có") | F5: =SUMIFS('Chi phí'!$L$5:$L$43,'Chi phí'!$B$5:$B$43,$A5,'Chi phí'!$O$5:$O$43,F$4,'Chi phí'!$P$5:$P$43,"Có") | G5: =SUMIFS('Chi phí'!$L$5:$L$43,'Chi phí'!$B$5:$B$43,$A5,'Chi phí'!$O$5:$O$43,G$4,'Chi phí'!$P$5:$P$43,"Có") | H5: =SUMIFS('Chi phí'!$L$5:$L$43,'Chi phí'!$B$5:$B$43,$A5,'Chi phí'!$O$5:$O$43,H$4,'Chi phí'!$P$5:$P$43,"Có") | I5: =SUMIFS('Chi phí'!$L$5:$L$43,'Chi phí'!$B$5:$B$43,$A5,'Chi phí'!$O$5:$O$43,I$4,'Chi phí'!$P$5:$P$43,"Có") | J5: =SUM(C5:I5) | K5: =B5-J5 | L5: =IF(B5=0,"",J5/B5)
A6: AEON – Nhóm Thống (Taco + ICO) | B6: =SUMIFS('Doanh thu'!$L$5:$L$14,'Doanh thu'!$B$5:$B$14,$A6) | C6: =SUMIFS('Chi phí'!$L$5:$L$43,'Chi phí'!$B$5:$B$43,$A6,'Chi phí'!$O$5:$O$43,C$4,'Chi phí'!$P$5:$P$43,"Có") | D6: =SUMIFS('Chi phí'!$L$5:$L$43,'Chi phí'!$B$5:$B$43,$A6,'Chi phí'!$O$5:$O$43,D$4,'Chi phí'!$P$5:$P$43,"Có") | E6: =SUMIFS('Chi phí'!$L$5:$L$43,'Chi phí'!$B$5:$B$43,$A6,'Chi phí'!$O$5:$O$43,E$4,'Chi phí'!$P$5:$P$43,"Có") | F6: =SUMIFS('Chi phí'!$L$5:$L$43,'Chi phí'!$B$5:$B$43,$A6,'Chi phí'!$O$5:$O$43,F$4,'Chi phí'!$P$5:$P$43,"Có") | G6: =SUMIFS('Chi phí'!$L$5:$L$43,'Chi phí'!$B$5:$B$43,$A6,'Chi phí'!$O$5:$O$43,G$4,'Chi phí'!$P$5:$P$43,"Có") | H6: =SUMIFS('Chi phí'!$L$5:$L$43,'Chi phí'!$B$5:$B$43,$A6,'Chi phí'!$O$5:$O$43,H$4,'Chi phí'!$P$5:$P$43,"Có") | I6: =SUMIFS('Chi phí'!$L$5:$L$43,'Chi phí'!$B$5:$B$43,$A6,'Chi phí'!$O$5:$O$43,I$4,'Chi phí'!$P$5:$P$43,"Có") | J6: =SUM(C6:I6) | K6: =B6-J6 | L6: =IF(B6=0,"",J6/B6)
A7: Moly (Hua Long) | B7: =SUMIFS('Doanh thu'!$L$5:$L$14,'Doanh thu'!$B$5:$B$14,$A7) | C7: =SUMIFS('Chi phí'!$L$5:$L$43,'Chi phí'!$B$5:$B$43,$A7,'Chi phí'!$O$5:$O$43,C$4,'Chi phí'!$P$5:$P$43,"Có") | D7: =SUMIFS('Chi phí'!$L$5:$L$43,'Chi phí'!$B$5:$B$43,$A7,'Chi phí'!$O$5:$O$43,D$4,'Chi phí'!$P$5:$P$43,"Có") | E7: =SUMIFS('Chi phí'!$L$5:$L$43,'Chi phí'!$B$5:$B$43,$A7,'Chi phí'!$O$5:$O$43,E$4,'Chi phí'!$P$5:$P$43,"Có") | F7: =SUMIFS('Chi phí'!$L$5:$L$43,'Chi phí'!$B$5:$B$43,$A7,'Chi phí'!$O$5:$O$43,F$4,'Chi phí'!$P$5:$P$43,"Có") | G7: =SUMIFS('Chi phí'!$L$5:$L$43,'Chi phí'!$B$5:$B$43,$A7,'Chi phí'!$O$5:$O$43,G$4,'Chi phí'!$P$5:$P$43,"Có") | H7: =SUMIFS('Chi phí'!$L$5:$L$43,'Chi phí'!$B$5:$B$43,$A7,'Chi phí'!$O$5:$O$43,H$4,'Chi phí'!$P$5:$P$43,"Có") | I7: =SUMIFS('Chi phí'!$L$5:$L$43,'Chi phí'!$B$5:$B$43,$A7,'Chi phí'!$O$5:$O$43,I$4,'Chi phí'!$P$5:$P$43,"Có") | J7: =SUM(C7:I7) | K7: =B7-J7 | L7: =IF(B7=0,"",J7/B7)
A8: SSTH (Smart Shopping) | B8: =SUMIFS('Doanh thu'!$L$5:$L$14,'Doanh thu'!$B$5:$B$14,$A8) | C8: =SUMIFS('Chi phí'!$L$5:$L$43,'Chi phí'!$B$5:$B$43,$A8,'Chi phí'!$O$5:$O$43,C$4,'Chi phí'!$P$5:$P$43,"Có") | D8: =SUMIFS('Chi phí'!$L$5:$L$43,'Chi phí'!$B$5:$B$43,$A8,'Chi phí'!$O$5:$O$43,D$4,'Chi phí'!$P$5:$P$43,"Có") | E8: =SUMIFS('Chi phí'!$L$5:$L$43,'Chi phí'!$B$5:$B$43,$A8,'Chi phí'!$O$5:$O$43,E$4,'Chi phí'!$P$5:$P$43,"Có") | F8: =SUMIFS('Chi phí'!$L$5:$L$43,'Chi phí'!$B$5:$B$43,$A8,'Chi phí'!$O$5:$O$43,F$4,'Chi phí'!$P$5:$P$43,"Có") | G8: =SUMIFS('Chi phí'!$L$5:$L$43,'Chi phí'!$B$5:$B$43,$A8,'Chi phí'!$O$5:$O$43,G$4,'Chi phí'!$P$5:$P$43,"Có") | H8: =SUMIFS('Chi phí'!$L$5:$L$43,'Chi phí'!$B$5:$B$43,$A8,'Chi phí'!$O$5:$O$43,H$4,'Chi phí'!$P$5:$P$43,"Có") | I8: =SUMIFS('Chi phí'!$L$5:$L$43,'Chi phí'!$B$5:$B$43,$A8,'Chi phí'!$O$5:$O$43,I$4,'Chi phí'!$P$5:$P$43,"Có") | J8: =SUM(C8:I8) | K8: =B8-J8 | L8: =IF(B8=0,"",J8/B8)
A9: TỔNG CỘNG | B9: =SUM(B5:B8) | C9: =SUM(C5:C8) | D9: =SUM(D5:D8) | E9: =SUM(E5:E8) | F9: =SUM(F5:F8) | G9: =SUM(G5:G8) | H9: =SUM(H5:H8) | I9: =SUM(I5:I8) | ... K9: =SUM(K5:K8) | L9: =IF(B9=0,"",J9/B9)
A11: Tỷ trọng từng đầu mục chi phí trên doanh thu
A12: Nhóm công trình | C12: Ván MDF/Melamine & tấm bề mặt | D12: Chỉ/nẹp PVC | E12: Kính cường lực | F12: Nhôm – sắt | G12: Mica, nhựa, keo & vật tư phụ | H12: Vận chuyển | I12: Hàng hóa mua bán (thiết bị) | J12: Tổng chi phí
A13: AEON – Golden Sea (GS) | C13: =IF($B5=0,"",C5/$B5) | D13: =IF($B5=0,"",D5/$B5) | E13: =IF($B5=0,"",E5/$B5) | F13: =IF($B5=0,"",F5/$B5) | G13: =IF($B5=0,"",G5/$B5) | H13: =IF($B5=0,"",H5/$B5) | I13: =IF($B5=0,"",I5/$B5) | J13: =IF($B5=0,"",J5/$B5)
A14: AEON – Nhóm Thống (Taco + ICO) | C14: =IF($B6=0,"",C6/$B6) | D14: =IF($B6=0,"",D6/$B6) | E14: =IF($B6=0,"",E6/$B6) | F14: =IF($B6=0,"",F6/$B6) | G14: =IF($B6=0,"",G6/$B6) | H14: =IF($B6=0,"",H6/$B6) | I14: =IF($B6=0,"",I6/$B6) | J14: =IF($B6=0,"",J6/$B6)
A15: Moly (Hua Long) | C15: =IF($B7=0,"",C7/$B7) | D15: =IF($B7=0,"",D7/$B7) | E15: =IF($B7=0,"",E7/$B7) | F15: =IF($B7=0,"",F7/$B7) | G15: =IF($B7=0,"",G7/$B7) | H15: =IF($B7=0,"",H7/$B7) | I15: =IF($B7=0,"",I7/$B7) | J15: =IF($B7=0,"",J7/$B7)
A16: SSTH (Smart Shopping) | C16: =IF($B8=0,"",C8/$B8) | D16: =IF($B8=0,"",D8/$B8) | E16: =IF($B8=0,"",E8/$B8) | F16: =IF($B8=0,"",F8/$B8) | G16: =IF($B8=0,"",G8/$B8) | H16: =IF($B8=0,"",H8/$B8) | I16: =IF($B8=0,"",I8/$B8) | J16: =IF($B8=0,"",J8/$B8)
A17: TỔNG CỘNG | C17: =IF($B9=0,"",C9/$B9) | D17: =IF($B9=0,"",D9/$B9) | E17: =IF($B9=0,"",E9/$B9) | F17: =IF($B9=0,"",F9/$B9) | G17: =IF($B9=0,"",G9/$B9) | H17: =IF($B9=0,"",H9/$B9) | I17: =IF($B9=0,"",I9/$B9) | J17: =IF($B9=0,"",J9/$B9)
A20: Doanh thu chi tiết theo hóa đơn bán ra
A21: Khách hàng | B21: Doanh thu (trước thuế) | C21: Số HĐ | D21: Ngày | E21: Nhóm công trình
A22: Cty TNHH ĐT TM DV Golden Sea | B22: =SUMIFS('Doanh thu'!$L$5:$L$14,'Doanh thu'!$C$5:$C$14,A22) | C22: 14 | D22: 16/09/2026 | E22: AEON – Golden Sea (GS)
A23: Cty TNHH XD & DV TM Taco | B23: =SUMIFS('Doanh thu'!$L$5:$L$14,'Doanh thu'!$C$5:$C$14,A23) | C23: 12 | D23: 14/09/2026 | E23: AEON – Nhóm Thống (Taco + ICO)
A24: Cty TNHH XD & TM ICO | B24: =SUMIFS('Doanh thu'!$L$5:$L$14,'Doanh thu'!$C$5:$C$14,A24) | C24: 15 | D24: 16/09/2026 | E24: AEON – Nhóm Thống (Taco + ICO)
A25: Cty TNHH Hua Long Moly Việt Nam | B25: =SUMIFS('Doanh thu'!$L$5:$L$14,'Doanh thu'!$C$5:$C$14,A25) | C25: 16 | D25: 17/09/2026 | E25: Moly (Hua Long)
A26: CTCP Smart Shopping Thanh Hóa | B26: =SUMIFS('Doanh thu'!$L$5:$L$14,'Doanh thu'!$C$5:$C$14,A26) | C26: 10 | D26: 16/07/2026 | E26: SSTH (Smart Shopping)
A29: Doanh thu – chi phí theo tháng (ngày hóa đơn)
A30: Tháng | B30: Doanh thu | C30: Chi phí | D30: Chênh lệch
A31: 7 | B31: =SUMIFS('Doanh thu'!$L$5:$L$14,'Doanh thu'!$A$5:$A$14,A31) | C31: =SUMIFS('Chi phí'!$L$5:$L$43,'Chi phí'!$A$5:$A$43,A31,'Chi phí'!$P$5:$P$43,"Có") | D31: =B31-C31
A32: 8 | B32: =SUMIFS('Doanh thu'!$L$5:$L$14,'Doanh thu'!$A$5:$A$14,A32) | C32: =SUMIFS('Chi phí'!$L$5:$L$43,'Chi phí'!$A$5:$A$43,A32,'Chi phí'!$P$5:$P$43,"Có") | D32: =B32-C32
A33: 9 | B33: =SUMIFS('Doanh thu'!$L$5:$L$14,'Doanh thu'!$A$5:$A$14,A33) | C33: =SUMIFS('Chi phí'!$L$5:$L$43,'Chi phí'!$A$5:$A$43,A33,'Chi phí'!$P$5:$P$43,"Có") | D33: =B33-C33
A34: Tổng quý | B34: =SUM(B31:B33) | C34: =SUM(C31:C33) | D34: =SUM(D31:D33)

Sheet Doanh thu
A1: DOANH THU QUÝ III/2026 – HÓA ĐƠN BÁN RA (Cty TNHH TM Hưng Mộc, MST 2803104433)
A2: Đơn vị: VNĐ. Thành tiền là giá trị trước thuế GTGT; Tiền thuế = Thành tiền × thuế suất.
A4: Tháng | B4: Nhóm công trình | C4: Khách hàng | D4: MST | E4: Số HĐ | F4: Ngày HĐ | G4: Đầu mục doanh thu | H4: Tên hàng / dịch vụ | I4: ĐVT | J4: SL | K4: Đơn giá | L4: Thành tiền (trước thuế) | M4: Thuế suất | N4: Tiền thuế | O4: Ghi chú
A5: 7 | B5: SSTH (Smart Shopping) | C5: CTCP Smart Shopping Thanh Hóa | D5: 2803235154 | E5: 10 | F5: 16/07/2026 | G5: Bàn, tủ văn phòng | H5: Bàn làm việc 1.2x0.6x0.75m | I5: cái | J5: 2 | K5: 1666666.7 | L5: 3333333.3 | M5: 0.08 | N5: =ROUND(L5*M5,0)
A6: 7 | B6: SSTH (Smart Shopping) | C6: CTCP Smart Shopping Thanh Hóa | D6: 2803235154 | E6: 10 | F6: 16/07/2026 | G6: Bàn, tủ văn phòng | H6: Tủ tài liệu 0.8x0.35x1.2m | I6: cái | J6: 1 | K6: 2685185.2 | L6: 2685185.2 | M6: 0.08 | N6: =ROUND(L6*M6,0)
A7: 9 | B7: AEON – Nhóm Thống (Taco + ICO) | C7: Cty TNHH XD & DV TM Taco | D7: 0402246437 | E7: 12 | F7: 14/09/2026 | G7: Vách kính & khung sắt | H7: Vách kính 1 – kính CL 10mm, nhôm SĐT | I7: cái | J7: 1 | K7: 7820400 | L7: 7820400 | M7: 0.08 | N7: =ROUND(L7*M7,0) | O7: HĐKT Hưng Mộc–Taco
A8: 9 | B8: AEON – Nhóm Thống (Taco + ICO) | C8: Cty TNHH XD & DV TM Taco | D8: 0402246437 | E8: 12 | F8: 14/09/2026 | G8: Vách kính & khung sắt | H8: Vách kính 2 – kính CL 10mm, nhôm SĐT | I8: cái | J8: 1 | K8: 9288000 | L8: 9288000 | M8: 0.08 | N8: =ROUND(L8*M8,0)
A9: 9 | B9: AEON – Nhóm Thống (Taco + ICO) | C9: Cty TNHH XD & DV TM Taco | D9: 0402246437 | E9: 12 | F9: 14/09/2026 | G9: Vách kính & khung sắt | H9: Vách kính 3 – kính CL 10mm, nhôm SĐT | I9: cái | J9: 1 | K9: 3676500 | L9: 3676500 | M9: 0.08 | N9: =ROUND(L9*M9,0)
A10: 9 | B10: AEON – Nhóm Thống (Taco + ICO) | C10: Cty TNHH XD & DV TM Taco | D10: 0402246437 | E10: 12 | F10: 14/09/2026 | G10: Vách kính & khung sắt | H10: Khung sắt hộp 1 – kính CL 10mm | I10: cái | J10: 1 | K10: 2500000 | L10: 2500000 | M10: 0.08 | N10: =ROUND(L10*M10,0)
A11: 9 | B11: AEON – Nhóm Thống (Taco + ICO) | C11: Cty TNHH XD & DV TM Taco | D11: 0402246437 | E11: 12 | F11: 14/09/2026 | G11: Vách kính & khung sắt | H11: Khung sắt hộp 2 – kính CL 10mm | I11: cái | J11: 1 | K11: 3500000 | L11: 3500000 | M11: 0.08 | N11: =ROUND(L11*M11,0)
A12: 9 | B12: AEON – Nhóm Thống (Taco + ICO) | C12: Cty TNHH XD & TM ICO | D12: 0401913430 | E12: 15 | F12: 16/09/2026 | G12: Thép hộp mạ kẽm | H12: Thép hộp mạ kẽm VN | I12: kg | J12: 533.98888 | K12: 19600 | L12: 10466182 | M12: 0.1 | N12: =ROUND(L12*M12,0) | O12: HĐ số 15 thay thế HĐ số 13 (sai tên hàng) – chỉ tính HĐ 15
A13: 9 | B13: AEON – Golden Sea (GS) | C13: Cty TNHH ĐT TM DV Golden Sea | D13: 0314291494 | E13: 14 | F13: 16/09/2026 | G13: Thi công nội thất AEON (đợt 1) | H13: Giá trị đợt 1 cung cấp & thi công nội thất theo HĐ 1707/2026/HDTC/GS-HM | I13: gói | J13: 1 | K13: 295887500 | L13: 295887500 | M13: 0.08 | N13: =ROUND(L13*M13,0) | O13: Xem mục cần xác nhận: lệch 190.000 so với bảng quyết toán đợt 1
A14: 9 | B14: Moly (Hua Long) | C14: Cty TNHH Hua Long Moly Việt Nam | D14: 2803066650 | E14: 16 | F14: 17/09/2026 | G14: Bán thiết bị | H14: Tủ mát Sanaky VH6009HP | I14: cái | J14: 1 | K14: 17731481 | L14: 17731481 | M14: 0.08 | N14: =ROUND(L14*M14,0)
H15: TỔNG CỘNG | L15: =SUM(L5:L14) | N15: =SUM(N5:N14)

Sheet Chi phí
A1: CHI PHÍ QUÝ III/2026 – HÓA ĐƠN MUA VÀO, CHIA THEO ĐẦU MỤC
A2: Đơn vị: VNĐ. Hóa đơn trùng lặp giữa các thư mục đã được gộp thành 1.
A4: Tháng | B4: Nhóm công trình | C4: Thư mục gốc | D4: Nhà cung cấp | E4: MST NCC | F4: Số HĐ | G4: Ngày HĐ | H4: Tên hàng / dịch vụ | I4: ĐVT | J4: SL | K4: Đơn giá | L4: Thành tiền (trước thuế) | M4: Thuế suất | N4: Tiền thuế | O4: Đầu mục chi phí | P4: Tính CP? | Q4: Ghi chú
A5: 7 | B5: AEON – Golden Sea (GS) | C5: Tháng 7/AEON MALL/DCA/VÀO | D5: Cty TNHH Vận tải SQS Thiên Ân | E5: 0315394453 | F5: 1039 | G5: 24/07/2026 | H5: Cước vận chuyển hàng TP.HCM đi Thanh Hóa | I5: chuyến | J5: 1 | K5: 2000000 | L5: 2000000 | M5: 0.08 | N5: =ROUND(L5*M5,0) | O5: Vận chuyển | P5: Có
A6: 7 | B6: AEON – Golden Sea (GS) | C6: Tháng 7/AEON MALL/DCA/VÀO | D6: CTCP Tập đoàn An Phú Cường | E6: 2802583021 | F6: 00000958 | G6: 23/07/2026 | H6: Chỉ PVC 455/LK4585 23x0.8mm | I6: m | J6: 300 | K6: 5600 | L6: 1680000 | M6: 0.08 | N6: =ROUND(L6*M6,0) | O6: Chỉ/nẹp PVC | P6: Có | Q6: HĐ này nằm cả ở thư mục Tháng 7 và Tháng 8 – chỉ tính 1 lần
A7: 7 | B7: AEON – Golden Sea (GS) | C7: Tháng 7/AEON MALL/DCA/VÀO | D7: CTCP Tập đoàn An Phú Cường | E7: 2802583021 | F7: 00000958 | G7: 23/07/2026 | H7: Ván MELMDF 455NWG 1220x2440x9mm | I7: tấm | J7: 36 | K7: 590000 | L7: 21240000 | M7: 0.08 | N7: =ROUND(L7*M7,0) | O7: Ván MDF/Melamine & tấm bề mặt | P7: Có
A8: 8 | B8: AEON – Golden Sea (GS) | C8: Tháng 8/AEON MALL/DCA/VÀO | D8: CTCP Tập đoàn An Phú Cường | E8: 2802583021 | F8: 00001026 | G8: 06/08/2026 | H8: Chỉ PVC 455/LK4585 23x0.8mm | I8: m | J8: 400 | K8: 5600 | L8: 2240000 | M8: 0.08 | N8: =ROUND(L8*M8,0) | O8: Chỉ/nẹp PVC | P8: Có
A9: 8 | B9: AEON – Golden Sea (GS) | C9: Tháng 8/AEON MALL/DCA/VÀO | D9: CTCP Tập đoàn An Phú Cường | E9: 2802583021 | F9: 00001026 | G9: 06/08/2026 | H9: Ván MELMDF 455NWG 1220x2440x9mm | I9: tấm | J9: 11 | K9: 590000 | L9: 6490000 | M9: 0.08 | N9: =ROUND(L9*M9,0) | O9: Ván MDF/Melamine & tấm bề mặt | P9: Có
A10: 8 | B10: AEON – Golden Sea (GS) | C10: Tháng 8/AEON MALL/DCA/VÀO | D10: CTCP Tập đoàn An Phú Cường | E10: 2802583021 | F10: 00001030 | G10: 07/08/2026 | H10: Chỉ PVC 455/LK4585 23x0.8mm | I10: m | J10: 50 | K10: 6400 | L10: 320000 | M10: 0.08 | N10: =ROUND(L10*M10,0) | O10: Chỉ/nẹp PVC | P10: Có
A11: 8 | B11: AEON – Golden Sea (GS) | C11: Tháng 8/AEON MALL/DCA/VÀO | D11: CTCP Tập đoàn An Phú Cường | E11: 2802583021 | F11: 00001030 | G11: 07/08/2026 | H11: Chỉ PVC 9223 21x0.8mm | I11: m | J11: 100 | K11: 3200 | L11: 320000 | M11: 0.08 | N11: =ROUND(L11*M11,0) | O11: Chỉ/nẹp PVC | P11: Có
A12: 8 | B12: AEON – Golden Sea (GS) | C12: Tháng 8/AEON MALL/DCA/VÀO | D12: CTCP Tập đoàn An Phú Cường | E12: 2802583021 | F12: 00001030 | G12: 07/08/2026 | H12: Chỉ PVC 9223 23x0.8mm | I12: m | J12: 100 | K12: 3700 | L12: 370000 | M12: 0.08 | N12: =ROUND(L12*M12,0) | O12: Chỉ/nẹp PVC | P12: Có
A13: 8 | B13: AEON – Golden Sea (GS) | C13: Tháng 8/AEON MALL/DCA/VÀO | D13: CTCP Tập đoàn An Phú Cường | E13: 2802583021 | F13: 00001030 | G13: 07/08/2026 | H13: Ván MELMDF 9223NV 1220x2440x17mm | I13: tấm | J13: 6 | K13: 810000 | L13: 4860000 | M13: 0.08 | N13: =ROUND(L13*M13,0) | O13: Ván MDF/Melamine & tấm bề mặt | P13: Có
A14: 8 | B14: AEON – Golden Sea (GS) | C14: Tháng 8/AEON MALL/DCA/VÀO | D14: CTCP Tập đoàn An Phú Cường | E14: 2802583021 | F14: 00001042 | G14: 10/08/2026 | H14: Chỉ PVC 455/LK4585 23x0.8mm | I14: m | J14: 100 | K14: 5600 | L14: 560000 | M14: 0.08 | N14: =ROUND(L14*M14,0) | O14: Chỉ/nẹp PVC | P14: Có
A15: 8 | B15: AEON – Golden Sea (GS) | C15: Tháng 8/AEON MALL/DCA/VÀO | D15: CTCP Tập đoàn An Phú Cường | E15: 2802583021 | F15: 00001046 | G15: 13/08/2026 | H15: MELMDF 455NWG 1220x2440x17mm | I15: tấm | J15: 5 | K15: 815000 | L15: 4075000 | M15: 0.08 | N15: =ROUND(L15*M15,0) | O15: Ván MDF/Melamine & tấm bề mặt | P15: Có
A16: 8 | B16: AEON – Golden Sea (GS) | C16: Tháng 8/AEON MALL/DCA/VÀO | D16: CTCP Tập đoàn An Phú Cường | E16: 2802583021 | F16: 00001066 | G16: 19/08/2026 | H16: Chỉ PVC 455/LK4585 23x0.8mm | I16: m | J16: 100 | K16: 5600 | L16: 560000 | M16: 0.08 | N16: =ROUND(L16*M16,0) | O16: Chỉ/nẹp PVC | P16: Có
A17: 8 | B17: AEON – Golden Sea (GS) | C17: Tháng 8/AEON MALL/DCA/VÀO | D17: CTCP Tập đoàn An Phú Cường | E17: 2802583021 | F17: 00001098 | G17: 25/08/2026 | H17: Tấm bề mặt LK 4450A WG 1220x2440mm | I17: tấm | J17: 2 | K17: 480000 | L17: 960000 | M17: 0.08 | N17: =ROUND(L17*M17,0) | O17: Ván MDF/Melamine & tấm bề mặt | P17: Có
A18: 8 | B18: AEON – Golden Sea (GS) | C18: Tháng 8/AEON MALL/DCA/VÀO | D18: CTCP Tập đoàn An Phú Cường | E18: 2802583021 | F18: 00001098 | G18: 25/08/2026 | H18: Tấm bề mặt LK 5006A SO 1220x2440mm | I18: tấm | J18: 2 | K18: 480000 | L18: 960000 | M18: 0.08 | N18: =ROUND(L18*M18,0) | O18: Ván MDF/Melamine & tấm bề mặt | P18: Có
... A23: 8 | B23: AEON – Golden Sea (GS) | C23: Tháng 8/AEON MALL/DCA/VÀO | D23: Cty TNHH Thanh Thùy | E23: 3700650344 | F23: 00010949 | G23: 31/08/2026 | H23: Chỉ nhựa PVC 21x0.8mm | I23: m | J23: 400 | K23: 1150 | L23: 460000 | M23: 0.08 | N23: =ROUND(L23*M23,0) | O23: Chỉ/nẹp PVC | P23: Có
A24: 8 | B24: AEON – Golden Sea (GS) | C24: Tháng 8/AEON MALL/DCA/VÀO | D24: Cty TNHH VT TM DV Phượng Hoàng | E24: 0305689070 | F24: 00004813 | G24: 28/08/2026 | H24: Cước vận chuyển hàng TP.HCM đi Thanh Hóa (xe 89E-00535) | I24: chuyến | J24: 1 | K24: 791667 | L24: 791667 | M24: 0.08 | N24: =ROUND(L24*M24,0) | O24: Vận chuyển | P24: Có | Q24: HĐ có 3 bản sao ở thư mục Tháng 8 (2 bản) và Tháng 9/GS (1 bản) – chỉ tính 1 lần
A25: 9 | B25: AEON – Golden Sea (GS) | C25: Tháng 9/AEON/GS/VÀO | D25: Cty TNHH Vận tải TM DV Phượng Hoàng | E25: 0305689070 | F25: 00005001 | G25: 05/09/2026 | H25: Cước vận chuyển hàng TP.HCM đi Thanh Hóa (xe 89C-09217) | I25: chuyến | J25: 1 | K25: 625000 | L25: 625000 | M25: 0.08 | N25: =ROUND(L25*M25,0) | O25: Vận chuyển | P25: Có
A26: 9 | B26: AEON – Golden Sea (GS) | C26: Tháng 9/AEON/GS/VÀO | D26: Cty TNHH SX & TM Kim Mộc | E26: 2803198054 | F26: 210 | G26: 10/09/2026 | H26: TPG MDF HMR SP Premium E1 17x1220x2440 216-MN | I26: tấm | J26: 37 | K26: 420395.81 | L26: 15554645 | M26: 0.08 | N26: =ROUND(L26*M26,0) | O26: Ván MDF/Melamine & tấm bề mặt | P26: Có
A27: 9 | B27: AEON – Golden Sea (GS) | C27: Tháng 9/AEON/GS/VÀO | D27: Cty TNHH SX & TM Kim Mộc | E27: 2803198054 | F27: 210 | G27: 10/09/2026 | H27: TPG Ván MDF chống ẩm E1 9mm 1138-MN | I27: tấm | J27: 28 | K27: 312618.76 | L27: 8753325 | M27: 0.08 | N27: =ROUND(L27*M27,0) | O27: Ván MDF/Melamine & tấm bề mặt | P27: Có
A28: 9 | B28: AEON – Golden Sea (GS) | C28: Tháng 9/AEON/GS/VÀO | D28: Cty TNHH SX & TM Kim Mộc | E28: 2803198054 | F28: 210 | G28: 10/09/2026 | H28: MDF HMR Premium E2 17x1220x2440 | I28: tấm | J28: 30 | K28: 283264.42 | L28: 8497933 | M28: 0.08 | N28: =ROUND(L28*M28,0) | O28: Ván MDF/Melamine & tấm bề mặt | P28: Có
A29: 9 | B29: AEON – Golden Sea (GS) | C29: Tháng 9/AEON/GS/VÀO | D29: Cty TNHH SX & TM Kim Mộc | E29: 2803198054 | F29: 210 | G29: 10/09/2026 | H29: MDF HMR Premium E2 9x1220x2440 | I29: tấm | J29: 40 | K29: 156441.91 | L29: 6257676 | M29: 0.08 | N29: =ROUND(L29*M29,0) | O29: Ván MDF/Melamine & tấm bề mặt | P29: Có
A30: 9 | B30: AEON – Golden Sea (GS) | C30: Tháng 9/AEON/GS/VÀO | D30: Cty TNHH SX & TM Kim Mộc | E30: 2803198054 | F30: 210 | G30: 10/09/2026 | H30: Nẹp PVC vân gỗ 1x21x90mm | I30: cuộn | J30: 21 | K30: 87652.64 | L30: 1840705 | M30: 0.08 | N30: =ROUND(L30*M30,0) | O30: Chỉ/nẹp PVC | P30: Có
A31: 9 | B31: AEON – Golden Sea (GS) | C31: Tháng 9/AEON/GS/VÀO | D31: Cty TNHH SX & TM Kim Mộc | E31: 2803198054 | F31: 210 | G31: 10/09/2026 | H31: Nẹp PVC vân gỗ 1x44x90mm | I31: cuộn | J31: 10 | K31: 174293.79 | L31: 1742938 | M31: 0.08 | N31: =ROUND(L31*M31,0) | O31: Chỉ/nẹp PVC | P31: Có
A32: 9 | B32: AEON – Golden Sea (GS) | C32: Tháng 9/AEON/GS/VÀO | D32: Cty TNHH Hoàng Hưng Pro | E32: 2802454435 | F32: 00004830 | G32: 08/09/2026 | H32: Mica TQ 1220x2440x4.8mm | I32: tấm | J32: 1 | K32: 663889 | L32: 663889 | M32: 0.08 | N32: =ROUND(L32*M32,0) | O32: Mica, nhựa, keo & vật tư phụ | P32: Có
A33: 9 | B33: AEON – Golden Sea (GS) | C33: Tháng 9/AEON/GS/VÀO | D33: Cty TNHH Hoàng Hưng Pro | E33: 2802454435 | F33: 00004830 | G33: 08/09/2026 | H33: Mica FS000 1220x2440x4.8mm | I33: tấm | J33: 1 | K33: 1467593 | L33: 1467593 | M33: 0.08 | N33: =ROUND(L33*M33,0) | O33: Mica, nhựa, keo & vật tư phụ | P33: Có
A34: 9 | B34: AEON – Golden Sea (GS) | C34: Tháng 9/AEON/GS/VÀO | D34: Cty TNHH Hoàng Hưng Pro | E34: 2802454435 | F34: 00004830 | G34: 08/09/2026 | H34: Tấm PVC CNC 1220x2440x8mm | I34: tấm | J34: 2 | K34: 361111 | L34: 722222 | M34: 0.08 | N34: =ROUND(L34*M34,0) | O34: Mica, nhựa, keo & vật tư phụ | P34: Có
A35: 9 | B35: AEON – Golden Sea (GS) | C35: Tháng 9/AEON/GS/VÀO | D35: Cty TNHH Hoàng Hưng Pro | E35: 2802454435 | F35: 00004830 | G35: 08/09/2026 | H35: Keo silicon Apollo Sealant A500 | I35: chai | J35: 4 | K35: 46296.25 | L35: 185185 | M35: 0.08 | N35: =ROUND(L35*M35,0) | O35: Mica, nhựa, keo & vật tư phụ | P35: Có
A36: 9 | B36: AEON – Golden Sea (GS) | C36: Tháng 9/AEON/GS/VÀO | D36: Cty TNHH Hoàng Hưng Pro | E36: 2802454435 | F36: 00004871 | G36: 09/09/2026 | H36: Mica TQ 1220x2440x4.8mm | I36: tấm | J36: 1 | K36: 663889 | L36: 663889 | M36: 0.08 | N36: =ROUND(L36*M36,0) | O36: Mica, nhựa, keo & vật tư phụ | P36: Có
... A43: 9 | B43: Moly (Hua Long) | C43: Tháng 9/MOLY/VÀO | D43: Cty TNHH SX – TM Đông Á | E43: 2801613442 | F43: 00012909 | G43: 16/09/2026 | H43: Tủ mát Sanaky VH6009HP | I43: cái | J43: 1 | K43: 15324074 | L43: 15324074 | M43: 0.08 | N43: =ROUND(L43*M43,0) | O43: Hàng hóa mua bán (thiết bị) | P43: Có
H44: TỔNG CỘNG (tất cả dòng) | L44: =SUM(L5:L43) | N44: =SUM(N5:N43)
H45: Trong đó tính vào chi phí | L45: =SUMIFS(L5:L43,P5:P43,"Có") | N45: =SUMIFS(N5:N43,P5:P43,"Có")

Sheet Đối chiếu HĐ
A1: ĐỐI CHIẾU: tổng các dòng đã nhập với số liệu trên từng hóa đơn gốc
A3: Loại | B3: Số HĐ | C3: Nhà cung cấp / Khách hàng | D3: Trước thuế (HĐ gốc) | E3: Tiền thuế (HĐ gốc) | F3: Tổng thanh toán (HĐ gốc) | G3: Trước thuế (tổng dòng) | H3: Chênh lệch trước thuế
A4: Mua vào | B4: 1039 | C4: Cty TNHH Vận tải SQS Thiên Ân | D4: 2000000 | E4: 160000 | F4: 2160000 | G4: =SUMIFS('Chi phí'!$L$5:$L$43,'Chi phí'!$F$5:$F$43,B4) | H4: =G4-D4
A5: Mua vào | B5: 00000958 | C5: CTCP Tập đoàn An Phú Cường | D5: 22920000 | E5: 1833600 | F5: 24753600 | G5: =SUMIFS('Chi phí'!$L$5:$L$43,'Chi phí'!$F$5:$F$43,B5) | H5: =G5-D5
A6: Mua vào | B6: 00001026 | C6: CTCP Tập đoàn An Phú Cường | D6: 8730000 | E6: 698400 | F6: 9428400 | G6: =SUMIFS('Chi phí'!$L$5:$L$43,'Chi phí'!$F$5:$F$43,B6) | H6: =G6-D6
A7: Mua vào | B7: 00001030 | C7: CTCP Tập đoàn An Phú Cường | D7: 5870000 | E7: 469600 | F7: 6339600 | G7: =SUMIFS('Chi phí'!$L$5:$L$43,'Chi phí'!$F$5:$F$43,B7) | H7: =G7-D7
A8: Mua vào | B8: 00001042 | C8: CTCP Tập đoàn An Phú Cường | D8: 560000 | E8: 44800 | F8: 604800 | G8: =SUMIFS('Chi phí'!$L$5:$L$43,'Chi phí'!$F$5:$F$43,B8) | H8: =G8-D8
A9: Mua vào | B9: 00001046 | C9: CTCP Tập đoàn An Phú Cường | D9: 4075000 | E9: 326000 | F9: 4401000 | G9: =SUMIFS('Chi phí'!$L$5:$L$43,'Chi phí'!$F$5:$F$43,B9) | H9: =G9-D9
A10: Mua vào | B10: 00001066 | C10: CTCP Tập đoàn An Phú Cường | D10: 560000 | E10: 44800 | F10: 604800 | G10: =SUMIFS('Chi phí'!$L$5:$L$43,'Chi phí'!$F$5:$F$43,B10) | H10: =G10-D10
A11: Mua vào | B11: 00001098 | C11: CTCP Tập đoàn An Phú Cường | D11: 2880000 | E11: 230400 | F11: 3110400 | G11: =SUMIFS('Chi phí'!$L$5:$L$43,'Chi phí'!$F$5:$F$43,B11) | H11: =G11-D11
A12: Mua vào | B12: 00001102 | C12: CTCP Tập đoàn An Phú Cường | D12: 370000 | E12: 29600 | F12: 399600 | G12: =SUMIFS('Chi phí'!$L$5:$L$43,'Chi phí'!$F$5:$F$43,B12) | H12: =G12-D12
A13: Mua vào | B13: 00010949 | C13: Cty TNHH Thanh Thùy | D13: 2952000 | E13: 236160 | F13: 3188160 | G13: =SUMIFS('Chi phí'!$L$5:$L$43,'Chi phí'!$F$5:$F$43,B13) | H13: =G13-D13
A14: Mua vào | B14: 00004813 | C14: Cty TNHH VT TM DV Phượng Hoàng | D14: 791667 | E14: 63333 | F14: 855000 | G14: =SUMIFS('Chi phí'!$L$5:$L$43,'Chi phí'!$F$5:$F$43,B14) | H14: =G14-D14
A15: Mua vào | B15: 00005001 | C15: Cty TNHH Vận tải TM DV Phượng Hoàng | D15: 625000 | E15: 50000 | F15: 675000 | G15: =SUMIFS('Chi phí'!$L$5:$L$43,'Chi phí'!$F$5:$F$43,B15) | H15: =G15-D15
... A24: Mua vào | B24: 00012909 | C24: Cty TNHH SX – TM Đông Á | D24: 15324074 | E24: 1225926 | F24: 16550000 | G24: =SUMIFS('Chi phí'!$L$5:$L$43,'Chi phí'!$F$5:$F$43,B24) | H24: =G24-D24
A25: Bán ra | B25: 10 | C25: CTCP Smart Shopping Thanh Hóa | D25: 6018519 | E25: 481481 | F25: 6500000 | G25: =SUMIFS('Doanh thu'!$L$5:$L$14,'Doanh thu'!$E$5:$E$14,B25) | H25: =G25-D25
A26: Bán ra | B26: 12 | C26: Cty TNHH XD & DV TM Taco | D26: 26784900 | E26: 2142792 | F26: 28927692 | G26: =SUMIFS('Doanh thu'!$L$5:$L$14,'Doanh thu'!$E$5:$E$14,B26) | H26: =G26-D26
A27: Bán ra | B27: 15 | C27: Cty TNHH XD & TM ICO | D27: 10466182 | E27: 1046618 | F27: 11512800 | G27: =SUMIFS('Doanh thu'!$L$5:$L$14,'Doanh thu'!$E$5:$E$14,B27) | H27: =G27-D27
A28: Bán ra | B28: 14 | C28: Cty TNHH ĐT TM DV Golden Sea | D28: 295887500 | E28: 23671000 | F28: 319558500 | G28: =SUMIFS('Doanh thu'!$L$5:$L$14,'Doanh thu'!$E$5:$E$14,B28) | H28: =G28-D28
A29: Bán ra | B29: 16 | C29: Cty TNHH Hua Long Moly Việt Nam | D29: 17731481 | E29: 1418519 | F29: 19150000 | G29: =SUMIFS('Doanh thu'!$L$5:$L$14,'Doanh thu'!$E$5:$E$14,B29) | H29: =G29-D29
A31: Chênh lệch ≤ 2 đồng là do làm tròn trên hóa đơn gốc.

Sheet Cần xác nhận
A1: CÁC ĐIỂM CẦN CHỊ XÁC NHẬN
A3: # | B3: Vấn đề | C3: Chi tiết | D3: Em đã xử lý thế nào
A4: 1 | B4: Đã loại hóa đơn không phải của Hưng Mộc | C4: HĐ An Phú Cường số 00001099 (26/08/2026, 8.611.364 trước thuế) có người mua là Golden Sea (MST 0314291494), không phải Hưng Mộc. Đã kiểm tra 24 HĐ mua vào còn lại, tất cả đứng tên Hưng Mộc (MST 2803104433). | D4: Đã loại hẳn khỏi sheet Chi phí và Tổng hợp.
A5: 2 | B5: Doanh thu GS lệch bảng quyết toán đợt 1 | C5: HĐ số 14 xuất 295.887.500, còn bảng quyết toán đợt 1 (HĐ 1707) cộng được 295.697.500. Lệch 190.000. | D5: Em lấy theo hóa đơn đã xuất (295.887.500). Chị kiểm tra lại cho khớp bảng quyết toán.
A6: 3 | B6: Chi phí của GS đang vượt xa doanh thu đã xuất | C6: Quý III mới xuất HĐ đợt 1 (70%) của HĐ nội thất 1707 (giá trị HĐ 422.425.000 trước thuế). Các hợp đồng còn lại với GS: Solid Surface 0708 (493.473.315 gồm VAT), khung sắt + Aeon Bike 2908 (85.968.000 gồm VAT), phát sinh vách (58.428.000 gồm VAT) chưa có HĐ bán ra trong hồ sơ, trong khi vật tư đã mua. | D6: Em chỉ ghi nhận doanh thu theo hóa đơn bán ra. Con số lãi gộp của GS vì vậy chưa phản ánh đúng lợi nhuận cả công trình.
A7: 4 | B7: Chi phí nhóm Thống không có hóa đơn thép hộp | C7: HĐ bán cho ICO là thép hộp mạ kẽm (10.466.182) nhưng thư mục mua vào chỉ có kính và nhôm. Chi phí kính/nhôm (61.3 triệu) lớn hơn doanh thu Taco + ICO xuất trong quý (37.3 triệu); các HĐKT Taco–Tianlong (25.398.360), ICO–Udon (5.076.000), ICO–Semba giường (15.876.000) chưa thấy HĐ bán ra. | D7: Em gộp Taco + ICO thành một nhóm vì thư mục mua vào là chung (THỐNG), chưa tách được chi phí riêng cho từng khách. Chị cho em biết nếu cần tách.
A8: 5 | B8: Thư mục 'DCA' tháng 7, 8 | C8: Em hiểu đây là chi phí vật tư của công trình AEON làm cho Golden Sea (cùng loại ván melamine, chỉ PVC) và gộp với thư mục AEON/GS tháng 9. | D8: Gộp chung thành nhóm 'AEON – Golden Sea (GS)'. Cột 'Thư mục gốc' ở sheet Chi phí vẫn giữ nguyên để chị lọc lại.
A9: 6 | B9: Hóa đơn trùng lặp giữa các thư mục | C9: HĐ An Phú Cường 00000958 có ở tháng 7 và tháng 8; HĐ Phượng Hoàng 00004813 có 3 bản (2 bản tháng 8, 1 bản tháng 9/GS). | D9: Chỉ tính 1 lần mỗi hóa đơn.
A10: 7 | B10: SSTH (Smart Shopping) chưa có chi phí | C10: Chỉ có HĐ bán số 10 (6.018.519) và không có HĐ mua vào nào trong thư mục. | D10: Chi phí để trống, lãi gộp = doanh thu. Chị bổ sung hóa đơn nếu có.
A11: 8 | B11: HĐ bán số 13 (ICO) đã thay thế | C11: Biên bản thay thế ghi HĐ số 13 (14/09) sai tên hàng, thay bằng HĐ số 15. Không có file HĐ 13. | D11: Chỉ tính HĐ số 15.
A12: 9 | B12: Tên hàng trên HĐ vận chuyển/kính | C12: Các HĐ vận chuyển (SQS Thiên Ân, Phượng Hoàng) không ghi rõ công trình; em xếp theo thư mục chứa file. | D12: Chị kiểm tra lại nếu cùng chuyến xe chở hàng cho nhiều công trình.
