Workbook

Sheet TỔNG HỢP
A1: TỔNG HỢP CÔNG NỢ KHÁCH HÀNG
A2: Số dương = khách còn nợ công ty; số âm (đỏ) = công ty đang nợ lại khách (khách trả dư). Tất cả số liệu tự tính từ CHI TIẾT HÀNG, THANH TOÁN và SỔ CÔNG NỢ.
A4: KHÁCH CÒN NỢ CÔNG TY | D4: CÔNG TY NỢ LẠI KHÁCH | G4: SỐ KHÁCH ĐANG NỢ | J4: PHÁT SINH SAU CK (TẤT CẢ KỲ)
A5: =SUMIF(J9:J20,">0") -> 33198983 | D5: =-SUMIF(J9:J20,"<0") -> 112500 | G5: =COUNTIF(J9:J20,">0") -> 2 | J5: =SUM(G9:G20) -> 113969593
A7: ▶ CÔNG NỢ TỪNG KHÁCH
A8: STT | B8: Khách hàng | C8: Biên bản gần nhất | D8: Nợ đầu kỳ (kỳ đầu tiên) | E8: Phát sinh (giá gốc) | F8: Tiền chiết khấu | G8: Phát sinh sau CK | H8: Hàng trả lại sau CK | I8: Đã thanh toán | J8: NỢ HIỆN TẠI | K8: Tình trạng | L8: Lưu ý
A9: =IF($B9="","",ROW()-8) -> 1 | B9: Hiền Xuân | C9: =IF($B9="","",_xlfn.MAXIFS('SỔ CÔNG NỢ'!$B$5:$B$51,'SỔ CÔNG NỢ'!$A$5:$A$51,$B9)) -> 46204 | D9: =IF($B9="","",SUMIFS('SỔ CÔNG NỢ'!$C$5:$C$51,'SỔ CÔNG NỢ'!$A$5:$A$51,$B9,'SỔ CÔNG NỢ'!$B$5:$B$51,_xlfn.MINIFS('SỔ CÔNG NỢ'!$B$5:$B$51,'SỔ CÔNG NỢ'!$A$5:$A$51,$B9))) -> 63600 | E9: =IF($B9="","",SUMIFS('SỔ CÔNG NỢ'!$D$5:$D$51,'SỔ CÔNG NỢ'!$A$5:$A$51,$B9)) -> 83852350 | F9: =IF($B9="","",SUMIFS('SỔ CÔNG NỢ'!$F$5:$F$51,'SỔ CÔNG NỢ'!$A$5:$A$51,$B9)) -> 51988457 | G9: =IF($B9="","",SUMIFS('SỔ CÔNG NỢ'!$G$5:$G$51,'SỔ CÔNG NỢ'!$A$5:$A$51,$B9)) -> 31863893 | H9: =IF($B9="","",SUMIFS('SỔ CÔNG NỢ'!$I$5:$I$51,'SỔ CÔNG NỢ'!$A$5:$A$51,$B9)) -> 1746860 | I9: =IF($B9="","",SUMIFS('SỔ CÔNG NỢ'!$K$5:$K$51,'SỔ CÔNG NỢ'!$A$5:$A$51,$B9)) -> 30060000 | J9: =IF($B9="","",SUMIFS('SỔ CÔNG NỢ'!$L$5:$L$51,'SỔ CÔNG NỢ'!$A$5:$A$51,$B9,'SỔ CÔNG NỢ'!$B$5:$B$51,C9)) -> 120633 | K9: =IF($B9="","",IF(J9>0,"Khách còn nợ",IF(J9<0,"Công ty nợ khách","Hết nợ"))) -> Khách còn nợ | L9: =IF($B9="","",IF(C9<MAX('SỔ CÔNG NỢ'!$B$5:$B$51),"⚠ Chưa có biên bản sau tháng "&TEXT(C9,"mm/yyyy")&" (sổ có đến "&TEXT(MAX('SỔ CÔNG NỢ'!$B$5:$B$51),"mm/yyyy")&")","")) -> ⚠ Chưa có biên bản sau tháng 07/2026 (sổ có đến 09/2026)
A10: =IF($B10="","",ROW()-8) -> 2 | B10: Hòa Hiệp | C10: =IF($B10="","",_xlfn.MAXIFS('SỔ CÔNG NỢ'!$B$5:$B$51,'SỔ CÔNG NỢ'!$A$5:$A$51,$B10)) -> 46174 | D10: =IF($B10="","",SUMIFS('SỔ CÔNG NỢ'!$C$5:$C$51,'SỔ CÔNG NỢ'!$A$5:$A$51,$B10,'SỔ CÔNG NỢ'!$B$5:$B$51,_xlfn.MINIFS('SỔ CÔNG NỢ'!$B$5:$B$51,'SỔ CÔNG NỢ'!$A$5:$A$51,$B10))) -> 0 | E10: =IF($B10="","",SUMIFS('SỔ CÔNG NỢ'!$D$5:$D$51,'SỔ CÔNG NỢ'!$A$5:$A$51,$B10)) -> 3750000 | F10: =IF($B10="","",SUMIFS('SỔ CÔNG NỢ'!$F$5:$F$51,'SỔ CÔNG NỢ'!$A$5:$A$51,$B10)) -> 2362500 | G10: =IF($B10="","",SUMIFS('SỔ CÔNG NỢ'!$G$5:$G$51,'SỔ CÔNG NỢ'!$A$5:$A$51,$B10)) -> 1387500 | H10: =IF($B10="","",SUMIFS('SỔ CÔNG NỢ'!$I$5:$I$51,'SỔ CÔNG NỢ'!$A$5:$A$51,$B10)) -> 0 | I10: =IF($B10="","",SUMIFS('SỔ CÔNG NỢ'!$K$5:$K$51,'SỔ CÔNG NỢ'!$A$5:$A$51,$B10)) -> 1500000 | J10: =IF($B10="","",SUMIFS('SỔ CÔNG NỢ'!$L$5:$L$51,'SỔ CÔNG NỢ'!$A$5:$A$51,$B10,'SỔ CÔNG NỢ'!$B$5:$B$51,C10)) -> -112500 | K10: =IF($B10="","",IF(J10>0,"Khách còn nợ",IF(J10<0,"Công ty nợ khách","Hết nợ"))) -> Công ty nợ khách | L10: =IF($B10="","",IF(C10<MAX('SỔ CÔNG NỢ'!$B$5:$B$51),"⚠ Chưa có biên bản sau tháng "&TEXT(C10,"mm/yyyy")&" (sổ có đến "&TEXT(MAX('SỔ CÔNG NỢ'!$B$5:$B$51),"mm/yyyy")&")","")) -> ⚠ Chưa có biên bản sau tháng 06/2026 (sổ có đến 09/2026)
A11: =IF($B11="","",ROW()-8) -> 3 | B11: Hà Liên | C11: =IF($B11="","",_xlfn.MAXIFS('SỔ CÔNG NỢ'!$B$5:$B$51,'SỔ CÔNG NỢ'!$A$5:$A$51,$B11)) -> 46266 | D11: =IF($B11="","",SUMIFS('SỔ CÔNG NỢ'!$C$5:$C$51,'SỔ CÔNG NỢ'!$A$5:$A$51,$B11,'SỔ CÔNG NỢ'!$B$5:$B$51,_xlfn.MINIFS('SỔ CÔNG NỢ'!$B$5:$B$51,'SỔ CÔNG NỢ'!$A$5:$A$51,$B11))) -> 890150 | E11: =IF($B11="","",SUMIFS('SỔ CÔNG NỢ'!$D$5:$D$51,'SỔ CÔNG NỢ'!$A$5:$A$51,$B11)) -> 201795500 | F11: =IF($B11="","",SUMIFS('SỔ CÔNG NỢ'!$F$5:$F$51,'SỔ CÔNG NỢ'!$A$5:$A$51,$B11)) -> 121077300 | G11: =IF($B11="","",SUMIFS('SỔ CÔNG NỢ'!$G$5:$G$51,'SỔ CÔNG NỢ'!$A$5:$A$51,$B11)) -> 80718200 | H11: =IF($B11="","",SUMIFS('SỔ CÔNG NỢ'!$I$5:$I$51,'SỔ CÔNG NỢ'!$A$5:$A$51,$B11)) -> 0 | I11: =IF($B11="","",SUMIFS('SỔ CÔNG NỢ'!$K$5:$K$51,'SỔ CÔNG NỢ'!$A$5:$A$51,$B11)) -> 48530000 | J11: =IF($B11="","",SUMIFS('SỔ CÔNG NỢ'!$L$5:$L$51,'SỔ CÔNG NỢ'!$A$5:$A$51,$B11,'SỔ CÔNG NỢ'!$B$5:$B$51,C11)) -> 33078350 | K11: =IF($B11="","",IF(J11>0,"Khách còn nợ",IF(J11<0,"Công ty nợ khách","Hết nợ"))) -> Khách còn nợ | L11: =IF($B11="","",IF(C11<MAX('SỔ CÔNG NỢ'!$B$5:$B$51),"⚠ Chưa có biên bản sau tháng "&TEXT(C11,"mm/yyyy")&" (sổ có đến "&TEXT(MAX('SỔ CÔNG NỢ'!$B$5:$B$51),"mm/yyyy")&")",""))
A12: =IF($B12="","",ROW()-8) | C12: =IF($B12="","",_xlfn.MAXIFS('SỔ CÔNG NỢ'!$B$5:$B$51,'SỔ CÔNG NỢ'!$A$5:$A$51,$B12)) | D12: =IF($B12="","",SUMIFS('SỔ CÔNG NỢ'!$C$5:$C$51,'SỔ CÔNG NỢ'!$A$5:$A$51,$B12,'SỔ CÔNG NỢ'!$B$5:$B$51,_xlfn.MINIFS('SỔ CÔNG NỢ'!$B$5:$B$51,'SỔ CÔNG NỢ'!$A$5:$A$51,$B12))) | E12: =IF($B12="","",SUMIFS('SỔ CÔNG NỢ'!$D$5:$D$51,'SỔ CÔNG NỢ'!$A$5:$A$51,$B12)) | F12: =IF($B12="","",SUMIFS('SỔ CÔNG NỢ'!$F$5:$F$51,'SỔ CÔNG NỢ'!$A$5:$A$51,$B12)) | G12: =IF($B12="","",SUMIFS('SỔ CÔNG NỢ'!$G$5:$G$51,'SỔ CÔNG NỢ'!$A$5:$A$51,$B12)) | H12: =IF($B12="","",SUMIFS('SỔ CÔNG NỢ'!$I$5:$I$51,'SỔ CÔNG NỢ'!$A$5:$A$51,$B12)) | I12: =IF($B12="","",SUMIFS('SỔ CÔNG NỢ'!$K$5:$K$51,'SỔ CÔNG NỢ'!$A$5:$A$51,$B12)) | J12: =IF($B12="","",SUMIFS('SỔ CÔNG NỢ'!$L$5:$L$51,'SỔ CÔNG NỢ'!$A$5:$A$51,$B12,'SỔ CÔNG NỢ'!$B$5:$B$51,C12)) | K12: =IF($B12="","",IF(J12>0,"Khách còn nợ",IF(J12<0,"Công ty nợ khách","Hết nợ"))) | L12: =IF($B12="","",IF(C12<MAX('SỔ CÔNG NỢ'!$B$5:$B$51),"⚠ Chưa có biên bản sau tháng "&TEXT(C12,"mm/yyyy")&" (sổ có đến "&TEXT(MAX('SỔ CÔNG NỢ'!$B$5:$B$51),"mm/yyyy")&")",""))
A13: =IF($B13="","",ROW()-8) | C13: =IF($B13="","",_xlfn.MAXIFS('SỔ CÔNG NỢ'!$B$5:$B$51,'SỔ CÔNG NỢ'!$A$5:$A$51,$B13)) | D13: =IF($B13="","",SUMIFS('SỔ CÔNG NỢ'!$C$5:$C$51,'SỔ CÔNG NỢ'!$A$5:$A$51,$B13,'SỔ CÔNG NỢ'!$B$5:$B$51,_xlfn.MINIFS('SỔ CÔNG NỢ'!$B$5:$B$51,'SỔ CÔNG NỢ'!$A$5:$A$51,$B13))) | E13: =IF($B13="","",SUMIFS('SỔ CÔNG NỢ'!$D$5:$D$51,'SỔ CÔNG NỢ'!$A$5:$A$51,$B13)) | F13: =IF($B13="","",SUMIFS('SỔ CÔNG NỢ'!$F$5:$F$51,'SỔ CÔNG NỢ'!$A$5:$A$51,$B13)) | G13: =IF($B13="","",SUMIFS('SỔ CÔNG NỢ'!$G$5:$G$51,'SỔ CÔNG NỢ'!$A$5:$A$51,$B13)) | H13: =IF($B13="","",SUMIFS('SỔ CÔNG NỢ'!$I$5:$I$51,'SỔ CÔNG NỢ'!$A$5:$A$51,$B13)) | I13: =IF($B13="","",SUMIFS('SỔ CÔNG NỢ'!$K$5:$K$51,'SỔ CÔNG NỢ'!$A$5:$A$51,$B13)) | J13: =IF($B13="","",SUMIFS('SỔ CÔNG NỢ'!$L$5:$L$51,'SỔ CÔNG NỢ'!$A$5:$A$51,$B13,'SỔ CÔNG NỢ'!$B$5:$B$51,C13)) | K13: =IF($B13="","",IF(J13>0,"Khách còn nợ",IF(J13<0,"Công ty nợ khách","Hết nợ"))) | L13: =IF($B13="","",IF(C13<MAX('SỔ CÔNG NỢ'!$B$5:$B$51),"⚠ Chưa có biên bản sau tháng "&TEXT(C13,"mm/yyyy")&" (sổ có đến "&TEXT(MAX('SỔ CÔNG NỢ'!$B$5:$B$51),"mm/yyyy")&")",""))
A14: =IF($B14="","",ROW()-8) | C14: =IF($B14="","",_xlfn.MAXIFS('SỔ CÔNG NỢ'!$B$5:$B$51,'SỔ CÔNG NỢ'!$A$5:$A$51,$B14)) | D14: =IF($B14="","",SUMIFS('SỔ CÔNG NỢ'!$C$5:$C$51,'SỔ CÔNG NỢ'!$A$5:$A$51,$B14,'SỔ CÔNG NỢ'!$B$5:$B$51,_xlfn.MINIFS('SỔ CÔNG NỢ'!$B$5:$B$51,'SỔ CÔNG NỢ'!$A$5:$A$51,$B14))) | E14: =IF($B14="","",SUMIFS('SỔ CÔNG NỢ'!$D$5:$D$51,'SỔ CÔNG NỢ'!$A$5:$A$51,$B14)) | F14: =IF($B14="","",SUMIFS('SỔ CÔNG NỢ'!$F$5:$F$51,'SỔ CÔNG NỢ'!$A$5:$A$51,$B14)) | G14: =IF($B14="","",SUMIFS('SỔ CÔNG NỢ'!$G$5:$G$51,'SỔ CÔNG NỢ'!$A$5:$A$51,$B14)) | H14: =IF($B14="","",SUMIFS('SỔ CÔNG NỢ'!$I$5:$I$51,'SỔ CÔNG NỢ'!$A$5:$A$51,$B14)) | I14: =IF($B14="","",SUMIFS('SỔ CÔNG NỢ'!$K$5:$K$51,'SỔ CÔNG NỢ'!$A$5:$A$51,$B14)) | J14: =IF($B14="","",SUMIFS('SỔ CÔNG NỢ'!$L$5:$L$51,'SỔ CÔNG NỢ'!$A$5:$A$51,$B14,'SỔ CÔNG NỢ'!$B$5:$B$51,C14)) | K14: =IF($B14="","",IF(J14>0,"Khách còn nợ",IF(J14<0,"Công ty nợ khách","Hết nợ"))) | L14: =IF($B14="","",IF(C14<MAX('SỔ CÔNG NỢ'!$B$5:$B$51),"⚠ Chưa có biên bản sau tháng "&TEXT(C14,"mm/yyyy")&" (sổ có đến "&TEXT(MAX('SỔ CÔNG NỢ'!$B$5:$B$51),"mm/yyyy")&")",""))
A15: =IF($B15="","",ROW()-8) | C15: =IF($B15="","",_xlfn.MAXIFS('SỔ CÔNG NỢ'!$B$5:$B$51,'SỔ CÔNG NỢ'!$A$5:$A$51,$B15)) | D15: =IF($B15="","",SUMIFS('SỔ CÔNG NỢ'!$C$5:$C$51,'SỔ CÔNG NỢ'!$A$5:$A$51,$B15,'SỔ CÔNG NỢ'!$B$5:$B$51,_xlfn.MINIFS('SỔ CÔNG NỢ'!$B$5:$B$51,'SỔ CÔNG NỢ'!$A$5:$A$51,$B15))) | E15: =IF($B15="","",SUMIFS('SỔ CÔNG NỢ'!$D$5:$D$51,'SỔ CÔNG NỢ'!$A$5:$A$51,$B15)) | F15: =IF($B15="","",SUMIFS('SỔ CÔNG NỢ'!$F$5:$F$51,'SỔ CÔNG NỢ'!$A$5:$A$51,$B15)) | G15: =IF($B15="","",SUMIFS('SỔ CÔNG NỢ'!$G$5:$G$51,'SỔ CÔNG NỢ'!$A$5:$A$51,$B15)) | H15: =IF($B15="","",SUMIFS('SỔ CÔNG NỢ'!$I$5:$I$51,'SỔ CÔNG NỢ'!$A$5:$A$51,$B15)) | I15: =IF($B15="","",SUMIFS('SỔ CÔNG NỢ'!$K$5:$K$51,'SỔ CÔNG NỢ'!$A$5:$A$51,$B15)) | J15: =IF($B15="","",SUMIFS('SỔ CÔNG NỢ'!$L$5:$L$51,'SỔ CÔNG NỢ'!$A$5:$A$51,$B15,'SỔ CÔNG NỢ'!$B$5:$B$51,C15)) | K15: =IF($B15="","",IF(J15>0,"Khách còn nợ",IF(J15<0,"Công ty nợ khách","Hết nợ"))) | L15: =IF($B15="","",IF(C15<MAX('SỔ CÔNG NỢ'!$B$5:$B$51),"⚠ Chưa có biên bản sau tháng "&TEXT(C15,"mm/yyyy")&" (sổ có đến "&TEXT(MAX('SỔ CÔNG NỢ'!$B$5:$B$51),"mm/yyyy")&")",""))
A16: =IF($B16="","",ROW()-8) | C16: =IF($B16="","",_xlfn.MAXIFS('SỔ CÔNG NỢ'!$B$5:$B$51,'SỔ CÔNG NỢ'!$A$5:$A$51,$B16)) | D16: =IF($B16="","",SUMIFS('SỔ CÔNG NỢ'!$C$5:$C$51,'SỔ CÔNG NỢ'!$A$5:$A$51,$B16,'SỔ CÔNG NỢ'!$B$5:$B$51,_xlfn.MINIFS('SỔ CÔNG NỢ'!$B$5:$B$51,'SỔ CÔNG NỢ'!$A$5:$A$51,$B16))) | E16: =IF($B16="","",SUMIFS('SỔ CÔNG NỢ'!$D$5:$D$51,'SỔ CÔNG NỢ'!$A$5:$A$51,$B16)) | F16: =IF($B16="","",SUMIFS('SỔ CÔNG NỢ'!$F$5:$F$51,'SỔ CÔNG NỢ'!$A$5:$A$51,$B16)) | G16: =IF($B16="","",SUMIFS('SỔ CÔNG NỢ'!$G$5:$G$51,'SỔ CÔNG NỢ'!$A$5:$A$51,$B16)) | H16: =IF($B16="","",SUMIFS('SỔ CÔNG NỢ'!$I$5:$I$51,'SỔ CÔNG NỢ'!$A$5:$A$51,$B16)) | I16: =IF($B16="","",SUMIFS('SỔ CÔNG NỢ'!$K$5:$K$51,'SỔ CÔNG NỢ'!$A$5:$A$51,$B16)) | J16: =IF($B16="","",SUMIFS('SỔ CÔNG NỢ'!$L$5:$L$51,'SỔ CÔNG NỢ'!$A$5:$A$51,$B16,'SỔ CÔNG NỢ'!$B$5:$B$51,C16)) | K16: =IF($B16="","",IF(J16>0,"Khách còn nợ",IF(J16<0,"Công ty nợ khách","Hết nợ"))) | L16: =IF($B16="","",IF(C16<MAX('SỔ CÔNG NỢ'!$B$5:$B$51),"⚠ Chưa có biên bản sau tháng "&TEXT(C16,"mm/yyyy")&" (sổ có đến "&TEXT(MAX('SỔ CÔNG NỢ'!$B$5:$B$51),"mm/yyyy")&")",""))
A17: =IF($B17="","",ROW()-8) | C17: =IF($B17="","",_xlfn.MAXIFS('SỔ CÔNG NỢ'!$B$5:$B$51,'SỔ CÔNG NỢ'!$A$5:$A$51,$B17)) | D17: =IF($B17="","",SUMIFS('SỔ CÔNG NỢ'!$C$5:$C$51,'SỔ CÔNG NỢ'!$A$5:$A$51,$B17,'SỔ CÔNG NỢ'!$B$5:$B$51,_xlfn.MINIFS('SỔ CÔNG NỢ'!$B$5:$B$51,'SỔ CÔNG NỢ'!$A$5:$A$51,$B17))) | E17: =IF($B17="","",SUMIFS('SỔ CÔNG NỢ'!$D$5:$D$51,'SỔ CÔNG NỢ'!$A$5:$A$51,$B17)) | F17: =IF($B17="","",SUMIFS('SỔ CÔNG NỢ'!$F$5:$F$51,'SỔ CÔNG NỢ'!$A$5:$A$51,$B17)) | G17: =IF($B17="","",SUMIFS('SỔ CÔNG NỢ'!$G$5:$G$51,'SỔ CÔNG NỢ'!$A$5:$A$51,$B17)) | H17: =IF($B17="","",SUMIFS('SỔ CÔNG NỢ'!$I$5:$I$51,'SỔ CÔNG NỢ'!$A$5:$A$51,$B17)) | I17: =IF($B17="","",SUMIFS('SỔ CÔNG NỢ'!$K$5:$K$51,'SỔ CÔNG NỢ'!$A$5:$A$51,$B17)) | J17: =IF($B17="","",SUMIFS('SỔ CÔNG NỢ'!$L$5:$L$51,'SỔ CÔNG NỢ'!$A$5:$A$51,$B17,'SỔ CÔNG NỢ'!$B$5:$B$51,C17)) | K17: =IF($B17="","",IF(J17>0,"Khách còn nợ",IF(J17<0,"Công ty nợ khách","Hết nợ"))) | L17: =IF($B17="","",IF(C17<MAX('SỔ CÔNG NỢ'!$B$5:$B$51),"⚠ Chưa có biên bản sau tháng "&TEXT(C17,"mm/yyyy")&" (sổ có đến "&TEXT(MAX('SỔ CÔNG NỢ'!$B$5:$B$51),"mm/yyyy")&")",""))
A18: =IF($B18="","",ROW()-8) | C18: =IF($B18="","",_xlfn.MAXIFS('SỔ CÔNG NỢ'!$B$5:$B$51,'SỔ CÔNG NỢ'!$A$5:$A$51,$B18)) | D18: =IF($B18="","",SUMIFS('SỔ CÔNG NỢ'!$C$5:$C$51,'SỔ CÔNG NỢ'!$A$5:$A$51,$B18,'SỔ CÔNG NỢ'!$B$5:$B$51,_xlfn.MINIFS('SỔ CÔNG NỢ'!$B$5:$B$51,'SỔ CÔNG NỢ'!$A$5:$A$51,$B18))) | E18: =IF($B18="","",SUMIFS('SỔ CÔNG NỢ'!$D$5:$D$51,'SỔ CÔNG NỢ'!$A$5:$A$51,$B18)) | F18: =IF($B18="","",SUMIFS('SỔ CÔNG NỢ'!$F$5:$F$51,'SỔ CÔNG NỢ'!$A$5:$A$51,$B18)) | G18: =IF($B18="","",SUMIFS('SỔ CÔNG NỢ'!$G$5:$G$51,'SỔ CÔNG NỢ'!$A$5:$A$51,$B18)) | H18: =IF($B18="","",SUMIFS('SỔ CÔNG NỢ'!$I$5:$I$51,'SỔ CÔNG NỢ'!$A$5:$A$51,$B18)) | I18: =IF($B18="","",SUMIFS('SỔ CÔNG NỢ'!$K$5:$K$51,'SỔ CÔNG NỢ'!$A$5:$A$51,$B18)) | J18: =IF($B18="","",SUMIFS('SỔ CÔNG NỢ'!$L$5:$L$51,'SỔ CÔNG NỢ'!$A$5:$A$51,$B18,'SỔ CÔNG NỢ'!$B$5:$B$51,C18)) | K18: =IF($B18="","",IF(J18>0,"Khách còn nợ",IF(J18<0,"Công ty nợ khách","Hết nợ"))) | L18: =IF($B18="","",IF(C18<MAX('SỔ CÔNG NỢ'!$B$5:$B$51),"⚠ Chưa có biên bản sau tháng "&TEXT(C18,"mm/yyyy")&" (sổ có đến "&TEXT(MAX('SỔ CÔNG NỢ'!$B$5:$B$51),"mm/yyyy")&")",""))
A19: =IF($B19="","",ROW()-8) | C19: =IF($B19="","",_xlfn.MAXIFS('SỔ CÔNG NỢ'!$B$5:$B$51,'SỔ CÔNG NỢ'!$A$5:$A$51,$B19)) | D19: =IF($B19="","",SUMIFS('SỔ CÔNG NỢ'!$C$5:$C$51,'SỔ CÔNG NỢ'!$A$5:$A$51,$B19,'SỔ CÔNG NỢ'!$B$5:$B$51,_xlfn.MINIFS('SỔ CÔNG NỢ'!$B$5:$B$51,'SỔ CÔNG NỢ'!$A$5:$A$51,$B19))) | E19: =IF($B19="","",SUMIFS('SỔ CÔNG NỢ'!$D$5:$D$51,'SỔ CÔNG NỢ'!$A$5:$A$51,$B19)) | F19: =IF($B19="","",SUMIFS('SỔ CÔNG NỢ'!$F$5:$F$51,'SỔ CÔNG NỢ'!$A$5:$A$51,$B19)) | G19: =IF($B19="","",SUMIFS('SỔ CÔNG NỢ'!$G$5:$G$51,'SỔ CÔNG NỢ'!$A$5:$A$51,$B19)) | H19: =IF($B19="","",SUMIFS('SỔ CÔNG NỢ'!$I$5:$I$51,'SỔ CÔNG NỢ'!$A$5:$A$51,$B19)) | I19: =IF($B19="","",SUMIFS('SỔ CÔNG NỢ'!$K$5:$K$51,'SỔ CÔNG NỢ'!$A$5:$A$51,$B19)) | J19: =IF($B19="","",SUMIFS('SỔ CÔNG NỢ'!$L$5:$L$51,'SỔ CÔNG NỢ'!$A$5:$A$51,$B19,'SỔ CÔNG NỢ'!$B$5:$B$51,C19)) | K19: =IF($B19="","",IF(J19>0,"Khách còn nợ",IF(J19<0,"Công ty nợ khách","Hết nợ"))) | L19: =IF($B19="","",IF(C19<MAX('SỔ CÔNG NỢ'!$B$5:$B$51),"⚠ Chưa có biên bản sau tháng "&TEXT(C19,"mm/yyyy")&" (sổ có đến "&TEXT(MAX('SỔ CÔNG NỢ'!$B$5:$B$51),"mm/yyyy")&")",""))
A20: =IF($B20="","",ROW()-8) | C20: =IF($B20="","",_xlfn.MAXIFS('SỔ CÔNG NỢ'!$B$5:$B$51,'SỔ CÔNG NỢ'!$A$5:$A$51,$B20)) | D20: =IF($B20="","",SUMIFS('SỔ CÔNG NỢ'!$C$5:$C$51,'SỔ CÔNG NỢ'!$A$5:$A$51,$B20,'SỔ CÔNG NỢ'!$B$5:$B$51,_xlfn.MINIFS('SỔ CÔNG NỢ'!$B$5:$B$51,'SỔ CÔNG NỢ'!$A$5:$A$51,$B20))) | E20: =IF($B20="","",SUMIFS('SỔ CÔNG NỢ'!$D$5:$D$51,'SỔ CÔNG NỢ'!$A$5:$A$51,$B20)) | F20: =IF($B20="","",SUMIFS('SỔ CÔNG NỢ'!$F$5:$F$51,'SỔ CÔNG NỢ'!$A$5:$A$51,$B20)) | G20: =IF($B20="","",SUMIFS('SỔ CÔNG NỢ'!$G$5:$G$51,'SỔ CÔNG NỢ'!$A$5:$A$51,$B20)) | H20: =IF($B20="","",SUMIFS('SỔ CÔNG NỢ'!$I$5:$I$51,'SỔ CÔNG NỢ'!$A$5:$A$51,$B20)) | I20: =IF($B20="","",SUMIFS('SỔ CÔNG NỢ'!$K$5:$K$51,'SỔ CÔNG NỢ'!$A$5:$A$51,$B20)) | J20: =IF($B20="","",SUMIFS('SỔ CÔNG NỢ'!$L$5:$L$51,'SỔ CÔNG NỢ'!$A$5:$A$51,$B20,'SỔ CÔNG NỢ'!$B$5:$B$51,C20)) | K20: =IF($B20="","",IF(J20>0,"Khách còn nợ",IF(J20<0,"Công ty nợ khách","Hết nợ"))) | L20: =IF($B20="","",IF(C20<MAX('SỔ CÔNG NỢ'!$B$5:$B$51),"⚠ Chưa có biên bản sau tháng "&TEXT(C20,"mm/yyyy")&" (sổ có đến "&TEXT(MAX('SỔ CÔNG NỢ'!$B$5:$B$51),"mm/yyyy")&")",""))
B21: TỔNG | D21: =SUM(D9:D20) -> 953750 | E21: =SUM(E9:E20) -> 289397850 | F21: =SUM(F9:F20) -> 175428257 | G21: =SUM(G9:G20) -> 113969593 | H21: =SUM(H9:H20) -> 1746860 | I21: =SUM(I9:I20) -> 80090000 | J21: =SUM(J9:J20) -> 33086483
A24: Tháng bắt đầu của các bảng bên dưới:
C25: 46174
A27: ▶ NỢ CUỐI KỲ THEO THÁNG (số âm = công ty nợ khách)
B28: Khách hàng | C28: =$C$25 -> 46174 | D28: =EDATE(C28,1) -> 46204 | E28: =EDATE(D28,1) -> 46235 | F28: =EDATE(E28,1) -> 46266 | G28: =EDATE(F28,1) -> 46296 | H28: =EDATE(G28,1) -> 46327 | I28: =EDATE(H28,1) -> 46357
B29: =IF($B9="","",$B9) -> Hiền Xuân | C29: =IF($B29="","",IF(COUNTIFS('SỔ CÔNG NỢ'!$A$5:$A$51,$B29,'SỔ CÔNG NỢ'!$B$5:$B$51,C$28)=0,"",SUMIFS('SỔ CÔNG NỢ'!$L$5:$L$51,'SỔ CÔNG NỢ'!$A$5:$A$51,$B29,'SỔ CÔNG NỢ'!$B$5:$B$51,C$28))) | D29: =IF($B29="","",IF(COUNTIFS('SỔ CÔNG NỢ'!$A$5:$A$51,$B29,'SỔ CÔNG NỢ'!$B$5:$B$51,D$28)=0,"",SUMIFS('SỔ CÔNG NỢ'!$L$5:$L$51,'SỔ CÔNG NỢ'!$A$5:$A$51,$B29,'SỔ CÔNG NỢ'!$B$5:$B$51,D$28))) -> 120633 | E29: =IF($B29="","",IF(COUNTIFS('SỔ CÔNG NỢ'!$A$5:$A$51,$B29,'SỔ CÔNG NỢ'!$B$5:$B$51,E$28)=0,"",SUMIFS('SỔ CÔNG NỢ'!$L$5:$L$51,'SỔ CÔNG NỢ'!$A$5:$A$51,$B29,'SỔ CÔNG NỢ'!$B$5:$B$51,E$28))) | F29: =IF($B29="","",IF(COUNTIFS('SỔ CÔNG NỢ'!$A$5:$A$51,$B29,'SỔ CÔNG NỢ'!$B$5:$B$51,F$28)=0,"",SUMIFS('SỔ CÔNG NỢ'!$L$5:$L$51,'SỔ CÔNG NỢ'!$A$5:$A$51,$B29,'SỔ CÔNG NỢ'!$B$5:$B$51,F$28))) | G29: =IF($B29="","",IF(COUNTIFS('SỔ CÔNG NỢ'!$A$5:$A$51,$B29,'SỔ CÔNG NỢ'!$B$5:$B$51,G$28)=0,"",SUMIFS('SỔ CÔNG NỢ'!$L$5:$L$51,'SỔ CÔNG NỢ'!$A$5:$A$51,$B29,'SỔ CÔNG NỢ'!$B$5:$B$51,G$28))) | H29: =IF($B29="","",IF(COUNTIFS('SỔ CÔNG NỢ'!$A$5:$A$51,$B29,'SỔ CÔNG NỢ'!$B$5:$B$51,H$28)=0,"",SUMIFS('SỔ CÔNG NỢ'!$L$5:$L$51,'SỔ CÔNG NỢ'!$A$5:$A$51,$B29,'SỔ CÔNG NỢ'!$B$5:$B$51,H$28))) | I29: =IF($B29="","",IF(COUNTIFS('SỔ CÔNG NỢ'!$A$5:$A$51,$B29,'SỔ CÔNG NỢ'!$B$5:$B$51,I$28)=0,"",SUMIFS('SỔ CÔNG NỢ'!$L$5:$L$51,'SỔ CÔNG NỢ'!$A$5:$A$51,$B29,'SỔ CÔNG NỢ'!$B$5:$B$51,I$28)))
B30: =IF($B10="","",$B10) -> Hòa Hiệp | C30: =IF($B30="","",IF(COUNTIFS('SỔ CÔNG NỢ'!$A$5:$A$51,$B30,'SỔ CÔNG NỢ'!$B$5:$B$51,C$28)=0,"",SUMIFS('SỔ CÔNG NỢ'!$L$5:$L$51,'SỔ CÔNG NỢ'!$A$5:$A$51,$B30,'SỔ CÔNG NỢ'!$B$5:$B$51,C$28))) -> -112500 | D30: =IF($B30="","",IF(COUNTIFS('SỔ CÔNG NỢ'!$A$5:$A$51,$B30,'SỔ CÔNG NỢ'!$B$5:$B$51,D$28)=0,"",SUMIFS('SỔ CÔNG NỢ'!$L$5:$L$51,'SỔ CÔNG NỢ'!$A$5:$A$51,$B30,'SỔ CÔNG NỢ'!$B$5:$B$51,D$28))) | E30: =IF($B30="","",IF(COUNTIFS('SỔ CÔNG NỢ'!$A$5:$A$51,$B30,'SỔ CÔNG NỢ'!$B$5:$B$51,E$28)=0,"",SUMIFS('SỔ CÔNG NỢ'!$L$5:$L$51,'SỔ CÔNG NỢ'!$A$5:$A$51,$B30,'SỔ CÔNG NỢ'!$B$5:$B$51,E$28))) | F30: =IF($B30="","",IF(COUNTIFS('SỔ CÔNG NỢ'!$A$5:$A$51,$B30,'SỔ CÔNG NỢ'!$B$5:$B$51,F$28)=0,"",SUMIFS('SỔ CÔNG NỢ'!$L$5:$L$51,'SỔ CÔNG NỢ'!$A$5:$A$51,$B30,'SỔ CÔNG NỢ'!$B$5:$B$51,F$28))) | G30: =IF($B30="","",IF(COUNTIFS('SỔ CÔNG NỢ'!$A$5:$A$51,$B30,'SỔ CÔNG NỢ'!$B$5:$B$51,G$28)=0,"",SUMIFS('SỔ CÔNG NỢ'!$L$5:$L$51,'SỔ CÔNG NỢ'!$A$5:$A$51,$B30,'SỔ CÔNG NỢ'!$B$5:$B$51,G$28))) | H30: =IF($B30="","",IF(COUNTIFS('SỔ CÔNG NỢ'!$A$5:$A$51,$B30,'SỔ CÔNG NỢ'!$B$5:$B$51,H$28)=0,"",SUMIFS('SỔ CÔNG NỢ'!$L$5:$L$51,'SỔ CÔNG NỢ'!$A$5:$A$51,$B30,'SỔ CÔNG NỢ'!$B$5:$B$51,H$28))) | I30: =IF($B30="","",IF(COUNTIFS('SỔ CÔNG NỢ'!$A$5:$A$51,$B30,'SỔ CÔNG NỢ'!$B$5:$B$51,I$28)=0,"",SUMIFS('SỔ CÔNG NỢ'!$L$5:$L$51,'SỔ CÔNG NỢ'!$A$5:$A$51,$B30,'SỔ CÔNG NỢ'!$B$5:$B$51,I$28)))
B31: =IF($B11="","",$B11) -> Hà Liên | C31: =IF($B31="","",IF(COUNTIFS('SỔ CÔNG NỢ'!$A$5:$A$51,$B31,'SỔ CÔNG NỢ'!$B$5:$B$51,C$28)=0,"",SUMIFS('SỔ CÔNG NỢ'!$L$5:$L$51,'SỔ CÔNG NỢ'!$A$5:$A$51,$B31,'SỔ CÔNG NỢ'!$B$5:$B$51,C$28))) -> 10078550 | D31: =IF($B31="","",IF(COUNTIFS('SỔ CÔNG NỢ'!$A$5:$A$51,$B31,'SỔ CÔNG NỢ'!$B$5:$B$51,D$28)=0,"",SUMIFS('SỔ CÔNG NỢ'!$L$5:$L$51,'SỔ CÔNG NỢ'!$A$5:$A$51,$B31,'SỔ CÔNG NỢ'!$B$5:$B$51,D$28))) -> 10478590 | E31: =IF($B31="","",IF(COUNTIFS('SỔ CÔNG NỢ'!$A$5:$A$51,$B31,'SỔ CÔNG NỢ'!$B$5:$B$51,E$28)=0,"",SUMIFS('SỔ CÔNG NỢ'!$L$5:$L$51,'SỔ CÔNG NỢ'!$A$5:$A$51,$B31,'SỔ CÔNG NỢ'!$B$5:$B$51,E$28))) -> -7095410 | F31: =IF($B31="","",IF(COUNTIFS('SỔ CÔNG NỢ'!$A$5:$A$51,$B31,'SỔ CÔNG NỢ'!$B$5:$B$51,F$28)=0,"",SUMIFS('SỔ CÔNG NỢ'!$L$5:$L$51,'SỔ CÔNG NỢ'!$A$5:$A$51,$B31,'SỔ CÔNG NỢ'!$B$5:$B$51,F$28))) -> 33078350 | G31: =IF($B31="","",IF(COUNTIFS('SỔ CÔNG NỢ'!$A$5:$A$51,$B31,'SỔ CÔNG NỢ'!$B$5:$B$51,G$28)=0,"",SUMIFS('SỔ CÔNG NỢ'!$L$5:$L$51,'SỔ CÔNG NỢ'!$A$5:$A$51,$B31,'SỔ CÔNG NỢ'!$B$5:$B$51,G$28))) | H31: =IF($B31="","",IF(COUNTIFS('SỔ CÔNG NỢ'!$A$5:$A$51,$B31,'SỔ CÔNG NỢ'!$B$5:$B$51,H$28)=0,"",SUMIFS('SỔ CÔNG NỢ'!$L$5:$L$51,'SỔ CÔNG NỢ'!$A$5:$A$51,$B31,'SỔ CÔNG NỢ'!$B$5:$B$51,H$28))) | I31: =IF($B31="","",IF(COUNTIFS('SỔ CÔNG NỢ'!$A$5:$A$51,$B31,'SỔ CÔNG NỢ'!$B$5:$B$51,I$28)=0,"",SUMIFS('SỔ CÔNG NỢ'!$L$5:$L$51,'SỔ CÔNG NỢ'!$A$5:$A$51,$B31,'SỔ CÔNG NỢ'!$B$5:$B$51,I$28)))
B32: =IF($B12="","",$B12) | C32: =IF($B32="","",IF(COUNTIFS('SỔ CÔNG NỢ'!$A$5:$A$51,$B32,'SỔ CÔNG NỢ'!$B$5:$B$51,C$28)=0,"",SUMIFS('SỔ CÔNG NỢ'!$L$5:$L$51,'SỔ CÔNG NỢ'!$A$5:$A$51,$B32,'SỔ CÔNG NỢ'!$B$5:$B$51,C$28))) | D32: =IF($B32="","",IF(COUNTIFS('SỔ CÔNG NỢ'!$A$5:$A$51,$B32,'SỔ CÔNG NỢ'!$B$5:$B$51,D$28)=0,"",SUMIFS('SỔ CÔNG NỢ'!$L$5:$L$51,'SỔ CÔNG NỢ'!$A$5:$A$51,$B32,'SỔ CÔNG NỢ'!$B$5:$B$51,D$28))) | E32: =IF($B32="","",IF(COUNTIFS('SỔ CÔNG NỢ'!$A$5:$A$51,$B32,'SỔ CÔNG NỢ'!$B$5:$B$51,E$28)=0,"",SUMIFS('SỔ CÔNG NỢ'!$L$5:$L$51,'SỔ CÔNG NỢ'!$A$5:$A$51,$B32,'SỔ CÔNG NỢ'!$B$5:$B$51,E$28))) | F32: =IF($B32="","",IF(COUNTIFS('SỔ CÔNG NỢ'!$A$5:$A$51,$B32,'SỔ CÔNG NỢ'!$B$5:$B$51,F$28)=0,"",SUMIFS('SỔ CÔNG NỢ'!$L$5:$L$51,'SỔ CÔNG NỢ'!$A$5:$A$51,$B32,'SỔ CÔNG NỢ'!$B$5:$B$51,F$28))) | G32: =IF($B32="","",IF(COUNTIFS('SỔ CÔNG NỢ'!$A$5:$A$51,$B32,'SỔ CÔNG NỢ'!$B$5:$B$51,G$28)=0,"",SUMIFS('SỔ CÔNG NỢ'!$L$5:$L$51,'SỔ CÔNG NỢ'!$A$5:$A$51,$B32,'SỔ CÔNG NỢ'!$B$5:$B$51,G$28))) | H32: =IF($B32="","",IF(COUNTIFS('SỔ CÔNG NỢ'!$A$5:$A$51,$B32,'SỔ CÔNG NỢ'!$B$5:$B$51,H$28)=0,"",SUMIFS('SỔ CÔNG NỢ'!$L$5:$L$51,'SỔ CÔNG NỢ'!$A$5:$A$51,$B32,'SỔ CÔNG NỢ'!$B$5:$B$51,H$28))) | I32: =IF($B32="","",IF(COUNTIFS('SỔ CÔNG NỢ'!$A$5:$A$51,$B32,'SỔ CÔNG NỢ'!$B$5:$B$51,I$28)=0,"",SUMIFS('SỔ CÔNG NỢ'!$L$5:$L$51,'SỔ CÔNG NỢ'!$A$5:$A$51,$B32,'SỔ CÔNG NỢ'!$B$5:$B$51,I$28)))
B33: =IF($B13="","",$B13) | C33: =IF($B33="","",IF(COUNTIFS('SỔ CÔNG NỢ'!$A$5:$A$51,$B33,'SỔ CÔNG NỢ'!$B$5:$B$51,C$28)=0,"",SUMIFS('SỔ CÔNG NỢ'!$L$5:$L$51,'SỔ CÔNG NỢ'!$A$5:$A$51,$B33,'SỔ CÔNG NỢ'!$B$5:$B$51,C$28))) | D33: =IF($B33="","",IF(COUNTIFS('SỔ CÔNG NỢ'!$A$5:$A$51,$B33,'SỔ CÔNG NỢ'!$B$5:$B$51,D$28)=0,"",SUMIFS('SỔ CÔNG NỢ'!$L$5:$L$51,'SỔ CÔNG NỢ'!$A$5:$A$51,$B33,'SỔ CÔNG NỢ'!$B$5:$B$51,D$28))) | E33: =IF($B33="","",IF(COUNTIFS('SỔ CÔNG NỢ'!$A$5:$A$51,$B33,'SỔ CÔNG NỢ'!$B$5:$B$51,E$28)=0,"",SUMIFS('SỔ CÔNG NỢ'!$L$5:$L$51,'SỔ CÔNG NỢ'!$A$5:$A$51,$B33,'SỔ CÔNG NỢ'!$B$5:$B$51,E$28))) | F33: =IF($B33="","",IF(COUNTIFS('SỔ CÔNG NỢ'!$A$5:$A$51,$B33,'SỔ CÔNG NỢ'!$B$5:$B$51,F$28)=0,"",SUMIFS('SỔ CÔNG NỢ'!$L$5:$L$51,'SỔ CÔNG NỢ'!$A$5:$A$51,$B33,'SỔ CÔNG NỢ'!$B$5:$B$51,F$28))) | G33: =IF($B33="","",IF(COUNTIFS('SỔ CÔNG NỢ'!$A$5:$A$51,$B33,'SỔ CÔNG NỢ'!$B$5:$B$51,G$28)=0,"",SUMIFS('SỔ CÔNG NỢ'!$L$5:$L$51,'SỔ CÔNG NỢ'!$A$5:$A$51,$B33,'SỔ CÔNG NỢ'!$B$5:$B$51,G$28))) | H33: =IF($B33="","",IF(COUNTIFS('SỔ CÔNG NỢ'!$A$5:$A$51,$B33,'SỔ CÔNG NỢ'!$B$5:$B$51,H$28)=0,"",SUMIFS('SỔ CÔNG NỢ'!$L$5:$L$51,'SỔ CÔNG NỢ'!$A$5:$A$51,$B33,'SỔ CÔNG NỢ'!$B$5:$B$51,H$28))) | I33: =IF($B33="","",IF(COUNTIFS('SỔ CÔNG NỢ'!$A$5:$A$51,$B33,'SỔ CÔNG NỢ'!$B$5:$B$51,I$28)=0,"",SUMIFS('SỔ CÔNG NỢ'!$L$5:$L$51,'SỔ CÔNG NỢ'!$A$5:$A$51,$B33,'SỔ CÔNG NỢ'!$B$5:$B$51,I$28)))
B34: =IF($B14="","",$B14) | C34: =IF($B34="","",IF(COUNTIFS('SỔ CÔNG NỢ'!$A$5:$A$51,$B34,'SỔ CÔNG NỢ'!$B$5:$B$51,C$28)=0,"",SUMIFS('SỔ CÔNG NỢ'!$L$5:$L$51,'SỔ CÔNG NỢ'!$A$5:$A$51,$B34,'SỔ CÔNG NỢ'!$B$5:$B$51,C$28))) | D34: =IF($B34="","",IF(COUNTIFS('SỔ CÔNG NỢ'!$A$5:$A$51,$B34,'SỔ CÔNG NỢ'!$B$5:$B$51,D$28)=0,"",SUMIFS('SỔ CÔNG NỢ'!$L$5:$L$51,'SỔ CÔNG NỢ'!$A$5:$A$51,$B34,'SỔ CÔNG NỢ'!$B$5:$B$51,D$28))) | E34: =IF($B34="","",IF(COUNTIFS('SỔ CÔNG NỢ'!$A$5:$A$51,$B34,'SỔ CÔNG NỢ'!$B$5:$B$51,E$28)=0,"",SUMIFS('SỔ CÔNG NỢ'!$L$5:$L$51,'SỔ CÔNG NỢ'!$A$5:$A$51,$B34,'SỔ CÔNG NỢ'!$B$5:$B$51,E$28))) | F34: =IF($B34="","",IF(COUNTIFS('SỔ CÔNG NỢ'!$A$5:$A$51,$B34,'SỔ CÔNG NỢ'!$B$5:$B$51,F$28)=0,"",SUMIFS('SỔ CÔNG NỢ'!$L$5:$L$51,'SỔ CÔNG NỢ'!$A$5:$A$51,$B34,'SỔ CÔNG NỢ'!$B$5:$B$51,F$28))) | G34: =IF($B34="","",IF(COUNTIFS('SỔ CÔNG NỢ'!$A$5:$A$51,$B34,'SỔ CÔNG NỢ'!$B$5:$B$51,G$28)=0,"",SUMIFS('SỔ CÔNG NỢ'!$L$5:$L$51,'SỔ CÔNG NỢ'!$A$5:$A$51,$B34,'SỔ CÔNG NỢ'!$B$5:$B$51,G$28))) | H34: =IF($B34="","",IF(COUNTIFS('SỔ CÔNG NỢ'!$A$5:$A$51,$B34,'SỔ CÔNG NỢ'!$B$5:$B$51,H$28)=0,"",SUMIFS('SỔ CÔNG NỢ'!$L$5:$L$51,'SỔ CÔNG NỢ'!$A$5:$A$51,$B34,'SỔ CÔNG NỢ'!$B$5:$B$51,H$28))) | I34: =IF($B34="","",IF(COUNTIFS('SỔ CÔNG NỢ'!$A$5:$A$51,$B34,'SỔ CÔNG NỢ'!$B$5:$B$51,I$28)=0,"",SUMIFS('SỔ CÔNG NỢ'!$L$5:$L$51,'SỔ CÔNG NỢ'!$A$5:$A$51,$B34,'SỔ CÔNG NỢ'!$B$5:$B$51,I$28)))
B35: =IF($B15="","",$B15) | C35: =IF($B35="","",IF(COUNTIFS('SỔ CÔNG NỢ'!$A$5:$A$51,$B35,'SỔ CÔNG NỢ'!$B$5:$B$51,C$28)=0,"",SUMIFS('SỔ CÔNG NỢ'!$L$5:$L$51,'SỔ CÔNG NỢ'!$A$5:$A$51,$B35,'SỔ CÔNG NỢ'!$B$5:$B$51,C$28))) | D35: =IF($B35="","",IF(COUNTIFS('SỔ CÔNG NỢ'!$A$5:$A$51,$B35,'SỔ CÔNG NỢ'!$B$5:$B$51,D$28)=0,"",SUMIFS('SỔ CÔNG NỢ'!$L$5:$L$51,'SỔ CÔNG NỢ'!$A$5:$A$51,$B35,'SỔ CÔNG NỢ'!$B$5:$B$51,D$28))) | E35: =IF($B35="","",IF(COUNTIFS('SỔ CÔNG NỢ'!$A$5:$A$51,$B35,'SỔ CÔNG NỢ'!$B$5:$B$51,E$28)=0,"",SUMIFS('SỔ CÔNG NỢ'!$L$5:$L$51,'SỔ CÔNG NỢ'!$A$5:$A$51,$B35,'SỔ CÔNG NỢ'!$B$5:$B$51,E$28))) | F35: =IF($B35="","",IF(COUNTIFS('SỔ CÔNG NỢ'!$A$5:$A$51,$B35,'SỔ CÔNG NỢ'!$B$5:$B$51,F$28)=0,"",SUMIFS('SỔ CÔNG NỢ'!$L$5:$L$51,'SỔ CÔNG NỢ'!$A$5:$A$51,$B35,'SỔ CÔNG NỢ'!$B$5:$B$51,F$28))) | G35: =IF($B35="","",IF(COUNTIFS('SỔ CÔNG NỢ'!$A$5:$A$51,$B35,'SỔ CÔNG NỢ'!$B$5:$B$51,G$28)=0,"",SUMIFS('SỔ CÔNG NỢ'!$L$5:$L$51,'SỔ CÔNG NỢ'!$A$5:$A$51,$B35,'SỔ CÔNG NỢ'!$B$5:$B$51,G$28))) | H35: =IF($B35="","",IF(COUNTIFS('SỔ CÔNG NỢ'!$A$5:$A$51,$B35,'SỔ CÔNG NỢ'!$B$5:$B$51,H$28)=0,"",SUMIFS('SỔ CÔNG NỢ'!$L$5:$L$51,'SỔ CÔNG NỢ'!$A$5:$A$51,$B35,'SỔ CÔNG NỢ'!$B$5:$B$51,H$28))) | I35: =IF($B35="","",IF(COUNTIFS('SỔ CÔNG NỢ'!$A$5:$A$51,$B35,'SỔ CÔNG NỢ'!$B$5:$B$51,I$28)=0,"",SUMIFS('SỔ CÔNG NỢ'!$L$5:$L$51,'SỔ CÔNG NỢ'!$A$5:$A$51,$B35,'SỔ CÔNG NỢ'!$B$5:$B$51,I$28)))
B36: =IF($B16="","",$B16) | C36: =IF($B36="","",IF(COUNTIFS('SỔ CÔNG NỢ'!$A$5:$A$51,$B36,'SỔ CÔNG NỢ'!$B$5:$B$51,C$28)=0,"",SUMIFS('SỔ CÔNG NỢ'!$L$5:$L$51,'SỔ CÔNG NỢ'!$A$5:$A$51,$B36,'SỔ CÔNG NỢ'!$B$5:$B$51,C$28))) | D36: =IF($B36="","",IF(COUNTIFS('SỔ CÔNG NỢ'!$A$5:$A$51,$B36,'SỔ CÔNG NỢ'!$B$5:$B$51,D$28)=0,"",SUMIFS('SỔ CÔNG NỢ'!$L$5:$L$51,'SỔ CÔNG NỢ'!$A$5:$A$51,$B36,'SỔ CÔNG NỢ'!$B$5:$B$51,D$28))) | E36: =IF($B36="","",IF(COUNTIFS('SỔ CÔNG NỢ'!$A$5:$A$51,$B36,'SỔ CÔNG NỢ'!$B$5:$B$51,E$28)=0,"",SUMIFS('SỔ CÔNG NỢ'!$L$5:$L$51,'SỔ CÔNG NỢ'!$A$5:$A$51,$B36,'SỔ CÔNG NỢ'!$B$5:$B$51,E$28))) | F36: =IF($B36="","",IF(COUNTIFS('SỔ CÔNG NỢ'!$A$5:$A$51,$B36,'SỔ CÔNG NỢ'!$B$5:$B$51,F$28)=0,"",SUMIFS('SỔ CÔNG NỢ'!$L$5:$L$51,'SỔ CÔNG NỢ'!$A$5:$A$51,$B36,'SỔ CÔNG NỢ'!$B$5:$B$51,F$28))) | G36: =IF($B36="","",IF(COUNTIFS('SỔ CÔNG NỢ'!$A$5:$A$51,$B36,'SỔ CÔNG NỢ'!$B$5:$B$51,G$28)=0,"",SUMIFS('SỔ CÔNG NỢ'!$L$5:$L$51,'SỔ CÔNG NỢ'!$A$5:$A$51,$B36,'SỔ CÔNG NỢ'!$B$5:$B$51,G$28))) | H36: =IF($B36="","",IF(COUNTIFS('SỔ CÔNG NỢ'!$A$5:$A$51,$B36,'SỔ CÔNG NỢ'!$B$5:$B$51,H$28)=0,"",SUMIFS('SỔ CÔNG NỢ'!$L$5:$L$51,'SỔ CÔNG NỢ'!$A$5:$A$51,$B36,'SỔ CÔNG NỢ'!$B$5:$B$51,H$28))) | I36: =IF($B36="","",IF(COUNTIFS('SỔ CÔNG NỢ'!$A$5:$A$51,$B36,'SỔ CÔNG NỢ'!$B$5:$B$51,I$28)=0,"",SUMIFS('SỔ CÔNG NỢ'!$L$5:$L$51,'SỔ CÔNG NỢ'!$A$5:$A$51,$B36,'SỔ CÔNG NỢ'!$B$5:$B$51,I$28)))
B37: =IF($B17="","",$B17) | C37: =IF($B37="","",IF(COUNTIFS('SỔ CÔNG NỢ'!$A$5:$A$51,$B37,'SỔ CÔNG NỢ'!$B$5:$B$51,C$28)=0,"",SUMIFS('SỔ CÔNG NỢ'!$L$5:$L$51,'SỔ CÔNG NỢ'!$A$5:$A$51,$B37,'SỔ CÔNG NỢ'!$B$5:$B$51,C$28))) | D37: =IF($B37="","",IF(COUNTIFS('SỔ CÔNG NỢ'!$A$5:$A$51,$B37,'SỔ CÔNG NỢ'!$B$5:$B$51,D$28)=0,"",SUMIFS('SỔ CÔNG NỢ'!$L$5:$L$51,'SỔ CÔNG NỢ'!$A$5:$A$51,$B37,'SỔ CÔNG NỢ'!$B$5:$B$51,D$28))) | E37: =IF($B37="","",IF(COUNTIFS('SỔ CÔNG NỢ'!$A$5:$A$51,$B37,'SỔ CÔNG NỢ'!$B$5:$B$51,E$28)=0,"",SUMIFS('SỔ CÔNG NỢ'!$L$5:$L$51,'SỔ CÔNG NỢ'!$A$5:$A$51,$B37,'SỔ CÔNG NỢ'!$B$5:$B$51,E$28))) | F37: =IF($B37="","",IF(COUNTIFS('SỔ CÔNG NỢ'!$A$5:$A$51,$B37,'SỔ CÔNG NỢ'!$B$5:$B$51,F$28)=0,"",SUMIFS('SỔ CÔNG NỢ'!$L$5:$L$51,'SỔ CÔNG NỢ'!$A$5:$A$51,$B37,'SỔ CÔNG NỢ'!$B$5:$B$51,F$28))) | G37: =IF($B37="","",IF(COUNTIFS('SỔ CÔNG NỢ'!$A$5:$A$51,$B37,'SỔ CÔNG NỢ'!$B$5:$B$51,G$28)=0,"",SUMIFS('SỔ CÔNG NỢ'!$L$5:$L$51,'SỔ CÔNG NỢ'!$A$5:$A$51,$B37,'SỔ CÔNG NỢ'!$B$5:$B$51,G$28))) | H37: =IF($B37="","",IF(COUNTIFS('SỔ CÔNG NỢ'!$A$5:$A$51,$B37,'SỔ CÔNG NỢ'!$B$5:$B$51,H$28)=0,"",SUMIFS('SỔ CÔNG NỢ'!$L$5:$L$51,'SỔ CÔNG NỢ'!$A$5:$A$51,$B37,'SỔ CÔNG NỢ'!$B$5:$B$51,H$28))) | I37: =IF($B37="","",IF(COUNTIFS('SỔ CÔNG NỢ'!$A$5:$A$51,$B37,'SỔ CÔNG NỢ'!$B$5:$B$51,I$28)=0,"",SUMIFS('SỔ CÔNG NỢ'!$L$5:$L$51,'SỔ CÔNG NỢ'!$A$5:$A$51,$B37,'SỔ CÔNG NỢ'!$B$5:$B$51,I$28)))
B38: =IF($B18="","",$B18) | C38: =IF($B38="","",IF(COUNTIFS('SỔ CÔNG NỢ'!$A$5:$A$51,$B38,'SỔ CÔNG NỢ'!$B$5:$B$51,C$28)=0,"",SUMIFS('SỔ CÔNG NỢ'!$L$5:$L$51,'SỔ CÔNG NỢ'!$A$5:$A$51,$B38,'SỔ CÔNG NỢ'!$B$5:$B$51,C$28))) | D38: =IF($B38="","",IF(COUNTIFS('SỔ CÔNG NỢ'!$A$5:$A$51,$B38,'SỔ CÔNG NỢ'!$B$5:$B$51,D$28)=0,"",SUMIFS('SỔ CÔNG NỢ'!$L$5:$L$51,'SỔ CÔNG NỢ'!$A$5:$A$51,$B38,'SỔ CÔNG NỢ'!$B$5:$B$51,D$28))) | E38: =IF($B38="","",IF(COUNTIFS('SỔ CÔNG NỢ'!$A$5:$A$51,$B38,'SỔ CÔNG NỢ'!$B$5:$B$51,E$28)=0,"",SUMIFS('SỔ CÔNG NỢ'!$L$5:$L$51,'SỔ CÔNG NỢ'!$A$5:$A$51,$B38,'SỔ CÔNG NỢ'!$B$5:$B$51,E$28))) | F38: =IF($B38="","",IF(COUNTIFS('SỔ CÔNG NỢ'!$A$5:$A$51,$B38,'SỔ CÔNG NỢ'!$B$5:$B$51,F$28)=0,"",SUMIFS('SỔ CÔNG NỢ'!$L$5:$L$51,'SỔ CÔNG NỢ'!$A$5:$A$51,$B38,'SỔ CÔNG NỢ'!$B$5:$B$51,F$28))) | G38: =IF($B38="","",IF(COUNTIFS('SỔ CÔNG NỢ'!$A$5:$A$51,$B38,'SỔ CÔNG NỢ'!$B$5:$B$51,G$28)=0,"",SUMIFS('SỔ CÔNG NỢ'!$L$5:$L$51,'SỔ CÔNG NỢ'!$A$5:$A$51,$B38,'SỔ CÔNG NỢ'!$B$5:$B$51,G$28))) | H38: =IF($B38="","",IF(COUNTIFS('SỔ CÔNG NỢ'!$A$5:$A$51,$B38,'SỔ CÔNG NỢ'!$B$5:$B$51,H$28)=0,"",SUMIFS('SỔ CÔNG NỢ'!$L$5:$L$51,'SỔ CÔNG NỢ'!$A$5:$A$51,$B38,'SỔ CÔNG NỢ'!$B$5:$B$51,H$28))) | I38: =IF($B38="","",IF(COUNTIFS('SỔ CÔNG NỢ'!$A$5:$A$51,$B38,'SỔ CÔNG NỢ'!$B$5:$B$51,I$28)=0,"",SUMIFS('SỔ CÔNG NỢ'!$L$5:$L$51,'SỔ CÔNG NỢ'!$A$5:$A$51,$B38,'SỔ CÔNG NỢ'!$B$5:$B$51,I$28)))
B39: =IF($B19="","",$B19) | C39: =IF($B39="","",IF(COUNTIFS('SỔ CÔNG NỢ'!$A$5:$A$51,$B39,'SỔ CÔNG NỢ'!$B$5:$B$51,C$28)=0,"",SUMIFS('SỔ CÔNG NỢ'!$L$5:$L$51,'SỔ CÔNG NỢ'!$A$5:$A$51,$B39,'SỔ CÔNG NỢ'!$B$5:$B$51,C$28))) | D39: =IF($B39="","",IF(COUNTIFS('SỔ CÔNG NỢ'!$A$5:$A$51,$B39,'SỔ CÔNG NỢ'!$B$5:$B$51,D$28)=0,"",SUMIFS('SỔ CÔNG NỢ'!$L$5:$L$51,'SỔ CÔNG NỢ'!$A$5:$A$51,$B39,'SỔ CÔNG NỢ'!$B$5:$B$51,D$28))) | E39: =IF($B39="","",IF(COUNTIFS('SỔ CÔNG NỢ'!$A$5:$A$51,$B39,'SỔ CÔNG NỢ'!$B$5:$B$51,E$28)=0,"",SUMIFS('SỔ CÔNG NỢ'!$L$5:$L$51,'SỔ CÔNG NỢ'!$A$5:$A$51,$B39,'SỔ CÔNG NỢ'!$B$5:$B$51,E$28))) | F39: =IF($B39="","",IF(COUNTIFS('SỔ CÔNG NỢ'!$A$5:$A$51,$B39,'SỔ CÔNG NỢ'!$B$5:$B$51,F$28)=0,"",SUMIFS('SỔ CÔNG NỢ'!$L$5:$L$51,'SỔ CÔNG NỢ'!$A$5:$A$51,$B39,'SỔ CÔNG NỢ'!$B$5:$B$51,F$28))) | G39: =IF($B39="","",IF(COUNTIFS('SỔ CÔNG NỢ'!$A$5:$A$51,$B39,'SỔ CÔNG NỢ'!$B$5:$B$51,G$28)=0,"",SUMIFS('SỔ CÔNG NỢ'!$L$5:$L$51,'SỔ CÔNG NỢ'!$A$5:$A$51,$B39,'SỔ CÔNG NỢ'!$B$5:$B$51,G$28))) | H39: =IF($B39="","",IF(COUNTIFS('SỔ CÔNG NỢ'!$A$5:$A$51,$B39,'SỔ CÔNG NỢ'!$B$5:$B$51,H$28)=0,"",SUMIFS('SỔ CÔNG NỢ'!$L$5:$L$51,'SỔ CÔNG NỢ'!$A$5:$A$51,$B39,'SỔ CÔNG NỢ'!$B$5:$B$51,H$28))) | I39: =IF($B39="","",IF(COUNTIFS('SỔ CÔNG NỢ'!$A$5:$A$51,$B39,'SỔ CÔNG NỢ'!$B$5:$B$51,I$28)=0,"",SUMIFS('SỔ CÔNG NỢ'!$L$5:$L$51,'SỔ CÔNG NỢ'!$A$5:$A$51,$B39,'SỔ CÔNG NỢ'!$B$5:$B$51,I$28)))
B40: =IF($B20="","",$B20) | C40: =IF($B40="","",IF(COUNTIFS('SỔ CÔNG NỢ'!$A$5:$A$51,$B40,'SỔ CÔNG NỢ'!$B$5:$B$51,C$28)=0,"",SUMIFS('SỔ CÔNG NỢ'!$L$5:$L$51,'SỔ CÔNG NỢ'!$A$5:$A$51,$B40,'SỔ CÔNG NỢ'!$B$5:$B$51,C$28))) | D40: =IF($B40="","",IF(COUNTIFS('SỔ CÔNG NỢ'!$A$5:$A$51,$B40,'SỔ CÔNG NỢ'!$B$5:$B$51,D$28)=0,"",SUMIFS('SỔ CÔNG NỢ'!$L$5:$L$51,'SỔ CÔNG NỢ'!$A$5:$A$51,$B40,'SỔ CÔNG NỢ'!$B$5:$B$51,D$28))) | E40: =IF($B40="","",IF(COUNTIFS('SỔ CÔNG NỢ'!$A$5:$A$51,$B40,'SỔ CÔNG NỢ'!$B$5:$B$51,E$28)=0,"",SUMIFS('SỔ CÔNG NỢ'!$L$5:$L$51,'SỔ CÔNG NỢ'!$A$5:$A$51,$B40,'SỔ CÔNG NỢ'!$B$5:$B$51,E$28))) | F40: =IF($B40="","",IF(COUNTIFS('SỔ CÔNG NỢ'!$A$5:$A$51,$B40,'SỔ CÔNG NỢ'!$B$5:$B$51,F$28)=0,"",SUMIFS('SỔ CÔNG NỢ'!$L$5:$L$51,'SỔ CÔNG NỢ'!$A$5:$A$51,$B40,'SỔ CÔNG NỢ'!$B$5:$B$51,F$28))) | G40: =IF($B40="","",IF(COUNTIFS('SỔ CÔNG NỢ'!$A$5:$A$51,$B40,'SỔ CÔNG NỢ'!$B$5:$B$51,G$28)=0,"",SUMIFS('SỔ CÔNG NỢ'!$L$5:$L$51,'SỔ CÔNG NỢ'!$A$5:$A$51,$B40,'SỔ CÔNG NỢ'!$B$5:$B$51,G$28))) | H40: =IF($B40="","",IF(COUNTIFS('SỔ CÔNG NỢ'!$A$5:$A$51,$B40,'SỔ CÔNG NỢ'!$B$5:$B$51,H$28)=0,"",SUMIFS('SỔ CÔNG NỢ'!$L$5:$L$51,'SỔ CÔNG NỢ'!$A$5:$A$51,$B40,'SỔ CÔNG NỢ'!$B$5:$B$51,H$28))) | I40: =IF($B40="","",IF(COUNTIFS('SỔ CÔNG NỢ'!$A$5:$A$51,$B40,'SỔ CÔNG NỢ'!$B$5:$B$51,I$28)=0,"",SUMIFS('SỔ CÔNG NỢ'!$L$5:$L$51,'SỔ CÔNG NỢ'!$A$5:$A$51,$B40,'SỔ CÔNG NỢ'!$B$5:$B$51,I$28)))
B41: TỔNG | C41: =SUM(C29:C40) -> 9966050 | D41: =SUM(D29:D40) -> 10599223 | E41: =SUM(E29:E40) -> -7095410 | F41: =SUM(F29:F40) -> 33078350 | G41: =SUM(G29:G40) -> 0 | H41: =SUM(H29:H40) -> 0 | I41: =SUM(I29:I40) -> 0
A44: ▶ PHÁT SINH SAU CHIẾT KHẤU THEO THÁNG
B45: Khách hàng | C45: =$C$25 -> 46174 | D45: =EDATE(C45,1) -> 46204 | E45: =EDATE(D45,1) -> 46235 | F45: =EDATE(E45,1) -> 46266 | G45: =EDATE(F45,1) -> 46296 | H45: =EDATE(G45,1) -> 46327 | I45: =EDATE(H45,1) -> 46357
B46: =IF($B9="","",$B9) -> Hiền Xuân | C46: =IF($B46="","",IF(COUNTIFS('SỔ CÔNG NỢ'!$A$5:$A$51,$B46,'SỔ CÔNG NỢ'!$B$5:$B$51,C$45)=0,"",SUMIFS('SỔ CÔNG NỢ'!$G$5:$G$51,'SỔ CÔNG NỢ'!$A$5:$A$51,$B46,'SỔ CÔNG NỢ'!$B$5:$B$51,C$45))) | D46: =IF($B46="","",IF(COUNTIFS('SỔ CÔNG NỢ'!$A$5:$A$51,$B46,'SỔ CÔNG NỢ'!$B$5:$B$51,D$45)=0,"",SUMIFS('SỔ CÔNG NỢ'!$G$5:$G$51,'SỔ CÔNG NỢ'!$A$5:$A$51,$B46,'SỔ CÔNG NỢ'!$B$5:$B$51,D$45))) -> 31863893 | E46: =IF($B46="","",IF(COUNTIFS('SỔ CÔNG NỢ'!$A$5:$A$51,$B46,'SỔ CÔNG NỢ'!$B$5:$B$51,E$45)=0,"",SUMIFS('SỔ CÔNG NỢ'!$G$5:$G$51,'SỔ CÔNG NỢ'!$A$5:$A$51,$B46,'SỔ CÔNG NỢ'!$B$5:$B$51,E$45))) | F46: =IF($B46="","",IF(COUNTIFS('SỔ CÔNG NỢ'!$A$5:$A$51,$B46,'SỔ CÔNG NỢ'!$B$5:$B$51,F$45)=0,"",SUMIFS('SỔ CÔNG NỢ'!$G$5:$G$51,'SỔ CÔNG NỢ'!$A$5:$A$51,$B46,'SỔ CÔNG NỢ'!$B$5:$B$51,F$45))) | G46: =IF($B46="","",IF(COUNTIFS('SỔ CÔNG NỢ'!$A$5:$A$51,$B46,'SỔ CÔNG NỢ'!$B$5:$B$51,G$45)=0,"",SUMIFS('SỔ CÔNG NỢ'!$G$5:$G$51,'SỔ CÔNG NỢ'!$A$5:$A$51,$B46,'SỔ CÔNG NỢ'!$B$5:$B$51,G$45))) | H46: =IF($B46="","",IF(COUNTIFS('SỔ CÔNG NỢ'!$A$5:$A$51,$B46,'SỔ CÔNG NỢ'!$B$5:$B$51,H$45)=0,"",SUMIFS('SỔ CÔNG NỢ'!$G$5:$G$51,'SỔ CÔNG NỢ'!$A$5:$A$51,$B46,'SỔ CÔNG NỢ'!$B$5:$B$51,H$45))) | I46: =IF($B46="","",IF(COUNTIFS('SỔ CÔNG NỢ'!$A$5:$A$51,$B46,'SỔ CÔNG NỢ'!$B$5:$B$51,I$45)=0,"",SUMIFS('SỔ CÔNG NỢ'!$G$5:$G$51,'SỔ CÔNG NỢ'!$A$5:$A$51,$B46,'SỔ CÔNG NỢ'!$B$5:$B$51,I$45)))
B47: =IF($B10="","",$B10) -> Hòa Hiệp | C47: =IF($B47="","",IF(COUNTIFS('SỔ CÔNG NỢ'!$A$5:$A$51,$B47,'SỔ CÔNG NỢ'!$B$5:$B$51,C$45)=0,"",SUMIFS('SỔ CÔNG NỢ'!$G$5:$G$51,'SỔ CÔNG NỢ'!$A$5:$A$51,$B47,'SỔ CÔNG NỢ'!$B$5:$B$51,C$45))) -> 1387500 | D47: =IF($B47="","",IF(COUNTIFS('SỔ CÔNG NỢ'!$A$5:$A$51,$B47,'SỔ CÔNG NỢ'!$B$5:$B$51,D$45)=0,"",SUMIFS('SỔ CÔNG NỢ'!$G$5:$G$51,'SỔ CÔNG NỢ'!$A$5:$A$51,$B47,'SỔ CÔNG NỢ'!$B$5:$B$51,D$45))) | E47: =IF($B47="","",IF(COUNTIFS('SỔ CÔNG NỢ'!$A$5:$A$51,$B47,'SỔ CÔNG NỢ'!$B$5:$B$51,E$45)=0,"",SUMIFS('SỔ CÔNG NỢ'!$G$5:$G$51,'SỔ CÔNG NỢ'!$A$5:$A$51,$B47,'SỔ CÔNG NỢ'!$B$5:$B$51,E$45))) | F47: =IF($B47="","",IF(COUNTIFS('SỔ CÔNG NỢ'!$A$5:$A$51,$B47,'SỔ CÔNG NỢ'!$B$5:$B$51,F$45)=0,"",SUMIFS('SỔ CÔNG NỢ'!$G$5:$G$51,'SỔ CÔNG NỢ'!$A$5:$A$51,$B47,'SỔ CÔNG NỢ'!$B$5:$B$51,F$45))) | G47: =IF($B47="","",IF(COUNTIFS('SỔ CÔNG NỢ'!$A$5:$A$51,$B47,'SỔ CÔNG NỢ'!$B$5:$B$51,G$45)=0,"",SUMIFS('SỔ CÔNG NỢ'!$G$5:$G$51,'SỔ CÔNG NỢ'!$A$5:$A$51,$B47,'SỔ CÔNG NỢ'!$B$5:$B$51,G$45))) | H47: =IF($B47="","",IF(COUNTIFS('SỔ CÔNG NỢ'!$A$5:$A$51,$B47,'SỔ CÔNG NỢ'!$B$5:$B$51,H$45)=0,"",SUMIFS('SỔ CÔNG NỢ'!$G$5:$G$51,'SỔ CÔNG NỢ'!$A$5:$A$51,$B47,'SỔ CÔNG NỢ'!$B$5:$B$51,H$45))) | I47: =IF($B47="","",IF(COUNTIFS('SỔ CÔNG NỢ'!$A$5:$A$51,$B47,'SỔ CÔNG NỢ'!$B$5:$B$51,I$45)=0,"",SUMIFS('SỔ CÔNG NỢ'!$G$5:$G$51,'SỔ CÔNG NỢ'!$A$5:$A$51,$B47,'SỔ CÔNG NỢ'!$B$5:$B$51,I$45)))
B48: =IF($B11="","",$B11) -> Hà Liên | C48: =IF($B48="","",IF(COUNTIFS('SỔ CÔNG NỢ'!$A$5:$A$51,$B48,'SỔ CÔNG NỢ'!$B$5:$B$51,C$45)=0,"",SUMIFS('SỔ CÔNG NỢ'!$G$5:$G$51,'SỔ CÔNG NỢ'!$A$5:$A$51,$B48,'SỔ CÔNG NỢ'!$B$5:$B$51,C$45))) -> 9188400 | D48: =IF($B48="","",IF(COUNTIFS('SỔ CÔNG NỢ'!$A$5:$A$51,$B48,'SỔ CÔNG NỢ'!$B$5:$B$51,D$45)=0,"",SUMIFS('SỔ CÔNG NỢ'!$G$5:$G$51,'SỔ CÔNG NỢ'!$A$5:$A$51,$B48,'SỔ CÔNG NỢ'!$B$5:$B$51,D$45))) -> 15690040 | E48: =IF($B48="","",IF(COUNTIFS('SỔ CÔNG NỢ'!$A$5:$A$51,$B48,'SỔ CÔNG NỢ'!$B$5:$B$51,E$45)=0,"",SUMIFS('SỔ CÔNG NỢ'!$G$5:$G$51,'SỔ CÔNG NỢ'!$A$5:$A$51,$B48,'SỔ CÔNG NỢ'!$B$5:$B$51,E$45))) -> 15666000 | F48: =IF($B48="","",IF(COUNTIFS('SỔ CÔNG NỢ'!$A$5:$A$51,$B48,'SỔ CÔNG NỢ'!$B$5:$B$51,F$45)=0,"",SUMIFS('SỔ CÔNG NỢ'!$G$5:$G$51,'SỔ CÔNG NỢ'!$A$5:$A$51,$B48,'SỔ CÔNG NỢ'!$B$5:$B$51,F$45))) -> 40173760 | G48: =IF($B48="","",IF(COUNTIFS('SỔ CÔNG NỢ'!$A$5:$A$51,$B48,'SỔ CÔNG NỢ'!$B$5:$B$51,G$45)=0,"",SUMIFS('SỔ CÔNG NỢ'!$G$5:$G$51,'SỔ CÔNG NỢ'!$A$5:$A$51,$B48,'SỔ CÔNG NỢ'!$B$5:$B$51,G$45))) | H48: =IF($B48="","",IF(COUNTIFS('SỔ CÔNG NỢ'!$A$5:$A$51,$B48,'SỔ CÔNG NỢ'!$B$5:$B$51,H$45)=0,"",SUMIFS('SỔ CÔNG NỢ'!$G$5:$G$51,'SỔ CÔNG NỢ'!$A$5:$A$51,$B48,'SỔ CÔNG NỢ'!$B$5:$B$51,H$45))) | I48: =IF($B48="","",IF(COUNTIFS('SỔ CÔNG NỢ'!$A$5:$A$51,$B48,'SỔ CÔNG NỢ'!$B$5:$B$51,I$45)=0,"",SUMIFS('SỔ CÔNG NỢ'!$G$5:$G$51,'SỔ CÔNG NỢ'!$A$5:$A$51,$B48,'SỔ CÔNG NỢ'!$B$5:$B$51,I$45)))
B49: =IF($B12="","",$B12) | C49: =IF($B49="","",IF(COUNTIFS('SỔ CÔNG NỢ'!$A$5:$A$51,$B49,'SỔ CÔNG NỢ'!$B$5:$B$51,C$45)=0,"",SUMIFS('SỔ CÔNG NỢ'!$G$5:$G$51,'SỔ CÔNG NỢ'!$A$5:$A$51,$B49,'SỔ CÔNG NỢ'!$B$5:$B$51,C$45))) | D49: =IF($B49="","",IF(COUNTIFS('SỔ CÔNG NỢ'!$A$5:$A$51,$B49,'SỔ CÔNG NỢ'!$B$5:$B$51,D$45)=0,"",SUMIFS('SỔ CÔNG NỢ'!$G$5:$G$51,'SỔ CÔNG NỢ'!$A$5:$A$51,$B49,'SỔ CÔNG NỢ'!$B$5:$B$51,D$45))) | E49: =IF($B49="","",IF(COUNTIFS('SỔ CÔNG NỢ'!$A$5:$A$51,$B49,'SỔ CÔNG NỢ'!$B$5:$B$51,E$45)=0,"",SUMIFS('SỔ CÔNG NỢ'!$G$5:$G$51,'SỔ CÔNG NỢ'!$A$5:$A$51,$B49,'SỔ CÔNG NỢ'!$B$5:$B$51,E$45))) | F49: =IF($B49="","",IF(COUNTIFS('SỔ CÔNG NỢ'!$A$5:$A$51,$B49,'SỔ CÔNG NỢ'!$B$5:$B$51,F$45)=0,"",SUMIFS('SỔ CÔNG NỢ'!$G$5:$G$51,'SỔ CÔNG NỢ'!$A$5:$A$51,$B49,'SỔ CÔNG NỢ'!$B$5:$B$51,F$45))) | G49: =IF($B49="","",IF(COUNTIFS('SỔ CÔNG NỢ'!$A$5:$A$51,$B49,'SỔ CÔNG NỢ'!$B$5:$B$51,G$45)=0,"",SUMIFS('SỔ CÔNG NỢ'!$G$5:$G$51,'SỔ CÔNG NỢ'!$A$5:$A$51,$B49,'SỔ CÔNG NỢ'!$B$5:$B$51,G$45))) | H49: =IF($B49="","",IF(COUNTIFS('SỔ CÔNG NỢ'!$A$5:$A$51,$B49,'SỔ CÔNG NỢ'!$B$5:$B$51,H$45)=0,"",SUMIFS('SỔ CÔNG NỢ'!$G$5:$G$51,'SỔ CÔNG NỢ'!$A$5:$A$51,$B49,'SỔ CÔNG NỢ'!$B$5:$B$51,H$45))) | I49: =IF($B49="","",IF(COUNTIFS('SỔ CÔNG NỢ'!$A$5:$A$51,$B49,'SỔ CÔNG NỢ'!$B$5:$B$51,I$45)=0,"",SUMIFS('SỔ CÔNG NỢ'!$G$5:$G$51,'SỔ CÔNG NỢ'!$A$5:$A$51,$B49,'SỔ CÔNG NỢ'!$B$5:$B$51,I$45)))
B50: =IF($B13="","",$B13) | C50: =IF($B50="","",IF(COUNTIFS('SỔ CÔNG NỢ'!$A$5:$A$51,$B50,'SỔ CÔNG NỢ'!$B$5:$B$51,C$45)=0,"",SUMIFS('SỔ CÔNG NỢ'!$G$5:$G$51,'SỔ CÔNG NỢ'!$A$5:$A$51,$B50,'SỔ CÔNG NỢ'!$B$5:$B$51,C$45))) | D50: =IF($B50="","",IF(COUNTIFS('SỔ CÔNG NỢ'!$A$5:$A$51,$B50,'SỔ CÔNG NỢ'!$B$5:$B$51,D$45)=0,"",SUMIFS('SỔ CÔNG NỢ'!$G$5:$G$51,'SỔ CÔNG NỢ'!$A$5:$A$51,$B50,'SỔ CÔNG NỢ'!$B$5:$B$51,D$45))) | E50: =IF($B50="","",IF(COUNTIFS('SỔ CÔNG NỢ'!$A$5:$A$51,$B50,'SỔ CÔNG NỢ'!$B$5:$B$51,E$45)=0,"",SUMIFS('SỔ CÔNG NỢ'!$G$5:$G$51,'SỔ CÔNG NỢ'!$A$5:$A$51,$B50,'SỔ CÔNG NỢ'!$B$5:$B$51,E$45))) | F50: =IF($B50="","",IF(COUNTIFS('SỔ CÔNG NỢ'!$A$5:$A$51,$B50,'SỔ CÔNG NỢ'!$B$5:$B$51,F$45)=0,"",SUMIFS('SỔ CÔNG NỢ'!$G$5:$G$51,'SỔ CÔNG NỢ'!$A$5:$A$51,$B50,'SỔ CÔNG NỢ'!$B$5:$B$51,F$45))) | G50: =IF($B50="","",IF(COUNTIFS('SỔ CÔNG NỢ'!$A$5:$A$51,$B50,'SỔ CÔNG NỢ'!$B$5:$B$51,G$45)=0,"",SUMIFS('SỔ CÔNG NỢ'!$G$5:$G$51,'SỔ CÔNG NỢ'!$A$5:$A$51,$B50,'SỔ CÔNG NỢ'!$B$5:$B$51,G$45))) | H50: =IF($B50="","",IF(COUNTIFS('SỔ CÔNG NỢ'!$A$5:$A$51,$B50,'SỔ CÔNG NỢ'!$B$5:$B$51,H$45)=0,"",SUMIFS('SỔ CÔNG NỢ'!$G$5:$G$51,'SỔ CÔNG NỢ'!$A$5:$A$51,$B50,'SỔ CÔNG NỢ'!$B$5:$B$51,H$45))) | I50: =IF($B50="","",IF(COUNTIFS('SỔ CÔNG NỢ'!$A$5:$A$51,$B50,'SỔ CÔNG NỢ'!$B$5:$B$51,I$45)=0,"",SUMIFS('SỔ CÔNG NỢ'!$G$5:$G$51,'SỔ CÔNG NỢ'!$A$5:$A$51,$B50,'SỔ CÔNG NỢ'!$B$5:$B$51,I$45)))
B51: =IF($B14="","",$B14) | C51: =IF($B51="","",IF(COUNTIFS('SỔ CÔNG NỢ'!$A$5:$A$51,$B51,'SỔ CÔNG NỢ'!$B$5:$B$51,C$45)=0,"",SUMIFS('SỔ CÔNG NỢ'!$G$5:$G$51,'SỔ CÔNG NỢ'!$A$5:$A$51,$B51,'SỔ CÔNG NỢ'!$B$5:$B$51,C$45))) | D51: =IF($B51="","",IF(COUNTIFS('SỔ CÔNG NỢ'!$A$5:$A$51,$B51,'SỔ CÔNG NỢ'!$B$5:$B$51,D$45)=0,"",SUMIFS('SỔ CÔNG NỢ'!$G$5:$G$51,'SỔ CÔNG NỢ'!$A$5:$A$51,$B51,'SỔ CÔNG NỢ'!$B$5:$B$51,D$45))) | E51: =IF($B51="","",IF(COUNTIFS('SỔ CÔNG NỢ'!$A$5:$A$51,$B51,'SỔ CÔNG NỢ'!$B$5:$B$51,E$45)=0,"",SUMIFS('SỔ CÔNG NỢ'!$G$5:$G$51,'SỔ CÔNG NỢ'!$A$5:$A$51,$B51,'SỔ CÔNG NỢ'!$B$5:$B$51,E$45))) | F51: =IF($B51="","",IF(COUNTIFS('SỔ CÔNG NỢ'!$A$5:$A$51,$B51,'SỔ CÔNG NỢ'!$B$5:$B$51,F$45)=0,"",SUMIFS('SỔ CÔNG NỢ'!$G$5:$G$51,'SỔ CÔNG NỢ'!$A$5:$A$51,$B51,'SỔ CÔNG NỢ'!$B$5:$B$51,F$45))) | G51: =IF($B51="","",IF(COUNTIFS('SỔ CÔNG NỢ'!$A$5:$A$51,$B51,'SỔ CÔNG NỢ'!$B$5:$B$51,G$45)=0,"",SUMIFS('SỔ CÔNG NỢ'!$G$5:$G$51,'SỔ CÔNG NỢ'!$A$5:$A$51,$B51,'SỔ CÔNG NỢ'!$B$5:$B$51,G$45))) | H51: =IF($B51="","",IF(COUNTIFS('SỔ CÔNG NỢ'!$A$5:$A$51,$B51,'SỔ CÔNG NỢ'!$B$5:$B$51,H$45)=0,"",SUMIFS('SỔ CÔNG NỢ'!$G$5:$G$51,'SỔ CÔNG NỢ'!$A$5:$A$51,$B51,'SỔ CÔNG NỢ'!$B$5:$B$51,H$45))) | I51: =IF($B51="","",IF(COUNTIFS('SỔ CÔNG NỢ'!$A$5:$A$51,$B51,'SỔ CÔNG NỢ'!$B$5:$B$51,I$45)=0,"",SUMIFS('SỔ CÔNG NỢ'!$G$5:$G$51,'SỔ CÔNG NỢ'!$A$5:$A$51,$B51,'SỔ CÔNG NỢ'!$B$5:$B$51,I$45)))
B52: =IF($B15="","",$B15) | C52: =IF($B52="","",IF(COUNTIFS('SỔ CÔNG NỢ'!$A$5:$A$51,$B52,'SỔ CÔNG NỢ'!$B$5:$B$51,C$45)=0,"",SUMIFS('SỔ CÔNG NỢ'!$G$5:$G$51,'SỔ CÔNG NỢ'!$A$5:$A$51,$B52,'SỔ CÔNG NỢ'!$B$5:$B$51,C$45))) | D52: =IF($B52="","",IF(COUNTIFS('SỔ CÔNG NỢ'!$A$5:$A$51,$B52,'SỔ CÔNG NỢ'!$B$5:$B$51,D$45)=0,"",SUMIFS('SỔ CÔNG NỢ'!$G$5:$G$51,'SỔ CÔNG NỢ'!$A$5:$A$51,$B52,'SỔ CÔNG NỢ'!$B$5:$B$51,D$45))) | E52: =IF($B52="","",IF(COUNTIFS('SỔ CÔNG NỢ'!$A$5:$A$51,$B52,'SỔ CÔNG NỢ'!$B$5:$B$51,E$45)=0,"",SUMIFS('SỔ CÔNG NỢ'!$G$5:$G$51,'SỔ CÔNG NỢ'!$A$5:$A$51,$B52,'SỔ CÔNG NỢ'!$B$5:$B$51,E$45))) | F52: =IF($B52="","",IF(COUNTIFS('SỔ CÔNG NỢ'!$A$5:$A$51,$B52,'SỔ CÔNG NỢ'!$B$5:$B$51,F$45)=0,"",SUMIFS('SỔ CÔNG NỢ'!$G$5:$G$51,'SỔ CÔNG NỢ'!$A$5:$A$51,$B52,'SỔ CÔNG NỢ'!$B$5:$B$51,F$45))) | G52: =IF($B52="","",IF(COUNTIFS('SỔ CÔNG NỢ'!$A$5:$A$51,$B52,'SỔ CÔNG NỢ'!$B$5:$B$51,G$45)=0,"",SUMIFS('SỔ CÔNG NỢ'!$G$5:$G$51,'SỔ CÔNG NỢ'!$A$5:$A$51,$B52,'SỔ CÔNG NỢ'!$B$5:$B$51,G$45))) | H52: =IF($B52="","",IF(COUNTIFS('SỔ CÔNG NỢ'!$A$5:$A$51,$B52,'SỔ CÔNG NỢ'!$B$5:$B$51,H$45)=0,"",SUMIFS('SỔ CÔNG NỢ'!$G$5:$G$51,'SỔ CÔNG NỢ'!$A$5:$A$51,$B52,'SỔ CÔNG NỢ'!$B$5:$B$51,H$45))) | I52: =IF($B52="","",IF(COUNTIFS('SỔ CÔNG NỢ'!$A$5:$A$51,$B52,'SỔ CÔNG NỢ'!$B$5:$B$51,I$45)=0,"",SUMIFS('SỔ CÔNG NỢ'!$G$5:$G$51,'SỔ CÔNG NỢ'!$A$5:$A$51,$B52,'SỔ CÔNG NỢ'!$B$5:$B$51,I$45)))
B53: =IF($B16="","",$B16) | C53: =IF($B53="","",IF(COUNTIFS('SỔ CÔNG NỢ'!$A$5:$A$51,$B53,'SỔ CÔNG NỢ'!$B$5:$B$51,C$45)=0,"",SUMIFS('SỔ CÔNG NỢ'!$G$5:$G$51,'SỔ CÔNG NỢ'!$A$5:$A$51,$B53,'SỔ CÔNG NỢ'!$B$5:$B$51,C$45))) | D53: =IF($B53="","",IF(COUNTIFS('SỔ CÔNG NỢ'!$A$5:$A$51,$B53,'SỔ CÔNG NỢ'!$B$5:$B$51,D$45)=0,"",SUMIFS('SỔ CÔNG NỢ'!$G$5:$G$51,'SỔ CÔNG NỢ'!$A$5:$A$51,$B53,'SỔ CÔNG NỢ'!$B$5:$B$51,D$45))) | E53: =IF($B53="","",IF(COUNTIFS('SỔ CÔNG NỢ'!$A$5:$A$51,$B53,'SỔ CÔNG NỢ'!$B$5:$B$51,E$45)=0,"",SUMIFS('SỔ CÔNG NỢ'!$G$5:$G$51,'SỔ CÔNG NỢ'!$A$5:$A$51,$B53,'SỔ CÔNG NỢ'!$B$5:$B$51,E$45))) | F53: =IF($B53="","",IF(COUNTIFS('SỔ CÔNG NỢ'!$A$5:$A$51,$B53,'SỔ CÔNG NỢ'!$B$5:$B$51,F$45)=0,"",SUMIFS('SỔ CÔNG NỢ'!$G$5:$G$51,'SỔ CÔNG NỢ'!$A$5:$A$51,$B53,'SỔ CÔNG NỢ'!$B$5:$B$51,F$45))) | G53: =IF($B53="","",IF(COUNTIFS('SỔ CÔNG NỢ'!$A$5:$A$51,$B53,'SỔ CÔNG NỢ'!$B$5:$B$51,G$45)=0,"",SUMIFS('SỔ CÔNG NỢ'!$G$5:$G$51,'SỔ CÔNG NỢ'!$A$5:$A$51,$B53,'SỔ CÔNG NỢ'!$B$5:$B$51,G$45))) | H53: =IF($B53="","",IF(COUNTIFS('SỔ CÔNG NỢ'!$A$5:$A$51,$B53,'SỔ CÔNG NỢ'!$B$5:$B$51,H$45)=0,"",SUMIFS('SỔ CÔNG NỢ'!$G$5:$G$51,'SỔ CÔNG NỢ'!$A$5:$A$51,$B53,'SỔ CÔNG NỢ'!$B$5:$B$51,H$45))) | I53: =IF($B53="","",IF(COUNTIFS('SỔ CÔNG NỢ'!$A$5:$A$51,$B53,'SỔ CÔNG NỢ'!$B$5:$B$51,I$45)=0,"",SUMIFS('SỔ CÔNG NỢ'!$G$5:$G$51,'SỔ CÔNG NỢ'!$A$5:$A$51,$B53,'SỔ CÔNG NỢ'!$B$5:$B$51,I$45)))
B54: =IF($B17="","",$B17) | C54: =IF($B54="","",IF(COUNTIFS('SỔ CÔNG NỢ'!$A$5:$A$51,$B54,'SỔ CÔNG NỢ'!$B$5:$B$51,C$45)=0,"",SUMIFS('SỔ CÔNG NỢ'!$G$5:$G$51,'SỔ CÔNG NỢ'!$A$5:$A$51,$B54,'SỔ CÔNG NỢ'!$B$5:$B$51,C$45))) | D54: =IF($B54="","",IF(COUNTIFS('SỔ CÔNG NỢ'!$A$5:$A$51,$B54,'SỔ CÔNG NỢ'!$B$5:$B$51,D$45)=0,"",SUMIFS('SỔ CÔNG NỢ'!$G$5:$G$51,'SỔ CÔNG NỢ'!$A$5:$A$51,$B54,'SỔ CÔNG NỢ'!$B$5:$B$51,D$45))) | E54: =IF($B54="","",IF(COUNTIFS('SỔ CÔNG NỢ'!$A$5:$A$51,$B54,'SỔ CÔNG NỢ'!$B$5:$B$51,E$45)=0,"",SUMIFS('SỔ CÔNG NỢ'!$G$5:$G$51,'SỔ CÔNG NỢ'!$A$5:$A$51,$B54,'SỔ CÔNG NỢ'!$B$5:$B$51,E$45))) | F54: =IF($B54="","",IF(COUNTIFS('SỔ CÔNG NỢ'!$A$5:$A$51,$B54,'SỔ CÔNG NỢ'!$B$5:$B$51,F$45)=0,"",SUMIFS('SỔ CÔNG NỢ'!$G$5:$G$51,'SỔ CÔNG NỢ'!$A$5:$A$51,$B54,'SỔ CÔNG NỢ'!$B$5:$B$51,F$45))) | G54: =IF($B54="","",IF(COUNTIFS('SỔ CÔNG NỢ'!$A$5:$A$51,$B54,'SỔ CÔNG NỢ'!$B$5:$B$51,G$45)=0,"",SUMIFS('SỔ CÔNG NỢ'!$G$5:$G$51,'SỔ CÔNG NỢ'!$A$5:$A$51,$B54,'SỔ CÔNG NỢ'!$B$5:$B$51,G$45))) | H54: =IF($B54="","",IF(COUNTIFS('SỔ CÔNG NỢ'!$A$5:$A$51,$B54,'SỔ CÔNG NỢ'!$B$5:$B$51,H$45)=0,"",SUMIFS('SỔ CÔNG NỢ'!$G$5:$G$51,'SỔ CÔNG NỢ'!$A$5:$A$51,$B54,'SỔ CÔNG NỢ'!$B$5:$B$51,H$45))) | I54: =IF($B54="","",IF(COUNTIFS('SỔ CÔNG NỢ'!$A$5:$A$51,$B54,'SỔ CÔNG NỢ'!$B$5:$B$51,I$45)=0,"",SUMIFS('SỔ CÔNG NỢ'!$G$5:$G$51,'SỔ CÔNG NỢ'!$A$5:$A$51,$B54,'SỔ CÔNG NỢ'!$B$5:$B$51,I$45)))
B55: =IF($B18="","",$B18) | C55: =IF($B55="","",IF(COUNTIFS('SỔ CÔNG NỢ'!$A$5:$A$51,$B55,'SỔ CÔNG NỢ'!$B$5:$B$51,C$45)=0,"",SUMIFS('SỔ CÔNG NỢ'!$G$5:$G$51,'SỔ CÔNG NỢ'!$A$5:$A$51,$B55,'SỔ CÔNG NỢ'!$B$5:$B$51,C$45))) | D55: =IF($B55="","",IF(COUNTIFS('SỔ CÔNG NỢ'!$A$5:$A$51,$B55,'SỔ CÔNG NỢ'!$B$5:$B$51,D$45)=0,"",SUMIFS('SỔ CÔNG NỢ'!$G$5:$G$51,'SỔ CÔNG NỢ'!$A$5:$A$51,$B55,'SỔ CÔNG NỢ'!$B$5:$B$51,D$45))) | E55: =IF($B55="","",IF(COUNTIFS('SỔ CÔNG NỢ'!$A$5:$A$51,$B55,'SỔ CÔNG NỢ'!$B$5:$B$51,E$45)=0,"",SUMIFS('SỔ CÔNG NỢ'!$G$5:$G$51,'SỔ CÔNG NỢ'!$A$5:$A$51,$B55,'SỔ CÔNG NỢ'!$B$5:$B$51,E$45))) | F55: =IF($B55="","",IF(COUNTIFS('SỔ CÔNG NỢ'!$A$5:$A$51,$B55,'SỔ CÔNG NỢ'!$B$5:$B$51,F$45)=0,"",SUMIFS('SỔ CÔNG NỢ'!$G$5:$G$51,'SỔ CÔNG NỢ'!$A$5:$A$51,$B55,'SỔ CÔNG NỢ'!$B$5:$B$51,F$45))) | G55: =IF($B55="","",IF(COUNTIFS('SỔ CÔNG NỢ'!$A$5:$A$51,$B55,'SỔ CÔNG NỢ'!$B$5:$B$51,G$45)=0,"",SUMIFS('SỔ CÔNG NỢ'!$G$5:$G$51,'SỔ CÔNG NỢ'!$A$5:$A$51,$B55,'SỔ CÔNG NỢ'!$B$5:$B$51,G$45))) | H55: =IF($B55="","",IF(COUNTIFS('SỔ CÔNG NỢ'!$A$5:$A$51,$B55,'SỔ CÔNG NỢ'!$B$5:$B$51,H$45)=0,"",SUMIFS('SỔ CÔNG NỢ'!$G$5:$G$51,'SỔ CÔNG NỢ'!$A$5:$A$51,$B55,'SỔ CÔNG NỢ'!$B$5:$B$51,H$45))) | I55: =IF($B55="","",IF(COUNTIFS('SỔ CÔNG NỢ'!$A$5:$A$51,$B55,'SỔ CÔNG NỢ'!$B$5:$B$51,I$45)=0,"",SUMIFS('SỔ CÔNG NỢ'!$G$5:$G$51,'SỔ CÔNG NỢ'!$A$5:$A$51,$B55,'SỔ CÔNG NỢ'!$B$5:$B$51,I$45)))
B56: =IF($B19="","",$B19) | C56: =IF($B56="","",IF(COUNTIFS('SỔ CÔNG NỢ'!$A$5:$A$51,$B56,'SỔ CÔNG NỢ'!$B$5:$B$51,C$45)=0,"",SUMIFS('SỔ CÔNG NỢ'!$G$5:$G$51,'SỔ CÔNG NỢ'!$A$5:$A$51,$B56,'SỔ CÔNG NỢ'!$B$5:$B$51,C$45))) | D56: =IF($B56="","",IF(COUNTIFS('SỔ CÔNG NỢ'!$A$5:$A$51,$B56,'SỔ CÔNG NỢ'!$B$5:$B$51,D$45)=0,"",SUMIFS('SỔ CÔNG NỢ'!$G$5:$G$51,'SỔ CÔNG NỢ'!$A$5:$A$51,$B56,'SỔ CÔNG NỢ'!$B$5:$B$51,D$45))) | E56: =IF($B56="","",IF(COUNTIFS('SỔ CÔNG NỢ'!$A$5:$A$51,$B56,'SỔ CÔNG NỢ'!$B$5:$B$51,E$45)=0,"",SUMIFS('SỔ CÔNG NỢ'!$G$5:$G$51,'SỔ CÔNG NỢ'!$A$5:$A$51,$B56,'SỔ CÔNG NỢ'!$B$5:$B$51,E$45))) | F56: =IF($B56="","",IF(COUNTIFS('SỔ CÔNG NỢ'!$A$5:$A$51,$B56,'SỔ CÔNG NỢ'!$B$5:$B$51,F$45)=0,"",SUMIFS('SỔ CÔNG NỢ'!$G$5:$G$51,'SỔ CÔNG NỢ'!$A$5:$A$51,$B56,'SỔ CÔNG NỢ'!$B$5:$B$51,F$45))) | G56: =IF($B56="","",IF(COUNTIFS('SỔ CÔNG NỢ'!$A$5:$A$51,$B56,'SỔ CÔNG NỢ'!$B$5:$B$51,G$45)=0,"",SUMIFS('SỔ CÔNG NỢ'!$G$5:$G$51,'SỔ CÔNG NỢ'!$A$5:$A$51,$B56,'SỔ CÔNG NỢ'!$B$5:$B$51,G$45))) | H56: =IF($B56="","",IF(COUNTIFS('SỔ CÔNG NỢ'!$A$5:$A$51,$B56,'SỔ CÔNG NỢ'!$B$5:$B$51,H$45)=0,"",SUMIFS('SỔ CÔNG NỢ'!$G$5:$G$51,'SỔ CÔNG NỢ'!$A$5:$A$51,$B56,'SỔ CÔNG NỢ'!$B$5:$B$51,H$45))) | I56: =IF($B56="","",IF(COUNTIFS('SỔ CÔNG NỢ'!$A$5:$A$51,$B56,'SỔ CÔNG NỢ'!$B$5:$B$51,I$45)=0,"",SUMIFS('SỔ CÔNG NỢ'!$G$5:$G$51,'SỔ CÔNG NỢ'!$A$5:$A$51,$B56,'SỔ CÔNG NỢ'!$B$5:$B$51,I$45)))
B57: =IF($B20="","",$B20) | C57: =IF($B57="","",IF(COUNTIFS('SỔ CÔNG NỢ'!$A$5:$A$51,$B57,'SỔ CÔNG NỢ'!$B$5:$B$51,C$45)=0,"",SUMIFS('SỔ CÔNG NỢ'!$G$5:$G$51,'SỔ CÔNG NỢ'!$A$5:$A$51,$B57,'SỔ CÔNG NỢ'!$B$5:$B$51,C$45))) | D57: =IF($B57="","",IF(COUNTIFS('SỔ CÔNG NỢ'!$A$5:$A$51,$B57,'SỔ CÔNG NỢ'!$B$5:$B$51,D$45)=0,"",SUMIFS('SỔ CÔNG NỢ'!$G$5:$G$51,'SỔ CÔNG NỢ'!$A$5:$A$51,$B57,'SỔ CÔNG NỢ'!$B$5:$B$51,D$45))) | E57: =IF($B57="","",IF(COUNTIFS('SỔ CÔNG NỢ'!$A$5:$A$51,$B57,'SỔ CÔNG NỢ'!$B$5:$B$51,E$45)=0,"",SUMIFS('SỔ CÔNG NỢ'!$G$5:$G$51,'SỔ CÔNG NỢ'!$A$5:$A$51,$B57,'SỔ CÔNG NỢ'!$B$5:$B$51,E$45))) | F57: =IF($B57="","",IF(COUNTIFS('SỔ CÔNG NỢ'!$A$5:$A$51,$B57,'SỔ CÔNG NỢ'!$B$5:$B$51,F$45)=0,"",SUMIFS('SỔ CÔNG NỢ'!$G$5:$G$51,'SỔ CÔNG NỢ'!$A$5:$A$51,$B57,'SỔ CÔNG NỢ'!$B$5:$B$51,F$45))) | G57: =IF($B57="","",IF(COUNTIFS('SỔ CÔNG NỢ'!$A$5:$A$51,$B57,'SỔ CÔNG NỢ'!$B$5:$B$51,G$45)=0,"",SUMIFS('SỔ CÔNG NỢ'!$G$5:$G$51,'SỔ CÔNG NỢ'!$A$5:$A$51,$B57,'SỔ CÔNG NỢ'!$B$5:$B$51,G$45))) | H57: =IF($B57="","",IF(COUNTIFS('SỔ CÔNG NỢ'!$A$5:$A$51,$B57,'SỔ CÔNG NỢ'!$B$5:$B$51,H$45)=0,"",SUMIFS('SỔ CÔNG NỢ'!$G$5:$G$51,'SỔ CÔNG NỢ'!$A$5:$A$51,$B57,'SỔ CÔNG NỢ'!$B$5:$B$51,H$45))) | I57: =IF($B57="","",IF(COUNTIFS('SỔ CÔNG NỢ'!$A$5:$A$51,$B57,'SỔ CÔNG NỢ'!$B$5:$B$51,I$45)=0,"",SUMIFS('SỔ CÔNG NỢ'!$G$5:$G$51,'SỔ CÔNG NỢ'!$A$5:$A$51,$B57,'SỔ CÔNG NỢ'!$B$5:$B$51,I$45)))
B58: TỔNG | C58: =SUM(C46:C57) -> 10575900 | D58: =SUM(D46:D57) -> 47553933 | E58: =SUM(E46:E57) -> 15666000 | F58: =SUM(F46:F57) -> 40173760 | G58: =SUM(G46:G57) -> 0 | H58: =SUM(H46:H57) -> 0 | I58: =SUM(I46:I57) -> 0
A61: ▶ KHÁCH ĐÃ THANH TOÁN THEO THÁNG
B62: Khách hàng | C62: =$C$25 -> 46174 | D62: =EDATE(C62,1) -> 46204 | E62: =EDATE(D62,1) -> 46235 | F62: =EDATE(E62,1) -> 46266 | G62: =EDATE(F62,1) -> 46296 | H62: =EDATE(G62,1) -> 46327 | I62: =EDATE(H62,1) -> 46357
B63: =IF($B9="","",$B9) -> Hiền Xuân | C63: =IF($B63="","",IF(COUNTIFS('SỔ CÔNG NỢ'!$A$5:$A$51,$B63,'SỔ CÔNG NỢ'!$B$5:$B$51,C$62)=0,"",SUMIFS('SỔ CÔNG NỢ'!$K$5:$K$51,'SỔ CÔNG NỢ'!$A$5:$A$51,$B63,'SỔ CÔNG NỢ'!$B$5:$B$51,C$62))) | D63: =IF($B63="","",IF(COUNTIFS('SỔ CÔNG NỢ'!$A$5:$A$51,$B63,'SỔ CÔNG NỢ'!$B$5:$B$51,D$62)=0,"",SUMIFS('SỔ CÔNG NỢ'!$K$5:$K$51,'SỔ CÔNG NỢ'!$A$5:$A$51,$B63,'SỔ CÔNG NỢ'!$B$5:$B$51,D$62))) -> 30060000 | E63: =IF($B63="","",IF(COUNTIFS('SỔ CÔNG NỢ'!$A$5:$A$51,$B63,'SỔ CÔNG NỢ'!$B$5:$B$51,E$62)=0,"",SUMIFS('SỔ CÔNG NỢ'!$K$5:$K$51,'SỔ CÔNG NỢ'!$A$5:$A$51,$B63,'SỔ CÔNG NỢ'!$B$5:$B$51,E$62))) | F63: =IF($B63="","",IF(COUNTIFS('SỔ CÔNG NỢ'!$A$5:$A$51,$B63,'SỔ CÔNG NỢ'!$B$5:$B$51,F$62)=0,"",SUMIFS('SỔ CÔNG NỢ'!$K$5:$K$51,'SỔ CÔNG NỢ'!$A$5:$A$51,$B63,'SỔ CÔNG NỢ'!$B$5:$B$51,F$62))) | G63: =IF($B63="","",IF(COUNTIFS('SỔ CÔNG NỢ'!$A$5:$A$51,$B63,'SỔ CÔNG NỢ'!$B$5:$B$51,G$62)=0,"",SUMIFS('SỔ CÔNG NỢ'!$K$5:$K$51,'SỔ CÔNG NỢ'!$A$5:$A$51,$B63,'SỔ CÔNG NỢ'!$B$5:$B$51,G$62))) | H63: =IF($B63="","",IF(COUNTIFS('SỔ CÔNG NỢ'!$A$5:$A$51,$B63,'SỔ CÔNG NỢ'!$B$5:$B$51,H$62)=0,"",SUMIFS('SỔ CÔNG NỢ'!$K$5:$K$51,'SỔ CÔNG NỢ'!$A$5:$A$51,$B63,'SỔ CÔNG NỢ'!$B$5:$B$51,H$62))) | I63: =IF($B63="","",IF(COUNTIFS('SỔ CÔNG NỢ'!$A$5:$A$51,$B63,'SỔ CÔNG NỢ'!$B$5:$B$51,I$62)=0,"",SUMIFS('SỔ CÔNG NỢ'!$K$5:$K$51,'SỔ CÔNG NỢ'!$A$5:$A$51,$B63,'SỔ CÔNG NỢ'!$B$5:$B$51,I$62)))
B64: =IF($B10="","",$B10) -> Hòa Hiệp | C64: =IF($B64="","",IF(COUNTIFS('SỔ CÔNG NỢ'!$A$5:$A$51,$B64,'SỔ CÔNG NỢ'!$B$5:$B$51,C$62)=0,"",SUMIFS('SỔ CÔNG NỢ'!$K$5:$K$51,'SỔ CÔNG NỢ'!$A$5:$A$51,$B64,'SỔ CÔNG NỢ'!$B$5:$B$51,C$62))) -> 1500000 | D64: =IF($B64="","",IF(COUNTIFS('SỔ CÔNG NỢ'!$A$5:$A$51,$B64,'SỔ CÔNG NỢ'!$B$5:$B$51,D$62)=0,"",SUMIFS('SỔ CÔNG NỢ'!$K$5:$K$51,'SỔ CÔNG NỢ'!$A$5:$A$51,$B64,'SỔ CÔNG NỢ'!$B$5:$B$51,D$62))) | E64: =IF($B64="","",IF(COUNTIFS('SỔ CÔNG NỢ'!$A$5:$A$51,$B64,'SỔ CÔNG NỢ'!$B$5:$B$51,E$62)=0,"",SUMIFS('SỔ CÔNG NỢ'!$K$5:$K$51,'SỔ CÔNG NỢ'!$A$5:$A$51,$B64,'SỔ CÔNG NỢ'!$B$5:$B$51,E$62))) | F64: =IF($B64="","",IF(COUNTIFS('SỔ CÔNG NỢ'!$A$5:$A$51,$B64,'SỔ CÔNG NỢ'!$B$5:$B$51,F$62)=0,"",SUMIFS('SỔ CÔNG NỢ'!$K$5:$K$51,'SỔ CÔNG NỢ'!$A$5:$A$51,$B64,'SỔ CÔNG NỢ'!$B$5:$B$51,F$62))) | G64: =IF($B64="","",IF(COUNTIFS('SỔ CÔNG NỢ'!$A$5:$A$51,$B64,'SỔ CÔNG NỢ'!$B$5:$B$51,G$62)=0,"",SUMIFS('SỔ CÔNG NỢ'!$K$5:$K$51,'SỔ CÔNG NỢ'!$A$5:$A$51,$B64,'SỔ CÔNG NỢ'!$B$5:$B$51,G$62))) | H64: =IF($B64="","",IF(COUNTIFS('SỔ CÔNG NỢ'!$A$5:$A$51,$B64,'SỔ CÔNG NỢ'!$B$5:$B$51,H$62)=0,"",SUMIFS('SỔ CÔNG NỢ'!$K$5:$K$51,'SỔ CÔNG NỢ'!$A$5:$A$51,$B64,'SỔ CÔNG NỢ'!$B$5:$B$51,H$62))) | I64: =IF($B64="","",IF(COUNTIFS('SỔ CÔNG NỢ'!$A$5:$A$51,$B64,'SỔ CÔNG NỢ'!$B$5:$B$51,I$62)=0,"",SUMIFS('SỔ CÔNG NỢ'!$K$5:$K$51,'SỔ CÔNG NỢ'!$A$5:$A$51,$B64,'SỔ CÔNG NỢ'!$B$5:$B$51,I$62)))
B65: =IF($B11="","",$B11) -> Hà Liên | C65: =IF($B65="","",IF(COUNTIFS('SỔ CÔNG NỢ'!$A$5:$A$51,$B65,'SỔ CÔNG NỢ'!$B$5:$B$51,C$62)=0,"",SUMIFS('SỔ CÔNG NỢ'!$K$5:$K$51,'SỔ CÔNG NỢ'!$A$5:$A$51,$B65,'SỔ CÔNG NỢ'!$B$5:$B$51,C$62))) -> 0 | D65: =IF($B65="","",IF(COUNTIFS('SỔ CÔNG NỢ'!$A$5:$A$51,$B65,'SỔ CÔNG NỢ'!$B$5:$B$51,D$62)=0,"",SUMIFS('SỔ CÔNG NỢ'!$K$5:$K$51,'SỔ CÔNG NỢ'!$A$5:$A$51,$B65,'SỔ CÔNG NỢ'!$B$5:$B$51,D$62))) -> 15290000 | E65: =IF($B65="","",IF(COUNTIFS('SỔ CÔNG NỢ'!$A$5:$A$51,$B65,'SỔ CÔNG NỢ'!$B$5:$B$51,E$62)=0,"",SUMIFS('SỔ CÔNG NỢ'!$K$5:$K$51,'SỔ CÔNG NỢ'!$A$5:$A$51,$B65,'SỔ CÔNG NỢ'!$B$5:$B$51,E$62))) -> 33240000 | F65: =IF($B65="","",IF(COUNTIFS('SỔ CÔNG NỢ'!$A$5:$A$51,$B65,'SỔ CÔNG NỢ'!$B$5:$B$51,F$62)=0,"",SUMIFS('SỔ CÔNG NỢ'!$K$5:$K$51,'SỔ CÔNG NỢ'!$A$5:$A$51,$B65,'SỔ CÔNG NỢ'!$B$5:$B$51,F$62))) -> 0 | G65: =IF($B65="","",IF(COUNTIFS('SỔ CÔNG NỢ'!$A$5:$A$51,$B65,'SỔ CÔNG NỢ'!$B$5:$B$51,G$62)=0,"",SUMIFS('SỔ CÔNG NỢ'!$K$5:$K$51,'SỔ CÔNG NỢ'!$A$5:$A$51,$B65,'SỔ CÔNG NỢ'!$B$5:$B$51,G$62))) | H65: =IF($B65="","",IF(COUNTIFS('SỔ CÔNG NỢ'!$A$5:$A$51,$B65,'SỔ CÔNG NỢ'!$B$5:$B$51,H$62)=0,"",SUMIFS('SỔ CÔNG NỢ'!$K$5:$K$51,'SỔ CÔNG NỢ'!$A$5:$A$51,$B65,'SỔ CÔNG NỢ'!$B$5:$B$51,H$62))) | I65: =IF($B65="","",IF(COUNTIFS('SỔ CÔNG NỢ'!$A$5:$A$51,$B65,'SỔ CÔNG NỢ'!$B$5:$B$51,I$62)=0,"",SUMIFS('SỔ CÔNG NỢ'!$K$5:$K$51,'SỔ CÔNG NỢ'!$A$5:$A$51,$B65,'SỔ CÔNG NỢ'!$B$5:$B$51,I$62)))
B66: =IF($B12="","",$B12) | C66: =IF($B66="","",IF(COUNTIFS('SỔ CÔNG NỢ'!$A$5:$A$51,$B66,'SỔ CÔNG NỢ'!$B$5:$B$51,C$62)=0,"",SUMIFS('SỔ CÔNG NỢ'!$K$5:$K$51,'SỔ CÔNG NỢ'!$A$5:$A$51,$B66,'SỔ CÔNG NỢ'!$B$5:$B$51,C$62))) | D66: =IF($B66="","",IF(COUNTIFS('SỔ CÔNG NỢ'!$A$5:$A$51,$B66,'SỔ CÔNG NỢ'!$B$5:$B$51,D$62)=0,"",SUMIFS('SỔ CÔNG NỢ'!$K$5:$K$51,'SỔ CÔNG NỢ'!$A$5:$A$51,$B66,'SỔ CÔNG NỢ'!$B$5:$B$51,D$62))) | E66: =IF($B66="","",IF(COUNTIFS('SỔ CÔNG NỢ'!$A$5:$A$51,$B66,'SỔ CÔNG NỢ'!$B$5:$B$51,E$62)=0,"",SUMIFS('SỔ CÔNG NỢ'!$K$5:$K$51,'SỔ CÔNG NỢ'!$A$5:$A$51,$B66,'SỔ CÔNG NỢ'!$B$5:$B$51,E$62))) | F66: =IF($B66="","",IF(COUNTIFS('SỔ CÔNG NỢ'!$A$5:$A$51,$B66,'SỔ CÔNG NỢ'!$B$5:$B$51,F$62)=0,"",SUMIFS('SỔ CÔNG NỢ'!$K$5:$K$51,'SỔ CÔNG NỢ'!$A$5:$A$51,$B66,'SỔ CÔNG NỢ'!$B$5:$B$51,F$62))) | G66: =IF($B66="","",IF(COUNTIFS('SỔ CÔNG NỢ'!$A$5:$A$51,$B66,'SỔ CÔNG NỢ'!$B$5:$B$51,G$62)=0,"",SUMIFS('SỔ CÔNG NỢ'!$K$5:$K$51,'SỔ CÔNG NỢ'!$A$5:$A$51,$B66,'SỔ CÔNG NỢ'!$B$5:$B$51,G$62))) | H66: =IF($B66="","",IF(COUNTIFS('SỔ CÔNG NỢ'!$A$5:$A$51,$B66,'SỔ CÔNG NỢ'!$B$5:$B$51,H$62)=0,"",SUMIFS('SỔ CÔNG NỢ'!$K$5:$K$51,'SỔ CÔNG NỢ'!$A$5:$A$51,$B66,'SỔ CÔNG NỢ'!$B$5:$B$51,H$62))) | I66: =IF($B66="","",IF(COUNTIFS('SỔ CÔNG NỢ'!$A$5:$A$51,$B66,'SỔ CÔNG NỢ'!$B$5:$B$51,I$62)=0,"",SUMIFS('SỔ CÔNG NỢ'!$K$5:$K$51,'SỔ CÔNG NỢ'!$A$5:$A$51,$B66,'SỔ CÔNG NỢ'!$B$5:$B$51,I$62)))
B67: =IF($B13="","",$B13) | C67: =IF($B67="","",IF(COUNTIFS('SỔ CÔNG NỢ'!$A$5:$A$51,$B67,'SỔ CÔNG NỢ'!$B$5:$B$51,C$62)=0,"",SUMIFS('SỔ CÔNG NỢ'!$K$5:$K$51,'SỔ CÔNG NỢ'!$A$5:$A$51,$B67,'SỔ CÔNG NỢ'!$B$5:$B$51,C$62))) | D67: =IF($B67="","",IF(COUNTIFS('SỔ CÔNG NỢ'!$A$5:$A$51,$B67,'SỔ CÔNG NỢ'!$B$5:$B$51,D$62)=0,"",SUMIFS('SỔ CÔNG NỢ'!$K$5:$K$51,'SỔ CÔNG NỢ'!$A$5:$A$51,$B67,'SỔ CÔNG NỢ'!$B$5:$B$51,D$62))) | E67: =IF($B67="","",IF(COUNTIFS('SỔ CÔNG NỢ'!$A$5:$A$51,$B67,'SỔ CÔNG NỢ'!$B$5:$B$51,E$62)=0,"",SUMIFS('SỔ CÔNG NỢ'!$K$5:$K$51,'SỔ CÔNG NỢ'!$A$5:$A$51,$B67,'SỔ CÔNG NỢ'!$B$5:$B$51,E$62))) | F67: =IF($B67="","",IF(COUNTIFS('SỔ CÔNG NỢ'!$A$5:$A$51,$B67,'SỔ CÔNG NỢ'!$B$5:$B$51,F$62)=0,"",SUMIFS('SỔ CÔNG NỢ'!$K$5:$K$51,'SỔ CÔNG NỢ'!$A$5:$A$51,$B67,'SỔ CÔNG NỢ'!$B$5:$B$51,F$62))) | G67: =IF($B67="","",IF(COUNTIFS('SỔ CÔNG NỢ'!$A$5:$A$51,$B67,'SỔ CÔNG NỢ'!$B$5:$B$51,G$62)=0,"",SUMIFS('SỔ CÔNG NỢ'!$K$5:$K$51,'SỔ CÔNG NỢ'!$A$5:$A$51,$B67,'SỔ CÔNG NỢ'!$B$5:$B$51,G$62))) | H67: =IF($B67="","",IF(COUNTIFS('SỔ CÔNG NỢ'!$A$5:$A$51,$B67,'SỔ CÔNG NỢ'!$B$5:$B$51,H$62)=0,"",SUMIFS('SỔ CÔNG NỢ'!$K$5:$K$51,'SỔ CÔNG NỢ'!$A$5:$A$51,$B67,'SỔ CÔNG NỢ'!$B$5:$B$51,H$62))) | I67: =IF($B67="","",IF(COUNTIFS('SỔ CÔNG NỢ'!$A$5:$A$51,$B67,'SỔ CÔNG NỢ'!$B$5:$B$51,I$62)=0,"",SUMIFS('SỔ CÔNG NỢ'!$K$5:$K$51,'SỔ CÔNG NỢ'!$A$5:$A$51,$B67,'SỔ CÔNG NỢ'!$B$5:$B$51,I$62)))
B68: =IF($B14="","",$B14) | C68: =IF($B68="","",IF(COUNTIFS('SỔ CÔNG NỢ'!$A$5:$A$51,$B68,'SỔ CÔNG NỢ'!$B$5:$B$51,C$62)=0,"",SUMIFS('SỔ CÔNG NỢ'!$K$5:$K$51,'SỔ CÔNG NỢ'!$A$5:$A$51,$B68,'SỔ CÔNG NỢ'!$B$5:$B$51,C$62))) | D68: =IF($B68="","",IF(COUNTIFS('SỔ CÔNG NỢ'!$A$5:$A$51,$B68,'SỔ CÔNG NỢ'!$B$5:$B$51,D$62)=0,"",SUMIFS('SỔ CÔNG NỢ'!$K$5:$K$51,'SỔ CÔNG NỢ'!$A$5:$A$51,$B68,'SỔ CÔNG NỢ'!$B$5:$B$51,D$62))) | E68: =IF($B68="","",IF(COUNTIFS('SỔ CÔNG NỢ'!$A$5:$A$51,$B68,'SỔ CÔNG NỢ'!$B$5:$B$51,E$62)=0,"",SUMIFS('SỔ CÔNG NỢ'!$K$5:$K$51,'SỔ CÔNG NỢ'!$A$5:$A$51,$B68,'SỔ CÔNG NỢ'!$B$5:$B$51,E$62))) | F68: =IF($B68="","",IF(COUNTIFS('SỔ CÔNG NỢ'!$A$5:$A$51,$B68,'SỔ CÔNG NỢ'!$B$5:$B$51,F$62)=0,"",SUMIFS('SỔ CÔNG NỢ'!$K$5:$K$51,'SỔ CÔNG NỢ'!$A$5:$A$51,$B68,'SỔ CÔNG NỢ'!$B$5:$B$51,F$62))) | G68: =IF($B68="","",IF(COUNTIFS('SỔ CÔNG NỢ'!$A$5:$A$51,$B68,'SỔ CÔNG NỢ'!$B$5:$B$51,G$62)=0,"",SUMIFS('SỔ CÔNG NỢ'!$K$5:$K$51,'SỔ CÔNG NỢ'!$A$5:$A$51,$B68,'SỔ CÔNG NỢ'!$B$5:$B$51,G$62))) | H68: =IF($B68="","",IF(COUNTIFS('SỔ CÔNG NỢ'!$A$5:$A$51,$B68,'SỔ CÔNG NỢ'!$B$5:$B$51,H$62)=0,"",SUMIFS('SỔ CÔNG NỢ'!$K$5:$K$51,'SỔ CÔNG NỢ'!$A$5:$A$51,$B68,'SỔ CÔNG NỢ'!$B$5:$B$51,H$62))) | I68: =IF($B68="","",IF(COUNTIFS('SỔ CÔNG NỢ'!$A$5:$A$51,$B68,'SỔ CÔNG NỢ'!$B$5:$B$51,I$62)=0,"",SUMIFS('SỔ CÔNG NỢ'!$K$5:$K$51,'SỔ CÔNG NỢ'!$A$5:$A$51,$B68,'SỔ CÔNG NỢ'!$B$5:$B$51,I$62)))
B69: =IF($B15="","",$B15) | C69: =IF($B69="","",IF(COUNTIFS('SỔ CÔNG NỢ'!$A$5:$A$51,$B69,'SỔ CÔNG NỢ'!$B$5:$B$51,C$62)=0,"",SUMIFS('SỔ CÔNG NỢ'!$K$5:$K$51,'SỔ CÔNG NỢ'!$A$5:$A$51,$B69,'SỔ CÔNG NỢ'!$B$5:$B$51,C$62))) | D69: =IF($B69="","",IF(COUNTIFS('SỔ CÔNG NỢ'!$A$5:$A$51,$B69,'SỔ CÔNG NỢ'!$B$5:$B$51,D$62)=0,"",SUMIFS('SỔ CÔNG NỢ'!$K$5:$K$51,'SỔ CÔNG NỢ'!$A$5:$A$51,$B69,'SỔ CÔNG NỢ'!$B$5:$B$51,D$62))) | E69: =IF($B69="","",IF(COUNTIFS('SỔ CÔNG NỢ'!$A$5:$A$51,$B69,'SỔ CÔNG NỢ'!$B$5:$B$51,E$62)=0,"",SUMIFS('SỔ CÔNG NỢ'!$K$5:$K$51,'SỔ CÔNG NỢ'!$A$5:$A$51,$B69,'SỔ CÔNG NỢ'!$B$5:$B$51,E$62))) | F69: =IF($B69="","",IF(COUNTIFS('SỔ CÔNG NỢ'!$A$5:$A$51,$B69,'SỔ CÔNG NỢ'!$B$5:$B$51,F$62)=0,"",SUMIFS('SỔ CÔNG NỢ'!$K$5:$K$51,'SỔ CÔNG NỢ'!$A$5:$A$51,$B69,'SỔ CÔNG NỢ'!$B$5:$B$51,F$62))) | G69: =IF($B69="","",IF(COUNTIFS('SỔ CÔNG NỢ'!$A$5:$A$51,$B69,'SỔ CÔNG NỢ'!$B$5:$B$51,G$62)=0,"",SUMIFS('SỔ CÔNG NỢ'!$K$5:$K$51,'SỔ CÔNG NỢ'!$A$5:$A$51,$B69,'SỔ CÔNG NỢ'!$B$5:$B$51,G$62))) | H69: =IF($B69="","",IF(COUNTIFS('SỔ CÔNG NỢ'!$A$5:$A$51,$B69,'SỔ CÔNG NỢ'!$B$5:$B$51,H$62)=0,"",SUMIFS('SỔ CÔNG NỢ'!$K$5:$K$51,'SỔ CÔNG NỢ'!$A$5:$A$51,$B69,'SỔ CÔNG NỢ'!$B$5:$B$51,H$62))) | I69: =IF($B69="","",IF(COUNTIFS('SỔ CÔNG NỢ'!$A$5:$A$51,$B69,'SỔ CÔNG NỢ'!$B$5:$B$51,I$62)=0,"",SUMIFS('SỔ CÔNG NỢ'!$K$5:$K$51,'SỔ CÔNG NỢ'!$A$5:$A$51,$B69,'SỔ CÔNG NỢ'!$B$5:$B$51,I$62)))
B70: =IF($B16="","",$B16) | C70: =IF($B70="","",IF(COUNTIFS('SỔ CÔNG NỢ'!$A$5:$A$51,$B70,'SỔ CÔNG NỢ'!$B$5:$B$51,C$62)=0,"",SUMIFS('SỔ CÔNG NỢ'!$K$5:$K$51,'SỔ CÔNG NỢ'!$A$5:$A$51,$B70,'SỔ CÔNG NỢ'!$B$5:$B$51,C$62))) | D70: =IF($B70="","",IF(COUNTIFS('SỔ CÔNG NỢ'!$A$5:$A$51,$B70,'SỔ CÔNG NỢ'!$B$5:$B$51,D$62)=0,"",SUMIFS('SỔ CÔNG NỢ'!$K$5:$K$51,'SỔ CÔNG NỢ'!$A$5:$A$51,$B70,'SỔ CÔNG NỢ'!$B$5:$B$51,D$62))) | E70: =IF($B70="","",IF(COUNTIFS('SỔ CÔNG NỢ'!$A$5:$A$51,$B70,'SỔ CÔNG NỢ'!$B$5:$B$51,E$62)=0,"",SUMIFS('SỔ CÔNG NỢ'!$K$5:$K$51,'SỔ CÔNG NỢ'!$A$5:$A$51,$B70,'SỔ CÔNG NỢ'!$B$5:$B$51,E$62))) | F70: =IF($B70="","",IF(COUNTIFS('SỔ CÔNG NỢ'!$A$5:$A$51,$B70,'SỔ CÔNG NỢ'!$B$5:$B$51,F$62)=0,"",SUMIFS('SỔ CÔNG NỢ'!$K$5:$K$51,'SỔ CÔNG NỢ'!$A$5:$A$51,$B70,'SỔ CÔNG NỢ'!$B$5:$B$51,F$62))) | G70: =IF($B70="","",IF(COUNTIFS('SỔ CÔNG NỢ'!$A$5:$A$51,$B70,'SỔ CÔNG NỢ'!$B$5:$B$51,G$62)=0,"",SUMIFS('SỔ CÔNG NỢ'!$K$5:$K$51,'SỔ CÔNG NỢ'!$A$5:$A$51,$B70,'SỔ CÔNG NỢ'!$B$5:$B$51,G$62))) | H70: =IF($B70="","",IF(COUNTIFS('SỔ CÔNG NỢ'!$A$5:$A$51,$B70,'SỔ CÔNG NỢ'!$B$5:$B$51,H$62)=0,"",SUMIFS('SỔ CÔNG NỢ'!$K$5:$K$51,'SỔ CÔNG NỢ'!$A$5:$A$51,$B70,'SỔ CÔNG NỢ'!$B$5:$B$51,H$62))) | I70: =IF($B70="","",IF(COUNTIFS('SỔ CÔNG NỢ'!$A$5:$A$51,$B70,'SỔ CÔNG NỢ'!$B$5:$B$51,I$62)=0,"",SUMIFS('SỔ CÔNG NỢ'!$K$5:$K$51,'SỔ CÔNG NỢ'!$A$5:$A$51,$B70,'SỔ CÔNG NỢ'!$B$5:$B$51,I$62)))
B71: =IF($B17="","",$B17) | C71: =IF($B71="","",IF(COUNTIFS('SỔ CÔNG NỢ'!$A$5:$A$51,$B71,'SỔ CÔNG NỢ'!$B$5:$B$51,C$62)=0,"",SUMIFS('SỔ CÔNG NỢ'!$K$5:$K$51,'SỔ CÔNG NỢ'!$A$5:$A$51,$B71,'SỔ CÔNG NỢ'!$B$5:$B$51,C$62))) | D71: =IF($B71="","",IF(COUNTIFS('SỔ CÔNG NỢ'!$A$5:$A$51,$B71,'SỔ CÔNG NỢ'!$B$5:$B$51,D$62)=0,"",SUMIFS('SỔ CÔNG NỢ'!$K$5:$K$51,'SỔ CÔNG NỢ'!$A$5:$A$51,$B71,'SỔ CÔNG NỢ'!$B$5:$B$51,D$62))) | E71: =IF($B71="","",IF(COUNTIFS('SỔ CÔNG NỢ'!$A$5:$A$51,$B71,'SỔ CÔNG NỢ'!$B$5:$B$51,E$62)=0,"",SUMIFS('SỔ CÔNG NỢ'!$K$5:$K$51,'SỔ CÔNG NỢ'!$A$5:$A$51,$B71,'SỔ CÔNG NỢ'!$B$5:$B$51,E$62))) | F71: =IF($B71="","",IF(COUNTIFS('SỔ CÔNG NỢ'!$A$5:$A$51,$B71,'SỔ CÔNG NỢ'!$B$5:$B$51,F$62)=0,"",SUMIFS('SỔ CÔNG NỢ'!$K$5:$K$51,'SỔ CÔNG NỢ'!$A$5:$A$51,$B71,'SỔ CÔNG NỢ'!$B$5:$B$51,F$62))) | G71: =IF($B71="","",IF(COUNTIFS('SỔ CÔNG NỢ'!$A$5:$A$51,$B71,'SỔ CÔNG NỢ'!$B$5:$B$51,G$62)=0,"",SUMIFS('SỔ CÔNG NỢ'!$K$5:$K$51,'SỔ CÔNG NỢ'!$A$5:$A$51,$B71,'SỔ CÔNG NỢ'!$B$5:$B$51,G$62))) | H71: =IF($B71="","",IF(COUNTIFS('SỔ CÔNG NỢ'!$A$5:$A$51,$B71,'SỔ CÔNG NỢ'!$B$5:$B$51,H$62)=0,"",SUMIFS('SỔ CÔNG NỢ'!$K$5:$K$51,'SỔ CÔNG NỢ'!$A$5:$A$51,$B71,'SỔ CÔNG NỢ'!$B$5:$B$51,H$62))) | I71: =IF($B71="","",IF(COUNTIFS('SỔ CÔNG NỢ'!$A$5:$A$51,$B71,'SỔ CÔNG NỢ'!$B$5:$B$51,I$62)=0,"",SUMIFS('SỔ CÔNG NỢ'!$K$5:$K$51,'SỔ CÔNG NỢ'!$A$5:$A$51,$B71,'SỔ CÔNG NỢ'!$B$5:$B$51,I$62)))
B72: =IF($B18="","",$B18) | C72: =IF($B72="","",IF(COUNTIFS('SỔ CÔNG NỢ'!$A$5:$A$51,$B72,'SỔ CÔNG NỢ'!$B$5:$B$51,C$62)=0,"",SUMIFS('SỔ CÔNG NỢ'!$K$5:$K$51,'SỔ CÔNG NỢ'!$A$5:$A$51,$B72,'SỔ CÔNG NỢ'!$B$5:$B$51,C$62))) | D72: =IF($B72="","",IF(COUNTIFS('SỔ CÔNG NỢ'!$A$5:$A$51,$B72,'SỔ CÔNG NỢ'!$B$5:$B$51,D$62)=0,"",SUMIFS('SỔ CÔNG NỢ'!$K$5:$K$51,'SỔ CÔNG NỢ'!$A$5:$A$51,$B72,'SỔ CÔNG NỢ'!$B$5:$B$51,D$62))) | E72: =IF($B72="","",IF(COUNTIFS('SỔ CÔNG NỢ'!$A$5:$A$51,$B72,'SỔ CÔNG NỢ'!$B$5:$B$51,E$62)=0,"",SUMIFS('SỔ CÔNG NỢ'!$K$5:$K$51,'SỔ CÔNG NỢ'!$A$5:$A$51,$B72,'SỔ CÔNG NỢ'!$B$5:$B$51,E$62))) | F72: =IF($B72="","",IF(COUNTIFS('SỔ CÔNG NỢ'!$A$5:$A$51,$B72,'SỔ CÔNG NỢ'!$B$5:$B$51,F$62)=0,"",SUMIFS('SỔ CÔNG NỢ'!$K$5:$K$51,'SỔ CÔNG NỢ'!$A$5:$A$51,$B72,'SỔ CÔNG NỢ'!$B$5:$B$51,F$62))) | G72: =IF($B72="","",IF(COUNTIFS('SỔ CÔNG NỢ'!$A$5:$A$51,$B72,'SỔ CÔNG NỢ'!$B$5:$B$51,G$62)=0,"",SUMIFS('SỔ CÔNG NỢ'!$K$5:$K$51,'SỔ CÔNG NỢ'!$A$5:$A$51,$B72,'SỔ CÔNG NỢ'!$B$5:$B$51,G$62))) | H72: =IF($B72="","",IF(COUNTIFS('SỔ CÔNG NỢ'!$A$5:$A$51,$B72,'SỔ CÔNG NỢ'!$B$5:$B$51,H$62)=0,"",SUMIFS('SỔ CÔNG NỢ'!$K$5:$K$51,'SỔ CÔNG NỢ'!$A$5:$A$51,$B72,'SỔ CÔNG NỢ'!$B$5:$B$51,H$62))) | I72: =IF($B72="","",IF(COUNTIFS('SỔ CÔNG NỢ'!$A$5:$A$51,$B72,'SỔ CÔNG NỢ'!$B$5:$B$51,I$62)=0,"",SUMIFS('SỔ CÔNG NỢ'!$K$5:$K$51,'SỔ CÔNG NỢ'!$A$5:$A$51,$B72,'SỔ CÔNG NỢ'!$B$5:$B$51,I$62)))
B73: =IF($B19="","",$B19) | C73: =IF($B73="","",IF(COUNTIFS('SỔ CÔNG NỢ'!$A$5:$A$51,$B73,'SỔ CÔNG NỢ'!$B$5:$B$51,C$62)=0,"",SUMIFS('SỔ CÔNG NỢ'!$K$5:$K$51,'SỔ CÔNG NỢ'!$A$5:$A$51,$B73,'SỔ CÔNG NỢ'!$B$5:$B$51,C$62))) | D73: =IF($B73="","",IF(COUNTIFS('SỔ CÔNG NỢ'!$A$5:$A$51,$B73,'SỔ CÔNG NỢ'!$B$5:$B$51,D$62)=0,"",SUMIFS('SỔ CÔNG NỢ'!$K$5:$K$51,'SỔ CÔNG NỢ'!$A$5:$A$51,$B73,'SỔ CÔNG NỢ'!$B$5:$B$51,D$62))) | E73: =IF($B73="","",IF(COUNTIFS('SỔ CÔNG NỢ'!$A$5:$A$51,$B73,'SỔ CÔNG NỢ'!$B$5:$B$51,E$62)=0,"",SUMIFS('SỔ CÔNG NỢ'!$K$5:$K$51,'SỔ CÔNG NỢ'!$A$5:$A$51,$B73,'SỔ CÔNG NỢ'!$B$5:$B$51,E$62))) | F73: =IF($B73="","",IF(COUNTIFS('SỔ CÔNG NỢ'!$A$5:$A$51,$B73,'SỔ CÔNG NỢ'!$B$5:$B$51,F$62)=0,"",SUMIFS('SỔ CÔNG NỢ'!$K$5:$K$51,'SỔ CÔNG NỢ'!$A$5:$A$51,$B73,'SỔ CÔNG NỢ'!$B$5:$B$51,F$62))) | G73: =IF($B73="","",IF(COUNTIFS('SỔ CÔNG NỢ'!$A$5:$A$51,$B73,'SỔ CÔNG NỢ'!$B$5:$B$51,G$62)=0,"",SUMIFS('SỔ CÔNG NỢ'!$K$5:$K$51,'SỔ CÔNG NỢ'!$A$5:$A$51,$B73,'SỔ CÔNG NỢ'!$B$5:$B$51,G$62))) | H73: =IF($B73="","",IF(COUNTIFS('SỔ CÔNG NỢ'!$A$5:$A$51,$B73,'SỔ CÔNG NỢ'!$B$5:$B$51,H$62)=0,"",SUMIFS('SỔ CÔNG NỢ'!$K$5:$K$51,'SỔ CÔNG NỢ'!$A$5:$A$51,$B73,'SỔ CÔNG NỢ'!$B$5:$B$51,H$62))) | I73: =IF($B73="","",IF(COUNTIFS('SỔ CÔNG NỢ'!$A$5:$A$51,$B73,'SỔ CÔNG NỢ'!$B$5:$B$51,I$62)=0,"",SUMIFS('SỔ CÔNG NỢ'!$K$5:$K$51,'SỔ CÔNG NỢ'!$A$5:$A$51,$B73,'SỔ CÔNG NỢ'!$B$5:$B$51,I$62)))
B74: =IF($B20="","",$B20) | C74: =IF($B74="","",IF(COUNTIFS('SỔ CÔNG NỢ'!$A$5:$A$51,$B74,'SỔ CÔNG NỢ'!$B$5:$B$51,C$62)=0,"",SUMIFS('SỔ CÔNG NỢ'!$K$5:$K$51,'SỔ CÔNG NỢ'!$A$5:$A$51,$B74,'SỔ CÔNG NỢ'!$B$5:$B$51,C$62))) | D74: =IF($B74="","",IF(COUNTIFS('SỔ CÔNG NỢ'!$A$5:$A$51,$B74,'SỔ CÔNG NỢ'!$B$5:$B$51,D$62)=0,"",SUMIFS('SỔ CÔNG NỢ'!$K$5:$K$51,'SỔ CÔNG NỢ'!$A$5:$A$51,$B74,'SỔ CÔNG NỢ'!$B$5:$B$51,D$62))) | E74: =IF($B74="","",IF(COUNTIFS('SỔ CÔNG NỢ'!$A$5:$A$51,$B74,'SỔ CÔNG NỢ'!$B$5:$B$51,E$62)=0,"",SUMIFS('SỔ CÔNG NỢ'!$K$5:$K$51,'SỔ CÔNG NỢ'!$A$5:$A$51,$B74,'SỔ CÔNG NỢ'!$B$5:$B$51,E$62))) | F74: =IF($B74="","",IF(COUNTIFS('SỔ CÔNG NỢ'!$A$5:$A$51,$B74,'SỔ CÔNG NỢ'!$B$5:$B$51,F$62)=0,"",SUMIFS('SỔ CÔNG NỢ'!$K$5:$K$51,'SỔ CÔNG NỢ'!$A$5:$A$51,$B74,'SỔ CÔNG NỢ'!$B$5:$B$51,F$62))) | G74: =IF($B74="","",IF(COUNTIFS('SỔ CÔNG NỢ'!$A$5:$A$51,$B74,'SỔ CÔNG NỢ'!$B$5:$B$51,G$62)=0,"",SUMIFS('SỔ CÔNG NỢ'!$K$5:$K$51,'SỔ CÔNG NỢ'!$A$5:$A$51,$B74,'SỔ CÔNG NỢ'!$B$5:$B$51,G$62))) | H74: =IF($B74="","",IF(COUNTIFS('SỔ CÔNG NỢ'!$A$5:$A$51,$B74,'SỔ CÔNG NỢ'!$B$5:$B$51,H$62)=0,"",SUMIFS('SỔ CÔNG NỢ'!$K$5:$K$51,'SỔ CÔNG NỢ'!$A$5:$A$51,$B74,'SỔ CÔNG NỢ'!$B$5:$B$51,H$62))) | I74: =IF($B74="","",IF(COUNTIFS('SỔ CÔNG NỢ'!$A$5:$A$51,$B74,'SỔ CÔNG NỢ'!$B$5:$B$51,I$62)=0,"",SUMIFS('SỔ CÔNG NỢ'!$K$5:$K$51,'SỔ CÔNG NỢ'!$A$5:$A$51,$B74,'SỔ CÔNG NỢ'!$B$5:$B$51,I$62)))
B75: TỔNG | C75: =SUM(C63:C74) -> 1500000 | D75: =SUM(D63:D74) -> 45350000 | E75: =SUM(E63:E74) -> 33240000 | F75: =SUM(F63:F74) -> 0 | G75: =SUM(G63:G74) -> 0 | H75: =SUM(H63:H74) -> 0 | I75: =SUM(I63:I74) -> 0

Sheet SỔ CÔNG NỢ
A1: SỔ CÔNG NỢ THEO KHÁCH – THEO THÁNG
A2: Số dương = khách còn nợ công ty. Số âm (đỏ) = khách trả dư, công ty đang nợ lại khách. Chị chỉ nhập: tên khách, tháng, % chiết khấu (và nợ đầu kỳ của tháng đầu tiên).
A4: Khách hàng | B4: Tháng | C4: Nợ đầu kỳ | D4: Phát sinh (giá gốc) | E4: % chiết khấu | F4: Tiền chiết khấu | G4: Phát sinh sau chiết khấu | H4: Hàng trả lại (giá gốc) | I4: Hàng trả lại sau chiết khấu | J4: TỔNG NỢ PHẢI THANH TOÁN | K4: Khách đã thanh toán | L4: NỢ CUỐI KỲ | M4: Theo biên bản (đối chiếu) | N4: Chênh lệch (phải = 0) | O4: Ghi chú
A5: Hiền Xuân | B5: 46204 | C5: 63600 | D5: =IF(OR($A5="",$B5=""),"",SUMIFS('CHI TIẾT HÀNG'!$L$5:$L$1004,'CHI TIẾT HÀNG'!$A$5:$A$1004,$A5,'CHI TIẾT HÀNG'!$C$5:$C$1004,$B5,'CHI TIẾT HÀNG'!$D$5:$D$1004,"Bán")) -> 83852350 | E5: 0.62 | F5: =IF(OR($A5="",$B5=""),"",ROUND(D5*E5,0)) -> 51988457 | G5: =IF(OR($A5="",$B5=""),"",D5-F5) -> 31863893 | H5: =IF(OR($A5="",$B5=""),"",SUMIFS('CHI TIẾT HÀNG'!$L$5:$L$1004,'CHI TIẾT HÀNG'!$A$5:$A$1004,$A5,'CHI TIẾT HÀNG'!$C$5:$C$1004,$B5,'CHI TIẾT HÀNG'!$D$5:$D$1004,"Trả lại")) -> 4597000 | I5: =IF(OR($A5="",$B5=""),"",H5-ROUND(H5*E5,0)) -> 1746860 | J5: =IF(OR($A5="",$B5=""),"",C5+G5-I5) -> 30180633 | K5: =IF(OR($A5="",$B5=""),"",SUMIFS('THANH TOÁN'!$D$5:$D$404,'THANH TOÁN'!$A$5:$A$404,$A5,'THANH TOÁN'!$C$5:$C$404,$B5)) -> 30060000 | L5: =IF(OR($A5="",$B5=""),"",J5-K5) -> 120633 | M5: 120633 | N5: =IF(OR($A5="",M5=""),"",L5-M5) -> 0 | O5: Có 1 thùng ISG06 khách trả lại 30/07
A6: Hòa Hiệp | B6: 46174 | C6: 0 | D6: =IF(OR($A6="",$B6=""),"",SUMIFS('CHI TIẾT HÀNG'!$L$5:$L$1004,'CHI TIẾT HÀNG'!$A$5:$A$1004,$A6,'CHI TIẾT HÀNG'!$C$5:$C$1004,$B6,'CHI TIẾT HÀNG'!$D$5:$D$1004,"Bán")) -> 3750000 | E6: 0.63 | F6: =IF(OR($A6="",$B6=""),"",ROUND(D6*E6,0)) -> 2362500 | G6: =IF(OR($A6="",$B6=""),"",D6-F6) -> 1387500 | H6: =IF(OR($A6="",$B6=""),"",SUMIFS('CHI TIẾT HÀNG'!$L$5:$L$1004,'CHI TIẾT HÀNG'!$A$5:$A$1004,$A6,'CHI TIẾT HÀNG'!$C$5:$C$1004,$B6,'CHI TIẾT HÀNG'!$D$5:$D$1004,"Trả lại")) -> 0 | I6: =IF(OR($A6="",$B6=""),"",H6-ROUND(H6*E6,0)) -> 0 | J6: =IF(OR($A6="",$B6=""),"",C6+G6-I6) -> 1387500 | K6: =IF(OR($A6="",$B6=""),"",SUMIFS('THANH TOÁN'!$D$5:$D$404,'THANH TOÁN'!$A$5:$A$404,$A6,'THANH TOÁN'!$C$5:$C$404,$B6)) -> 1500000 | L6: =IF(OR($A6="",$B6=""),"",J6-K6) -> -112500 | M6: -112500 | N6: =IF(OR($A6="",M6=""),"",L6-M6) -> 0 | O6: Khách thanh toán dư 112.500 đ (đã trả 1.500.000 so với 1.387.500 phải trả)
A7: Hà Liên | B7: 46174 | C7: 890150 | D7: =IF(OR($A7="",$B7=""),"",SUMIFS('CHI TIẾT HÀNG'!$L$5:$L$1004,'CHI TIẾT HÀNG'!$A$5:$A$1004,$A7,'CHI TIẾT HÀNG'!$C$5:$C$1004,$B7,'CHI TIẾT HÀNG'!$D$5:$D$1004,"Bán")) -> 22971000 | E7: 0.6 | F7: =IF(OR($A7="",$B7=""),"",ROUND(D7*E7,0)) -> 13782600 | G7: =IF(OR($A7="",$B7=""),"",D7-F7) -> 9188400 | H7: =IF(OR($A7="",$B7=""),"",SUMIFS('CHI TIẾT HÀNG'!$L$5:$L$1004,'CHI TIẾT HÀNG'!$A$5:$A$1004,$A7,'CHI TIẾT HÀNG'!$C$5:$C$1004,$B7,'CHI TIẾT HÀNG'!$D$5:$D$1004,"Trả lại")) -> 0 | I7: =IF(OR($A7="",$B7=""),"",H7-ROUND(H7*E7,0)) -> 0 | J7: =IF(OR($A7="",$B7=""),"",C7+G7-I7) -> 10078550 | K7: =IF(OR($A7="",$B7=""),"",SUMIFS('THANH TOÁN'!$D$5:$D$404,'THANH TOÁN'!$A$5:$A$404,$A7,'THANH TOÁN'!$C$5:$C$404,$B7)) -> 0 | L7: =IF(OR($A7="",$B7=""),"",J7-K7) -> 10078550 | M7: 10078550 | N7: =IF(OR($A7="",M7=""),"",L7-M7) -> 0
A8: Hà Liên | B8: 46204 | C8: =IF(OR($A8="",$B8=""),"",SUMIFS('SỔ CÔNG NỢ'!$L$5:$L$51,'SỔ CÔNG NỢ'!$A$5:$A$51,$A8,'SỔ CÔNG NỢ'!$B$5:$B$51,EDATE($B8,-1))) -> 10078550 | D8: =IF(OR($A8="",$B8=""),"",SUMIFS('CHI TIẾT HÀNG'!$L$5:$L$1004,'CHI TIẾT HÀNG'!$A$5:$A$1004,$A8,'CHI TIẾT HÀNG'!$C$5:$C$1004,$B8,'CHI TIẾT HÀNG'!$D$5:$D$1004,"Bán")) -> 39225100 | E8: 0.6 | F8: =IF(OR($A8="",$B8=""),"",ROUND(D8*E8,0)) -> 23535060 | G8: =IF(OR($A8="",$B8=""),"",D8-F8) -> 15690040 | H8: =IF(OR($A8="",$B8=""),"",SUMIFS('CHI TIẾT HÀNG'!$L$5:$L$1004,'CHI TIẾT HÀNG'!$A$5:$A$1004,$A8,'CHI TIẾT HÀNG'!$C$5:$C$1004,$B8,'CHI TIẾT HÀNG'!$D$5:$D$1004,"Trả lại")) -> 0 | I8: =IF(OR($A8="",$B8=""),"",H8-ROUND(H8*E8,0)) -> 0 | J8: =IF(OR($A8="",$B8=""),"",C8+G8-I8) -> 25768590 | K8: =IF(OR($A8="",$B8=""),"",SUMIFS('THANH TOÁN'!$D$5:$D$404,'THANH TOÁN'!$A$5:$A$404,$A8,'THANH TOÁN'!$C$5:$C$404,$B8)) -> 15290000 | L8: =IF(OR($A8="",$B8=""),"",J8-K8) -> 10478590 | M8: 10478590 | N8: =IF(OR($A8="",M8=""),"",L8-M8) -> 0
A9: Hà Liên | B9: 46235 | C9: =IF(OR($A9="",$B9=""),"",SUMIFS('SỔ CÔNG NỢ'!$L$5:$L$51,'SỔ CÔNG NỢ'!$A$5:$A$51,$A9,'SỔ CÔNG NỢ'!$B$5:$B$51,EDATE($B9,-1))) -> 10478590 | D9: =IF(OR($A9="",$B9=""),"",SUMIFS('CHI TIẾT HÀNG'!$L$5:$L$1004,'CHI TIẾT HÀNG'!$A$5:$A$1004,$A9,'CHI TIẾT HÀNG'!$C$5:$C$1004,$B9,'CHI TIẾT HÀNG'!$D$5:$D$1004,"Bán")) -> 39165000 | E9: 0.6 | F9: =IF(OR($A9="",$B9=""),"",ROUND(D9*E9,0)) -> 23499000 | G9: =IF(OR($A9="",$B9=""),"",D9-F9) -> 15666000 | H9: =IF(OR($A9="",$B9=""),"",SUMIFS('CHI TIẾT HÀNG'!$L$5:$L$1004,'CHI TIẾT HÀNG'!$A$5:$A$1004,$A9,'CHI TIẾT HÀNG'!$C$5:$C$1004,$B9,'CHI TIẾT HÀNG'!$D$5:$D$1004,"Trả lại")) -> 0 | I9: =IF(OR($A9="",$B9=""),"",H9-ROUND(H9*E9,0)) -> 0 | J9: =IF(OR($A9="",$B9=""),"",C9+G9-I9) -> 26144590 | K9: =IF(OR($A9="",$B9=""),"",SUMIFS('THANH TOÁN'!$D$5:$D$404,'THANH TOÁN'!$A$5:$A$404,$A9,'THANH TOÁN'!$C$5:$C$404,$B9)) -> 33240000 | L9: =IF(OR($A9="",$B9=""),"",J9-K9) -> -7095410 | M9: -7095410 | N9: =IF(OR($A9="",M9=""),"",L9-M9) -> 0 | O9: Khách thanh toán 33.240.000 > nợ 26.144.590 → công ty nợ lại 7.095.410
A10: Hà Liên | B10: 46266 | C10: =IF(OR($A10="",$B10=""),"",SUMIFS('SỔ CÔNG NỢ'!$L$5:$L$51,'SỔ CÔNG NỢ'!$A$5:$A$51,$A10,'SỔ CÔNG NỢ'!$B$5:$B$51,EDATE($B10,-1))) -> -7095410 | D10: =IF(OR($A10="",$B10=""),"",SUMIFS('CHI TIẾT HÀNG'!$L$5:$L$1004,'CHI TIẾT HÀNG'!$A$5:$A$1004,$A10,'CHI TIẾT HÀNG'!$C$5:$C$1004,$B10,'CHI TIẾT HÀNG'!$D$5:$D$1004,"Bán")) -> 100434400 | E10: 0.6 | F10: =IF(OR($A10="",$B10=""),"",ROUND(D10*E10,0)) -> 60260640 | G10: =IF(OR($A10="",$B10=""),"",D10-F10) -> 40173760 | H10: =IF(OR($A10="",$B10=""),"",SUMIFS('CHI TIẾT HÀNG'!$L$5:$L$1004,'CHI TIẾT HÀNG'!$A$5:$A$1004,$A10,'CHI TIẾT HÀNG'!$C$5:$C$1004,$B10,'CHI TIẾT HÀNG'!$D$5:$D$1004,"Trả lại")) -> 0 | I10: =IF(OR($A10="",$B10=""),"",H10-ROUND(H10*E10,0)) -> 0 | J10: =IF(OR($A10="",$B10=""),"",C10+G10-I10) -> 33078350 | K10: =IF(OR($A10="",$B10=""),"",SUMIFS('THANH TOÁN'!$D$5:$D$404,'THANH TOÁN'!$A$5:$A$404,$A10,'THANH TOÁN'!$C$5:$C$404,$B10)) -> 0 | L10: =IF(OR($A10="",$B10=""),"",J10-K10) -> 33078350 | M10: 33078350 | N10: =IF(OR($A10="",M10=""),"",L10-M10) -> 0 | O10: Biên bản ghi nhầm tiêu đề "Tháng 8"; chưa ghi khoản thanh toán nào; đầu kỳ −7.095.410 do kỳ trước khách trả dư
C11: =IF(OR($A11="",$B11=""),"",SUMIFS('SỔ CÔNG NỢ'!$L$5:$L$51,'SỔ CÔNG NỢ'!$A$5:$A$51,$A11,'SỔ CÔNG NỢ'!$B$5:$B$51,EDATE($B11,-1))) | D11: =IF(OR($A11="",$B11=""),"",SUMIFS('CHI TIẾT HÀNG'!$L$5:$L$1004,'CHI TIẾT HÀNG'!$A$5:$A$1004,$A11,'CHI TIẾT HÀNG'!$C$5:$C$1004,$B11,'CHI TIẾT HÀNG'!$D$5:$D$1004,"Bán")) | F11: =IF(OR($A11="",$B11=""),"",ROUND(D11*E11,0)) | G11: =IF(OR($A11="",$B11=""),"",D11-F11) | H11: =IF(OR($A11="",$B11=""),"",SUMIFS('CHI TIẾT HÀNG'!$L$5:$L$1004,'CHI TIẾT HÀNG'!$A$5:$A$1004,$A11,'CHI TIẾT HÀNG'!$C$5:$C$1004,$B11,'CHI TIẾT HÀNG'!$D$5:$D$1004,"Trả lại")) | I11: =IF(OR($A11="",$B11=""),"",H11-ROUND(H11*E11,0)) | J11: =IF(OR($A11="",$B11=""),"",C11+G11-I11) | K11: =IF(OR($A11="",$B11=""),"",SUMIFS('THANH TOÁN'!$D$5:$D$404,'THANH TOÁN'!$A$5:$A$404,$A11,'THANH TOÁN'!$C$5:$C$404,$B11)) | L11: =IF(OR($A11="",$B11=""),"",J11-K11) | N11: =IF(OR($A11="",M11=""),"",L11-M11)
C12: =IF(OR($A12="",$B12=""),"",SUMIFS('SỔ CÔNG NỢ'!$L$5:$L$51,'SỔ CÔNG NỢ'!$A$5:$A$51,$A12,'SỔ CÔNG NỢ'!$B$5:$B$51,EDATE($B12,-1))) | D12: =IF(OR($A12="",$B12=""),"",SUMIFS('CHI TIẾT HÀNG'!$L$5:$L$1004,'CHI TIẾT HÀNG'!$A$5:$A$1004,$A12,'CHI TIẾT HÀNG'!$C$5:$C$1004,$B12,'CHI TIẾT HÀNG'!$D$5:$D$1004,"Bán")) | F12: =IF(OR($A12="",$B12=""),"",ROUND(D12*E12,0)) | G12: =IF(OR($A12="",$B12=""),"",D12-F12) | H12: =IF(OR($A12="",$B12=""),"",SUMIFS('CHI TIẾT HÀNG'!$L$5:$L$1004,'CHI TIẾT HÀNG'!$A$5:$A$1004,$A12,'CHI TIẾT HÀNG'!$C$5:$C$1004,$B12,'CHI TIẾT HÀNG'!$D$5:$D$1004,"Trả lại")) | I12: =IF(OR($A12="",$B12=""),"",H12-ROUND(H12*E12,0)) | J12: =IF(OR($A12="",$B12=""),"",C12+G12-I12) | K12: =IF(OR($A12="",$B12=""),"",SUMIFS('THANH TOÁN'!$D$5:$D$404,'THANH TOÁN'!$A$5:$A$404,$A12,'THANH TOÁN'!$C$5:$C$404,$B12)) | L12: =IF(OR($A12="",$B12=""),"",J12-K12) | N12: =IF(OR($A12="",M12=""),"",L12-M12)
C13: =IF(OR($A13="",$B13=""),"",SUMIFS('SỔ CÔNG NỢ'!$L$5:$L$51,'SỔ CÔNG NỢ'!$A$5:$A$51,$A13,'SỔ CÔNG NỢ'!$B$5:$B$51,EDATE($B13,-1))) | D13: =IF(OR($A13="",$B13=""),"",SUMIFS('CHI TIẾT HÀNG'!$L$5:$L$1004,'CHI TIẾT HÀNG'!$A$5:$A$1004,$A13,'CHI TIẾT HÀNG'!$C$5:$C$1004,$B13,'CHI TIẾT HÀNG'!$D$5:$D$1004,"Bán")) | F13: =IF(OR($A13="",$B13=""),"",ROUND(D13*E13,0)) | G13: =IF(OR($A13="",$B13=""),"",D13-F13) | H13: =IF(OR($A13="",$B13=""),"",SUMIFS('CHI TIẾT HÀNG'!$L$5:$L$1004,'CHI TIẾT HÀNG'!$A$5:$A$1004,$A13,'CHI TIẾT HÀNG'!$C$5:$C$1004,$B13,'CHI TIẾT HÀNG'!$D$5:$D$1004,"Trả lại")) | I13: =IF(OR($A13="",$B13=""),"",H13-ROUND(H13*E13,0)) | J13: =IF(OR($A13="",$B13=""),"",C13+G13-I13) | K13: =IF(OR($A13="",$B13=""),"",SUMIFS('THANH TOÁN'!$D$5:$D$404,'THANH TOÁN'!$A$5:$A$404,$A13,'THANH TOÁN'!$C$5:$C$404,$B13)) | L13: =IF(OR($A13="",$B13=""),"",J13-K13) | N13: =IF(OR($A13="",M13=""),"",L13-M13)
C14: =IF(OR($A14="",$B14=""),"",SUMIFS('SỔ CÔNG NỢ'!$L$5:$L$51,'SỔ CÔNG NỢ'!$A$5:$A$51,$A14,'SỔ CÔNG NỢ'!$B$5:$B$51,EDATE($B14,-1))) | D14: =IF(OR($A14="",$B14=""),"",SUMIFS('CHI TIẾT HÀNG'!$L$5:$L$1004,'CHI TIẾT HÀNG'!$A$5:$A$1004,$A14,'CHI TIẾT HÀNG'!$C$5:$C$1004,$B14,'CHI TIẾT HÀNG'!$D$5:$D$1004,"Bán")) | F14: =IF(OR($A14="",$B14=""),"",ROUND(D14*E14,0)) | G14: =IF(OR($A14="",$B14=""),"",D14-F14) | H14: =IF(OR($A14="",$B14=""),"",SUMIFS('CHI TIẾT HÀNG'!$L$5:$L$1004,'CHI TIẾT HÀNG'!$A$5:$A$1004,$A14,'CHI TIẾT HÀNG'!$C$5:$C$1004,$B14,'CHI TIẾT HÀNG'!$D$5:$D$1004,"Trả lại")) | I14: =IF(OR($A14="",$B14=""),"",H14-ROUND(H14*E14,0)) | J14: =IF(OR($A14="",$B14=""),"",C14+G14-I14) | K14: =IF(OR($A14="",$B14=""),"",SUMIFS('THANH TOÁN'!$D$5:$D$404,'THANH TOÁN'!$A$5:$A$404,$A14,'THANH TOÁN'!$C$5:$C$404,$B14)) | L14: =IF(OR($A14="",$B14=""),"",J14-K14) | N14: =IF(OR($A14="",M14=""),"",L14-M14)
C15: =IF(OR($A15="",$B15=""),"",SUMIFS('SỔ CÔNG NỢ'!$L$5:$L$51,'SỔ CÔNG NỢ'!$A$5:$A$51,$A15,'SỔ CÔNG NỢ'!$B$5:$B$51,EDATE($B15,-1))) | D15: =IF(OR($A15="",$B15=""),"",SUMIFS('CHI TIẾT HÀNG'!$L$5:$L$1004,'CHI TIẾT HÀNG'!$A$5:$A$1004,$A15,'CHI TIẾT HÀNG'!$C$5:$C$1004,$B15,'CHI TIẾT HÀNG'!$D$5:$D$1004,"Bán")) | F15: =IF(OR($A15="",$B15=""),"",ROUND(D15*E15,0)) | G15: =IF(OR($A15="",$B15=""),"",D15-F15) | H15: =IF(OR($A15="",$B15=""),"",SUMIFS('CHI TIẾT HÀNG'!$L$5:$L$1004,'CHI TIẾT HÀNG'!$A$5:$A$1004,$A15,'CHI TIẾT HÀNG'!$C$5:$C$1004,$B15,'CHI TIẾT HÀNG'!$D$5:$D$1004,"Trả lại")) | I15: =IF(OR($A15="",$B15=""),"",H15-ROUND(H15*E15,0)) | J15: =IF(OR($A15="",$B15=""),"",C15+G15-I15) | K15: =IF(OR($A15="",$B15=""),"",SUMIFS('THANH TOÁN'!$D$5:$D$404,'THANH TOÁN'!$A$5:$A$404,$A15,'THANH TOÁN'!$C$5:$C$404,$B15)) | L15: =IF(OR($A15="",$B15=""),"",J15-K15) | N15: =IF(OR($A15="",M15=""),"",L15-M15)
C16: =IF(OR($A16="",$B16=""),"",SUMIFS('SỔ CÔNG NỢ'!$L$5:$L$51,'SỔ CÔNG NỢ'!$A$5:$A$51,$A16,'SỔ CÔNG NỢ'!$B$5:$B$51,EDATE($B16,-1))) | D16: =IF(OR($A16="",$B16=""),"",SUMIFS('CHI TIẾT HÀNG'!$L$5:$L$1004,'CHI TIẾT HÀNG'!$A$5:$A$1004,$A16,'CHI TIẾT HÀNG'!$C$5:$C$1004,$B16,'CHI TIẾT HÀNG'!$D$5:$D$1004,"Bán")) | F16: =IF(OR($A16="",$B16=""),"",ROUND(D16*E16,0)) | G16: =IF(OR($A16="",$B16=""),"",D16-F16) | H16: =IF(OR($A16="",$B16=""),"",SUMIFS('CHI TIẾT HÀNG'!$L$5:$L$1004,'CHI TIẾT HÀNG'!$A$5:$A$1004,$A16,'CHI TIẾT HÀNG'!$C$5:$C$1004,$B16,'CHI TIẾT HÀNG'!$D$5:$D$1004,"Trả lại")) | I16: =IF(OR($A16="",$B16=""),"",H16-ROUND(H16*E16,0)) | J16: =IF(OR($A16="",$B16=""),"",C16+G16-I16) | K16: =IF(OR($A16="",$B16=""),"",SUMIFS('THANH TOÁN'!$D$5:$D$404,'THANH TOÁN'!$A$5:$A$404,$A16,'THANH TOÁN'!$C$5:$C$404,$B16)) | L16: =IF(OR($A16="",$B16=""),"",J16-K16) | N16: =IF(OR($A16="",M16=""),"",L16-M16)
C17: =IF(OR($A17="",$B17=""),"",SUMIFS('SỔ CÔNG NỢ'!$L$5:$L$51,'SỔ CÔNG NỢ'!$A$5:$A$51,$A17,'SỔ CÔNG NỢ'!$B$5:$B$51,EDATE($B17,-1))) | D17: =IF(OR($A17="",$B17=""),"",SUMIFS('CHI TIẾT HÀNG'!$L$5:$L$1004,'CHI TIẾT HÀNG'!$A$5:$A$1004,$A17,'CHI TIẾT HÀNG'!$C$5:$C$1004,$B17,'CHI TIẾT HÀNG'!$D$5:$D$1004,"Bán")) | F17: =IF(OR($A17="",$B17=""),"",ROUND(D17*E17,0)) | G17: =IF(OR($A17="",$B17=""),"",D17-F17) | H17: =IF(OR($A17="",$B17=""),"",SUMIFS('CHI TIẾT HÀNG'!$L$5:$L$1004,'CHI TIẾT HÀNG'!$A$5:$A$1004,$A17,'CHI TIẾT HÀNG'!$C$5:$C$1004,$B17,'CHI TIẾT HÀNG'!$D$5:$D$1004,"Trả lại")) | I17: =IF(OR($A17="",$B17=""),"",H17-ROUND(H17*E17,0)) | J17: =IF(OR($A17="",$B17=""),"",C17+G17-I17) | K17: =IF(OR($A17="",$B17=""),"",SUMIFS('THANH TOÁN'!$D$5:$D$404,'THANH TOÁN'!$A$5:$A$404,$A17,'THANH TOÁN'!$C$5:$C$404,$B17)) | L17: =IF(OR($A17="",$B17=""),"",J17-K17) | N17: =IF(OR($A17="",M17=""),"",L17-M17)
C18: =IF(OR($A18="",$B18=""),"",SUMIFS('SỔ CÔNG NỢ'!$L$5:$L$51,'SỔ CÔNG NỢ'!$A$5:$A$51,$A18,'SỔ CÔNG NỢ'!$B$5:$B$51,EDATE($B18,-1))) | D18: =IF(OR($A18="",$B18=""),"",SUMIFS('CHI TIẾT HÀNG'!$L$5:$L$1004,'CHI TIẾT HÀNG'!$A$5:$A$1004,$A18,'CHI TIẾT HÀNG'!$C$5:$C$1004,$B18,'CHI TIẾT HÀNG'!$D$5:$D$1004,"Bán")) | F18: =IF(OR($A18="",$B18=""),"",ROUND(D18*E18,0)) | G18: =IF(OR($A18="",$B18=""),"",D18-F18) | H18: =IF(OR($A18="",$B18=""),"",SUMIFS('CHI TIẾT HÀNG'!$L$5:$L$1004,'CHI TIẾT HÀNG'!$A$5:$A$1004,$A18,'CHI TIẾT HÀNG'!$C$5:$C$1004,$B18,'CHI TIẾT HÀNG'!$D$5:$D$1004,"Trả lại")) | I18: =IF(OR($A18="",$B18=""),"",H18-ROUND(H18*E18,0)) | J18: =IF(OR($A18="",$B18=""),"",C18+G18-I18) | K18: =IF(OR($A18="",$B18=""),"",SUMIFS('THANH TOÁN'!$D$5:$D$404,'THANH TOÁN'!$A$5:$A$404,$A18,'THANH TOÁN'!$C$5:$C$404,$B18)) | L18: =IF(OR($A18="",$B18=""),"",J18-K18) | N18: =IF(OR($A18="",M18=""),"",L18-M18)
C19: =IF(OR($A19="",$B19=""),"",SUMIFS('SỔ CÔNG NỢ'!$L$5:$L$51,'SỔ CÔNG NỢ'!$A$5:$A$51,$A19,'SỔ CÔNG NỢ'!$B$5:$B$51,EDATE($B19,-1))) | D19: =IF(OR($A19="",$B19=""),"",SUMIFS('CHI TIẾT HÀNG'!$L$5:$L$1004,'CHI TIẾT HÀNG'!$A$5:$A$1004,$A19,'CHI TIẾT HÀNG'!$C$5:$C$1004,$B19,'CHI TIẾT HÀNG'!$D$5:$D$1004,"Bán")) | F19: =IF(OR($A19="",$B19=""),"",ROUND(D19*E19,0)) | G19: =IF(OR($A19="",$B19=""),"",D19-F19) | H19: =IF(OR($A19="",$B19=""),"",SUMIFS('CHI TIẾT HÀNG'!$L$5:$L$1004,'CHI TIẾT HÀNG'!$A$5:$A$1004,$A19,'CHI TIẾT HÀNG'!$C$5:$C$1004,$B19,'CHI TIẾT HÀNG'!$D$5:$D$1004,"Trả lại")) | I19: =IF(OR($A19="",$B19=""),"",H19-ROUND(H19*E19,0)) | J19: =IF(OR($A19="",$B19=""),"",C19+G19-I19) | K19: =IF(OR($A19="",$B19=""),"",SUMIFS('THANH TOÁN'!$D$5:$D$404,'THANH TOÁN'!$A$5:$A$404,$A19,'THANH TOÁN'!$C$5:$C$404,$B19)) | L19: =IF(OR($A19="",$B19=""),"",J19-K19) | N19: =IF(OR($A19="",M19=""),"",L19-M19)
C20: =IF(OR($A20="",$B20=""),"",SUMIFS('SỔ CÔNG NỢ'!$L$5:$L$51,'SỔ CÔNG NỢ'!$A$5:$A$51,$A20,'SỔ CÔNG NỢ'!$B$5:$B$51,EDATE($B20,-1))) | D20: =IF(OR($A20="",$B20=""),"",SUMIFS('CHI TIẾT HÀNG'!$L$5:$L$1004,'CHI TIẾT HÀNG'!$A$5:$A$1004,$A20,'CHI TIẾT HÀNG'!$C$5:$C$1004,$B20,'CHI TIẾT HÀNG'!$D$5:$D$1004,"Bán")) | F20: =IF(OR($A20="",$B20=""),"",ROUND(D20*E20,0)) | G20: =IF(OR($A20="",$B20=""),"",D20-F20) | H20: =IF(OR($A20="",$B20=""),"",SUMIFS('CHI TIẾT HÀNG'!$L$5:$L$1004,'CHI TIẾT HÀNG'!$A$5:$A$1004,$A20,'CHI TIẾT HÀNG'!$C$5:$C$1004,$B20,'CHI TIẾT HÀNG'!$D$5:$D$1004,"Trả lại")) | I20: =IF(OR($A20="",$B20=""),"",H20-ROUND(H20*E20,0)) | J20: =IF(OR($A20="",$B20=""),"",C20+G20-I20) | K20: =IF(OR($A20="",$B20=""),"",SUMIFS('THANH TOÁN'!$D$5:$D$404,'THANH TOÁN'!$A$5:$A$404,$A20,'THANH TOÁN'!$C$5:$C$404,$B20)) | L20: =IF(OR($A20="",$B20=""),"",J20-K20) | N20: =IF(OR($A20="",M20=""),"",L20-M20)
C21: =IF(OR($A21="",$B21=""),"",SUMIFS('SỔ CÔNG NỢ'!$L$5:$L$51,'SỔ CÔNG NỢ'!$A$5:$A$51,$A21,'SỔ CÔNG NỢ'!$B$5:$B$51,EDATE($B21,-1))) | D21: =IF(OR($A21="",$B21=""),"",SUMIFS('CHI TIẾT HÀNG'!$L$5:$L$1004,'CHI TIẾT HÀNG'!$A$5:$A$1004,$A21,'CHI TIẾT HÀNG'!$C$5:$C$1004,$B21,'CHI TIẾT HÀNG'!$D$5:$D$1004,"Bán")) | F21: =IF(OR($A21="",$B21=""),"",ROUND(D21*E21,0)) | G21: =IF(OR($A21="",$B21=""),"",D21-F21) | H21: =IF(OR($A21="",$B21=""),"",SUMIFS('CHI TIẾT HÀNG'!$L$5:$L$1004,'CHI TIẾT HÀNG'!$A$5:$A$1004,$A21,'CHI TIẾT HÀNG'!$C$5:$C$1004,$B21,'CHI TIẾT HÀNG'!$D$5:$D$1004,"Trả lại")) | I21: =IF(OR($A21="",$B21=""),"",H21-ROUND(H21*E21,0)) | J21: =IF(OR($A21="",$B21=""),"",C21+G21-I21) | K21: =IF(OR($A21="",$B21=""),"",SUMIFS('THANH TOÁN'!$D$5:$D$404,'THANH TOÁN'!$A$5:$A$404,$A21,'THANH TOÁN'!$C$5:$C$404,$B21)) | L21: =IF(OR($A21="",$B21=""),"",J21-K21) | N21: =IF(OR($A21="",M21=""),"",L21-M21)
C22: =IF(OR($A22="",$B22=""),"",SUMIFS('SỔ CÔNG NỢ'!$L$5:$L$51,'SỔ CÔNG NỢ'!$A$5:$A$51,$A22,'SỔ CÔNG NỢ'!$B$5:$B$51,EDATE($B22,-1))) | D22: =IF(OR($A22="",$B22=""),"",SUMIFS('CHI TIẾT HÀNG'!$L$5:$L$1004,'CHI TIẾT HÀNG'!$A$5:$A$1004,$A22,'CHI TIẾT HÀNG'!$C$5:$C$1004,$B22,'CHI TIẾT HÀNG'!$D$5:$D$1004,"Bán")) | F22: =IF(OR($A22="",$B22=""),"",ROUND(D22*E22,0)) | G22: =IF(OR($A22="",$B22=""),"",D22-F22) | H22: =IF(OR($A22="",$B22=""),"",SUMIFS('CHI TIẾT HÀNG'!$L$5:$L$1004,'CHI TIẾT HÀNG'!$A$5:$A$1004,$A22,'CHI TIẾT HÀNG'!$C$5:$C$1004,$B22,'CHI TIẾT HÀNG'!$D$5:$D$1004,"Trả lại")) | I22: =IF(OR($A22="",$B22=""),"",H22-ROUND(H22*E22,0)) | J22: =IF(OR($A22="",$B22=""),"",C22+G22-I22) | K22: =IF(OR($A22="",$B22=""),"",SUMIFS('THANH TOÁN'!$D$5:$D$404,'THANH TOÁN'!$A$5:$A$404,$A22,'THANH TOÁN'!$C$5:$C$404,$B22)) | L22: =IF(OR($A22="",$B22=""),"",J22-K22) | N22: =IF(OR($A22="",M22=""),"",L22-M22)
... C51: =IF(OR($A51="",$B51=""),"",SUMIFS('SỔ CÔNG NỢ'!$L$5:$L$51,'SỔ CÔNG NỢ'!$A$5:$A$51,$A51,'SỔ CÔNG NỢ'!$B$5:$B$51,EDATE($B51,-1))) | D51: =IF(OR($A51="",$B51=""),"",SUMIFS('CHI TIẾT HÀNG'!$L$5:$L$1004,'CHI TIẾT HÀNG'!$A$5:$A$1004,$A51,'CHI TIẾT HÀNG'!$C$5:$C$1004,$B51,'CHI TIẾT HÀNG'!$D$5:$D$1004,"Bán")) | F51: =IF(OR($A51="",$B51=""),"",ROUND(D51*E51,0)) | G51: =IF(OR($A51="",$B51=""),"",D51-F51) | H51: =IF(OR($A51="",$B51=""),"",SUMIFS('CHI TIẾT HÀNG'!$L$5:$L$1004,'CHI TIẾT HÀNG'!$A$5:$A$1004,$A51,'CHI TIẾT HÀNG'!$C$5:$C$1004,$B51,'CHI TIẾT HÀNG'!$D$5:$D$1004,"Trả lại")) | I51: =IF(OR($A51="",$B51=""),"",H51-ROUND(H51*E51,0)) | J51: =IF(OR($A51="",$B51=""),"",C51+G51-I51) | K51: =IF(OR($A51="",$B51=""),"",SUMIFS('THANH TOÁN'!$D$5:$D$404,'THANH TOÁN'!$A$5:$A$404,$A51,'THANH TOÁN'!$C$5:$C$404,$B51)) | L51: =IF(OR($A51="",$B51=""),"",J51-K51) | N51: =IF(OR($A51="",M51=""),"",L51-M51)
A53: Cột "Theo biên bản" là số cuối kỳ ghi trên biên bản đối chiếu gửi khách (chỉ để so sánh). Tháng mới: gõ tên khách + tháng + % chiết khấu, bỏ trống cột này.

Sheet CHI TIẾT HÀNG
A1: CHI TIẾT HÀNG BÁN / TRẢ LẠI THEO KHÁCH
A2: Mỗi dòng = 1 mặt hàng trên biên bản đối chiếu. Hàng khách trả lại ghi Loại = "Trả lại". Cột xám tự tính.
A4: Khách hàng | B4: Ngày | C4: Kỳ (tháng) | D4: Loại | E4: Mã SP | F4: Dung tích | G4: Tên hàng hoá | H4: Mã màu / ghi chú | I4: Số lượng | J4: Đơn giá (VNĐ) | K4: Hệ số (màu */**) | L4: Thành tiền (VNĐ) | M4: Kiểm tra / lưu ý
A5: Hiền Xuân | B5: 46214 | C5: =IF(B5="","",DATE(YEAR(B5),MONTH(B5),1)) -> 46204 | D5: Bán | E5: IL5 | F5: 18L | G5: SƠN LÓT NỘI THẤT KHÁNG KIỀM SILVER | H5: Lót Trong | I5: 6 | J5: 2185000 | K5: 1 | L5: =IF(I5="","",I5*N(J5)*IF(K5="",1,K5)) -> 13110000
A6: Hiền Xuân | B6: 46214 | C6: =IF(B6="","",DATE(YEAR(B6),MONTH(B6),1)) -> 46204 | D6: Bán | E6: EL5 | F6: 18L | G6: SƠN LÓT NGOẠI THẤT KHÁNG KIỀM SILVER | H6: Lót Ngoái | I6: 1 | J6: 3097000 | K6: 1 | L6: =IF(I6="","",I6*N(J6)*IF(K6="",1,K6)) -> 3097000
A7: Hiền Xuân | B7: 46214 | C7: =IF(B7="","",DATE(YEAR(B7),MONTH(B7),1)) -> 46204 | D7: Bán | E7: ESG10 | F7: 18L | G7: SƠN NGOẠI THẤTCAO CẤP BÓNG MỜ IMPERIA | H7: Màu Ngoài | I7: 2 | J7: 5331000 | K7: 1 | L7: =IF(I7="","",I7*N(J7)*IF(K7="",1,K7)) -> 10662000
A8: Hiền Xuân | B8: 46214 | C8: =IF(B8="","",DATE(YEAR(B8),MONTH(B8),1)) -> 46204 | D8: Bán | E8: ISG06 | F8: 18L | G8: SƠN NỘI THẤTCAO CẤP BÓNG MỜ IMPERIA | H8: Màu Trong | I8: 7 | J8: 4597000 | K8: 1 | L8: =IF(I8="","",I8*N(J8)*IF(K8="",1,K8)) -> 32179000
A9: Hiền Xuân | B9: 46214 | C9: =IF(B9="","",DATE(YEAR(B9),MONTH(B9),1)) -> 46204 | D9: Bán | E9: CT12 | F9: 18L | G9: SƠN CHỐNG THẤM ĐA NĂNG IMPERIA | H9: Chống Thấm | I9: 1 | J9: 4106000 | K9: 1 | L9: =IF(I9="","",I9*N(J9)*IF(K9="",1,K9)) -> 4106000
A10: Hiền Xuân | B10: 46226 | C10: =IF(B10="","",DATE(YEAR(B10),MONTH(B10),1)) -> 46204 | D10: Bán | E10: ISG06 | F10: 18L | G10: SƠN NỘI THẤTCAO CẤP BÓNG MỜ IMPERIA | I10: 1 | J10: 4597000 | K10: 1 | L10: =IF(I10="","",I10*N(J10)*IF(K10="",1,K10)) -> 4597000
A11: Hiền Xuân | B11: 46226 | C11: =IF(B11="","",DATE(YEAR(B11),MONTH(B11),1)) -> 46204 | D11: Bán | E11: EL5 | F11: 18L | G11: SƠN LÓT NGOẠI THẤT KHÁNG KIỀM SILVER | H11: LÓT NGOÀI | I11: 2 | J11: 3097000 | K11: 1 | L11: =IF(I11="","",I11*N(J11)*IF(K11="",1,K11)) -> 6194000
A12: Hiền Xuân | B12: 46226 | C12: =IF(B12="","",DATE(YEAR(B12),MONTH(B12),1)) -> 46204 | D12: Bán | E12: ESG10 | F12: 18L | G12: SƠN NGOẠI THẤTCAO CẤP BÓNG MỜ IMPERIA | H12: 310-B3 | I12: 1 | J12: 409000 | K12: 1.15 | L12: =IF(I12="","",I12*N(J12)*IF(K12="",1,K12)) -> 470350 | M12: Đơn giá 409,000 là giá 1L, nhưng dung tích ghi 18L (giá 18L = 5,331,000) – nghi bán thiếu tiền
A13: Hiền Xuân | B13: 46227 | C13: =IF(B13="","",DATE(YEAR(B13),MONTH(B13),1)) -> 46204 | D13: Bán | E13: CT12 | F13: 18L | G13: SƠN CHỐNG THẤM ĐA NĂNG IMPERIA | H13: Chống Thấm | I13: 1 | J13: 4106000 | K13: 1 | L13: =IF(I13="","",I13*N(J13)*IF(K13="",1,K13)) -> 4106000
A14: Hiền Xuân | B14: 46227 | C14: =IF(B14="","",DATE(YEAR(B14),MONTH(B14),1)) -> 46204 | D14: Bán | E14: ESG10 | F14: 18L | G14: SƠN NGOẠI THẤTCAO CẤP BÓNG MỜ IMPERIA | H14: 333 | I14: 1 | J14: 5331000 | K14: 1 | L14: =IF(I14="","",I14*N(J14)*IF(K14="",1,K14)) -> 5331000
A15: Hiền Xuân | B15: 46233 | C15: =IF(B15="","",DATE(YEAR(B15),MONTH(B15),1)) -> 46204 | D15: Trả lại | E15: ISG06 | F15: 18L | G15: SƠN NỘI THẤTCAO CẤP BÓNG MỜ IMPERIA | H15: 333 | I15: 1 | J15: 4597000 | K15: 1 | L15: =IF(I15="","",I15*N(J15)*IF(K15="",1,K15)) -> 4597000
A16: Hòa Hiệp | B16: 46187 | C16: =IF(B16="","",DATE(YEAR(B16),MONTH(B16),1)) -> 46174 | D16: Bán | E16: IG05 | F16: 5L | G16: SƠN NỘI THẤT SIÊU BÓNG CAO CẤP IMPERIA | I16: 1 | J16: 1875000 | K16: 1 | L16: =IF(I16="","",I16*N(J16)*IF(K16="",1,K16)) -> 1875000
A17: Hòa Hiệp | B17: 46194 | C17: =IF(B17="","",DATE(YEAR(B17),MONTH(B17),1)) -> 46174 | D17: Bán | E17: IG05 | F17: 5L | G17: SƠN NỘI THẤT SIÊU BÓNG CAO CẤP IMPERIA | I17: 1 | J17: 1875000 | K17: 1 | L17: =IF(I17="","",I17*N(J17)*IF(K17="",1,K17)) -> 1875000
A18: Hà Liên | B18: 46188 | C18: =IF(B18="","",DATE(YEAR(B18),MONTH(B18),1)) -> 46174 | D18: Bán | E18: PI04 | F18: 18L | G18: SƠN LÓT NỘI THẤT KHÁNG KIỀM CAO CẤP IMPERIA | I18: 2 | J18: 3012000 | K18: 1 | L18: =IF(I18="","",I18*N(J18)*IF(K18="",1,K18)) -> 6024000
A19: Hà Liên | B19: 46188 | C19: =IF(B19="","",DATE(YEAR(B19),MONTH(B19),1)) -> 46174 | D19: Bán | E19: ETM | F19: 18L | G19: SƠN CHỐNG THẤM MÀU | H19: 309 | I19: 1 | J19: 4821000 | K19: 1 | L19: =IF(I19="","",I19*N(J19)*IF(K19="",1,K19)) -> 4821000
A20: Hà Liên | B20: 46188 | C20: =IF(B20="","",DATE(YEAR(B20),MONTH(B20),1)) -> 46174 | D20: Bán | E20: ISG06 | F20: 5L | G20: SƠN NỘI THẤTCAO CẤP BÓNG MỜ IMPERIA | H20: 357 | I20: 2 | J20: 1302000 | K20: 1 | L20: =IF(I20="","",I20*N(J20)*IF(K20="",1,K20)) -> 2604000
A21: Hà Liên | B21: 46188 | C21: =IF(B21="","",DATE(YEAR(B21),MONTH(B21),1)) -> 46174 | D21: Bán | E21: ISG06 | F21: 5L | G21: SƠN NỘI THẤTCAO CẤP BÓNG MỜ IMPERIA | H21: b1 | I21: 1 | J21: 1302000 | K21: 1 | L21: =IF(I21="","",I21*N(J21)*IF(K21="",1,K21)) -> 1302000
A22: Hà Liên | B22: 46189 | C22: =IF(B22="","",DATE(YEAR(B22),MONTH(B22),1)) -> 46174 | D22: Bán | E22: PI04 | F22: 18L | G22: SƠN LÓT NỘI THẤT KHÁNG KIỀM CAO CẤP IMPERIA | I22: 1 | J22: 3012000 | K22: 1 | L22: =IF(I22="","",I22*N(J22)*IF(K22="",1,K22)) -> 3012000
A23: Hà Liên | B23: 46189 | C23: =IF(B23="","",DATE(YEAR(B23),MONTH(B23),1)) -> 46174 | D23: Bán | E23: ISG06 | F23: 5L | G23: SƠN NỘI THẤTCAO CẤP BÓNG MỜ IMPERIA | H23: 357 | I23: 2 | J23: 1302000 | K23: 1 | L23: =IF(I23="","",I23*N(J23)*IF(K23="",1,K23)) -> 2604000
A24: Hà Liên | B24: 46189 | C24: =IF(B24="","",DATE(YEAR(B24),MONTH(B24),1)) -> 46174 | D24: Bán | E24: ISG06 | F24: 5L | G24: SƠN NỘI THẤTCAO CẤP BÓNG MỜ IMPERIA | H24: b1 | I24: 2 | J24: 1302000 | K24: 1 | L24: =IF(I24="","",I24*N(J24)*IF(K24="",1,K24)) -> 2604000
A25: Hà Liên | B25: 46220 | C25: =IF(B25="","",DATE(YEAR(B25),MONTH(B25),1)) -> 46204 | D25: Bán | E25: ESG10 | F25: 18L | G25: SƠN NGOẠI THẤTCAO CẤP BÓNG MỜ IMPERIA | H25: 357 | I25: 1 | J25: 5331000 | K25: 1.1 | L25: =IF(I25="","",I25*N(J25)*IF(K25="",1,K25)) -> 5864100
A26: Hà Liên | B26: 46220 | C26: =IF(B26="","",DATE(YEAR(B26),MONTH(B26),1)) -> 46204 | D26: Bán | E26: ISG06 | F26: 18L | G26: SƠN NỘI THẤTCAO CẤP BÓNG MỜ IMPERIA | H26: 343 | I26: 1 | J26: 4597000 | K26: 1 | L26: =IF(I26="","",I26*N(J26)*IF(K26="",1,K26)) -> 4597000
A27: Hà Liên | B27: 46220 | C27: =IF(B27="","",DATE(YEAR(B27),MONTH(B27),1)) -> 46204 | D27: Bán | E27: ETM | F27: 18L | G27: SƠN CHỐNG THẤM MÀU | I27: 1 | J27: 4821000 | K27: 1 | L27: =IF(I27="","",I27*N(J27)*IF(K27="",1,K27)) -> 4821000
A28: Hà Liên | B28: 46220 | C28: =IF(B28="","",DATE(YEAR(B28),MONTH(B28),1)) -> 46204 | D28: Bán | E28: IEW | F28: 18L | G28: SƠN NỘI THẤT SIÊU TRẮNG IMPERIA | I28: 1 | J28: 2712000 | K28: 1 | L28: =IF(I28="","",I28*N(J28)*IF(K28="",1,K28)) -> 2712000 | M28: Đơn giá cao hơn bảng giá T4/2026 (2,465,000) 10%
A29: Hà Liên | B29: 46220 | C29: =IF(B29="","",DATE(YEAR(B29),MONTH(B29),1)) -> 46204 | D29: Bán | E29: ISG06 | F29: 5L | G29: SƠN NỘI THẤTCAO CẤP BÓNG MỜ IMPERIA | H29: 357 | I29: 2 | J29: 1302000 | K29: 1 | L29: =IF(I29="","",I29*N(J29)*IF(K29="",1,K29)) -> 2604000
A30: Hà Liên | B30: 46220 | C30: =IF(B30="","",DATE(YEAR(B30),MONTH(B30),1)) -> 46204 | D30: Bán | E30: ISG06 | F30: 5L | G30: SƠN NỘI THẤTCAO CẤP BÓNG MỜ IMPERIA | I30: 2 | J30: 1302000 | K30: 1 | L30: =IF(I30="","",I30*N(J30)*IF(K30="",1,K30)) -> 2604000
A31: Hà Liên | B31: 46220 | C31: =IF(B31="","",DATE(YEAR(B31),MONTH(B31),1)) -> 46204 | D31: Bán | E31: ESG10 | F31: 5L | G31: SƠN NGOẠI THẤTCAO CẤP BÓNG MỜ IMPERIA | H31: 346-B1 | I31: 1 | J31: 1536000 | K31: 1 | L31: =IF(I31="","",I31*N(J31)*IF(K31="",1,K31)) -> 1536000
A32: Hà Liên | B32: 46220 | C32: =IF(B32="","",DATE(YEAR(B32),MONTH(B32),1)) -> 46204 | D32: Bán | E32: ETM | F32: 5L | G32: SƠN CHỐNG THẤM MÀU | H32: 309 | I32: 2 | J32: 1447000 | K32: 1 | L32: =IF(I32="","",I32*N(J32)*IF(K32="",1,K32)) -> 2894000
A33: Hà Liên | B33: 46220 | C33: =IF(B33="","",DATE(YEAR(B33),MONTH(B33),1)) -> 46204 | D33: Bán | E33: ESG10 | F33: 18L | G33: SƠN NGOẠI THẤTCAO CẤP BÓNG MỜ IMPERIA | H33: 181 | I33: 1 | J33: 5331000 | K33: 1 | L33: =IF(I33="","",I33*N(J33)*IF(K33="",1,K33)) -> 5331000
A34: Hà Liên | B34: 46220 | C34: =IF(B34="","",DATE(YEAR(B34),MONTH(B34),1)) -> 46204 | D34: Bán | E34: ESI | F34: 18L | G34: SƠN NGOẠI THẤT BỀN MÀU SILVER | H34: 181 | I34: 2 | J34: 3131000 | K34: 1 | L34: =IF(I34="","",I34*N(J34)*IF(K34="",1,K34)) -> 6262000
A35: Hà Liên | B35: 46247 | C35: =IF(B35="","",DATE(YEAR(B35),MONTH(B35),1)) -> 46235 | D35: Bán | E35: ETM | F35: 18L | G35: SƠN CHỐNG THẤM MÀU | I35: 5 | J35: 4821000 | K35: 1 | L35: =IF(I35="","",I35*N(J35)*IF(K35="",1,K35)) -> 24105000
A36: Hà Liên | B36: 46247 | C36: =IF(B36="","",DATE(YEAR(B36),MONTH(B36),1)) -> 46235 | D36: Bán | E36: PI04 | F36: 18L | G36: SƠN LÓT NỘI THẤT KHÁNG KIỀM CAO CẤP IMPERIA | I36: 5 | J36: 3012000 | K36: 1 | L36: =IF(I36="","",I36*N(J36)*IF(K36="",1,K36)) -> 15060000
A37: Hà Liên | B37: 46268 | C37: =IF(B37="","",DATE(YEAR(B37),MONTH(B37),1)) -> 46266 | D37: Bán | E37: CTS | F37: 18L | G37: SƠN CHỐNG THẤM SIÊU CO GIÃN | I37: 2 | J37: 5025000 | K37: 1 | L37: =IF(I37="","",I37*N(J37)*IF(K37="",1,K37)) -> 10050000
A38: Hà Liên | B38: 46269 | C38: =IF(B38="","",DATE(YEAR(B38),MONTH(B38),1)) -> 46266 | D38: Bán | E38: IEW | F38: 18L | G38: SƠN NỘI THẤT SIÊU TRẮNG IMPERIA | I38: 3 | J38: 2712000 | K38: 1 | L38: =IF(I38="","",I38*N(J38)*IF(K38="",1,K38)) -> 8136000 | M38: Đơn giá cao hơn bảng giá T4/2026 (2,465,000) 10%
A39: Hà Liên | B39: 46269 | C39: =IF(B39="","",DATE(YEAR(B39),MONTH(B39),1)) -> 46266 | D39: Bán | E39: PE02 | F39: 18L | G39: SƠN LÓT NGỌAI THẤT KHÁNG KIỀM CAO CẤP IMPERIA | I39: 2 | J39: 4106000 | K39: 1 | L39: =IF(I39="","",I39*N(J39)*IF(K39="",1,K39)) -> 8212000
A40: Hà Liên | B40: 46269 | C40: =IF(B40="","",DATE(YEAR(B40),MONTH(B40),1)) -> 46266 | D40: Bán | E40: PI04 | F40: 18L | G40: SƠN LÓT NỘI THẤT KHÁNG KIỀM CAO CẤP IMPERIA | I40: 2 | J40: 3012000 | K40: 1 | L40: =IF(I40="","",I40*N(J40)*IF(K40="",1,K40)) -> 6024000
A41: Hà Liên | B41: 46269 | C41: =IF(B41="","",DATE(YEAR(B41),MONTH(B41),1)) -> 46266 | D41: Bán | E41: ETM | F41: 18L | G41: SƠN CHỐNG THẤM MÀU | I41: 1 | J41: 4821000 | K41: 1 | L41: =IF(I41="","",I41*N(J41)*IF(K41="",1,K41)) -> 4821000
A42: Hà Liên | B42: 46269 | C42: =IF(B42="","",DATE(YEAR(B42),MONTH(B42),1)) -> 46266 | D42: Bán | E42: BA | F42: Bao | G42: Bột bả nội + ngoại | I42: 3 | J42: 481000 | K42: 1 | L42: =IF(I42="","",I42*N(J42)*IF(K42="",1,K42)) -> 1443000
A43: Hà Liên | B43: 46271 | C43: =IF(B43="","",DATE(YEAR(B43),MONTH(B43),1)) -> 46266 | D43: Bán | E43: ESG10 | F43: 18L | G43: SƠN NGOẠI THẤTCAO CẤP BÓNG MỜ IMPERIA | H43: Trắng sứ | I43: 1 | J43: 5331000 | K43: 1 | L43: =IF(I43="","",I43*N(J43)*IF(K43="",1,K43)) -> 5331000
A44: Hà Liên | B44: 46271 | C44: =IF(B44="","",DATE(YEAR(B44),MONTH(B44),1)) -> 46266 | D44: Bán | E44: ESG10 | F44: 5L | G44: SƠN NGOẠI THẤTCAO CẤP BÓNG MỜ IMPERIA | H44: 359-b3 | I44: 1 | J44: 1536000 | K44: 1.15 | L44: =IF(I44="","",I44*N(J44)*IF(K44="",1,K44)) -> 1766400
A45: Hà Liên | B45: 46271 | C45: =IF(B45="","",DATE(YEAR(B45),MONTH(B45),1)) -> 46266 | D45: Bán | E45: ESG10 | F45: 1L | G45: SƠN NGOẠI THẤTCAO CẤP BÓNG MỜ IMPERIA | H45: 333-B1 | I45: 1 | J45: 409000 | K45: 1 | L45: =IF(I45="","",I45*N(J45)*IF(K45="",1,K45)) -> 409000
A46: Hà Liên | B46: 46271 | C46: =IF(B46="","",DATE(YEAR(B46),MONTH(B46),1)) -> 46266 | D46: Bán | E46: ESG10 | F46: 1L | G46: SƠN NGOẠI THẤTCAO CẤP BÓNG MỜ IMPERIA | H46: 339-B1 | I46: 1 | J46: 409000 | K46: 1 | L46: =IF(I46="","",I46*N(J46)*IF(K46="",1,K46)) -> 409000
A47: Hà Liên | B47: 46271 | C47: =IF(B47="","",DATE(YEAR(B47),MONTH(B47),1)) -> 46266 | D47: Bán | E47: PI04 | F47: 18L | G47: SƠN LÓT NỘI THẤT KHÁNG KIỀM CAO CẤP IMPERIA | I47: 1 | L47: =IF(I47="","",I47*N(J47)*IF(K47="",1,K47)) -> 0 | M47: Không có đơn giá (khuyến mại): Khuyến mại
A48: Hà Liên | B48: 46273 | C48: =IF(B48="","",DATE(YEAR(B48),MONTH(B48),1)) -> 46266 | D48: Bán | E48: ISG06 | F48: 18L | G48: SƠN NỘI THẤTCAO CẤP BÓNG MỜ IMPERIA | H48: 333 | I48: 5 | J48: 4597000 | K48: 1 | L48: =IF(I48="","",I48*N(J48)*IF(K48="",1,K48)) -> 22985000
A49: Hà Liên | B49: 46273 | C49: =IF(B49="","",DATE(YEAR(B49),MONTH(B49),1)) -> 46266 | D49: Bán | E49: IEW | F49: 18L | G49: SƠN NỘI THẤT SIÊU TRẮNG IMPERIA | I49: 1 | J49: 2712000 | K49: 1 | L49: =IF(I49="","",I49*N(J49)*IF(K49="",1,K49)) -> 2712000 | M49: Đơn giá cao hơn bảng giá T4/2026 (2,465,000) 10%
A50: Hà Liên | B50: 46273 | C50: =IF(B50="","",DATE(YEAR(B50),MONTH(B50),1)) -> 46266 | D50: Bán | E50: ISG06 | F50: 5L | G50: SƠN NỘI THẤTCAO CẤP BÓNG MỜ IMPERIA | H50: 360 | I50: 2 | J50: 1302000 | K50: 1 | L50: =IF(I50="","",I50*N(J50)*IF(K50="",1,K50)) -> 2604000
A51: Hà Liên | B51: 46285 | C51: =IF(B51="","",DATE(YEAR(B51),MONTH(B51),1)) -> 46266 | D51: Bán | E51: PI04 | F51: 18L | G51: SƠN LÓT NỘI THẤT KHÁNG KIỀM CAO CẤP IMPERIA | I51: 2 | J51: 3012000 | K51: 1 | L51: =IF(I51="","",I51*N(J51)*IF(K51="",1,K51)) -> 6024000
A52: Hà Liên | B52: 46285 | C52: =IF(B52="","",DATE(YEAR(B52),MONTH(B52),1)) -> 46266 | D52: Bán | E52: ISG06 | F52: 18L | G52: SƠN NỘI THẤTCAO CẤP BÓNG MỜ IMPERIA | H52: 333 | I52: 1 | J52: 4597000 | K52: 1 | L52: =IF(I52="","",I52*N(J52)*IF(K52="",1,K52)) -> 4597000
A53: Hà Liên | B53: 46285 | C53: =IF(B53="","",DATE(YEAR(B53),MONTH(B53),1)) -> 46266 | D53: Bán | E53: ISI | F53: 18L | G53: SƠN NỘI THẤT BỀN MÀU SILVER | H53: 333 | I53: 1 | J53: 2128000 | K53: 1 | L53: =IF(I53="","",I53*N(J53)*IF(K53="",1,K53)) -> 2128000
A54: Hà Liên | B54: 46285 | C54: =IF(B54="","",DATE(YEAR(B54),MONTH(B54),1)) -> 46266 | D54: Bán | E54: CTS | F54: 5L | G54: SƠN CHỐNG THẤM SIÊU CO GIÃN | I54: 1 | J54: 1470000 | K54: 1 | L54: =IF(I54="","",I54*N(J54)*IF(K54="",1,K54)) -> 1470000
A55: Hà Liên | B55: 46285 | C55: =IF(B55="","",DATE(YEAR(B55),MONTH(B55),1)) -> 46266 | D55: Bán | E55: PE02 | F55: 5L | G55: SƠN LÓT NGỌAI THẤT KHÁNG KIỀM CAO CẤP IMPERIA | I55: 1 | J55: 1419000 | K55: 1 | L55: =IF(I55="","",I55*N(J55)*IF(K55="",1,K55)) -> 1419000
A56: Hà Liên | B56: 46285 | C56: =IF(B56="","",DATE(YEAR(B56),MONTH(B56),1)) -> 46266 | D56: Bán | E56: ISG06 | F56: 5L | G56: SƠN NỘI THẤTCAO CẤP BÓNG MỜ IMPERIA | H56: 309 | I56: 1 | J56: 1302000 | K56: 1 | L56: =IF(I56="","",I56*N(J56)*IF(K56="",1,K56)) -> 1302000
A57: Hà Liên | B57: 46285 | C57: =IF(B57="","",DATE(YEAR(B57),MONTH(B57),1)) -> 46266 | D57: Bán | E57: ISG06 | F57: 5L | G57: SƠN NỘI THẤTCAO CẤP BÓNG MỜ IMPERIA | H57: B1 | I57: 1 | J57: 1302000 | K57: 1 | L57: =IF(I57="","",I57*N(J57)*IF(K57="",1,K57)) -> 1302000
A58: Hà Liên | B58: 46285 | C58: =IF(B58="","",DATE(YEAR(B58),MONTH(B58),1)) -> 46266 | D58: Bán | E58: ESG10 | F58: 1L | G58: SƠN NGOẠI THẤTCAO CẤP BÓNG MỜ IMPERIA | H58: 071-b1 | I58: 2 | J58: 409000 | K58: 1 | L58: =IF(I58="","",I58*N(J58)*IF(K58="",1,K58)) -> 818000
A59: Hà Liên | B59: 46290 | C59: =IF(B59="","",DATE(YEAR(B59),MONTH(B59),1)) -> 46266 | D59: Bán | E59: CTS | F59: 18L | G59: SƠN CHỐNG THẤM SIÊU CO GIÃN | I59: 1 | J59: 5025000 | K59: 1 | L59: =IF(I59="","",I59*N(J59)*IF(K59="",1,K59)) -> 5025000
A60: Hà Liên | B60: 46290 | C60: =IF(B60="","",DATE(YEAR(B60),MONTH(B60),1)) -> 46266 | D60: Bán | E60: ETM | F60: 5L | G60: SƠN CHỐNG THẤM MÀU | H60: 309 | I60: 1 | J60: 1447000 | K60: 1 | L60: =IF(I60="","",I60*N(J60)*IF(K60="",1,K60)) -> 1447000
C61: =IF(B61="","",DATE(YEAR(B61),MONTH(B61),1)) | L61: =IF(I61="","",I61*N(J61)*IF(K61="",1,K61))
C62: =IF(B62="","",DATE(YEAR(B62),MONTH(B62),1)) | L62: =IF(I62="","",I62*N(J62)*IF(K62="",1,K62))
C63: =IF(B63="","",DATE(YEAR(B63),MONTH(B63),1)) | L63: =IF(I63="","",I63*N(J63)*IF(K63="",1,K63))
C64: =IF(B64="","",DATE(YEAR(B64),MONTH(B64),1)) | L64: =IF(I64="","",I64*N(J64)*IF(K64="",1,K64))
C65: =IF(B65="","",DATE(YEAR(B65),MONTH(B65),1)) | L65: =IF(I65="","",I65*N(J65)*IF(K65="",1,K65))
C66: =IF(B66="","",DATE(YEAR(B66),MONTH(B66),1)) | L66: =IF(I66="","",I66*N(J66)*IF(K66="",1,K66))
C67: =IF(B67="","",DATE(YEAR(B67),MONTH(B67),1)) | L67: =IF(I67="","",I67*N(J67)*IF(K67="",1,K67))
C68: =IF(B68="","",DATE(YEAR(B68),MONTH(B68),1)) | L68: =IF(I68="","",I68*N(J68)*IF(K68="",1,K68))
C69: =IF(B69="","",DATE(YEAR(B69),MONTH(B69),1)) | L69: =IF(I69="","",I69*N(J69)*IF(K69="",1,K69))
C70: =IF(B70="","",DATE(YEAR(B70),MONTH(B70),1)) | L70: =IF(I70="","",I70*N(J70)*IF(K70="",1,K70))
C71: =IF(B71="","",DATE(YEAR(B71),MONTH(B71),1)) | L71: =IF(I71="","",I71*N(J71)*IF(K71="",1,K71))
C72: =IF(B72="","",DATE(YEAR(B72),MONTH(B72),1)) | L72: =IF(I72="","",I72*N(J72)*IF(K72="",1,K72))
... C1004: =IF(B1004="","",DATE(YEAR(B1004),MONTH(B1004),1)) | L1004: =IF(I1004="","",I1004*N(J1004)*IF(K1004="",1,K1004))

Sheet THANH TOÁN
A1: NHẬT KÝ KHÁCH THANH TOÁN
A2: Mỗi lần khách trả tiền ghi 1 dòng. Số tiền tự cộng vào sổ công nợ của đúng khách, đúng tháng.
A4: Khách hàng | B4: Ngày thanh toán | C4: Kỳ (tháng) | D4: Số tiền (VNĐ) | E4: Ghi chú | F4: Nguồn
A5: Hiền Xuân | B5: 46233 | C5: =IF(B5="","",DATE(YEAR(B5),MONTH(B5),1)) -> 46204 | D5: 30060000 | E5: Ngày 30 tháng 07 CH Thanh toán | F5: Biên bản đối chiếu tháng 7
A6: Hòa Hiệp | B6: 46187 | C6: =IF(B6="","",DATE(YEAR(B6),MONTH(B6),1)) -> 46174 | D6: 750000 | E6: CH đã tt ngày 14/06 | F6: Biên bản đối chiếu tháng 6
A7: Hòa Hiệp | B7: 46194 | C7: =IF(B7="","",DATE(YEAR(B7),MONTH(B7),1)) -> 46174 | D7: 750000 | E7: CH đã tt ngày 21/6 | F7: Biên bản đối chiếu tháng 6
A8: Hà Liên | B8: 46211 | C8: =IF(B8="","",DATE(YEAR(B8),MONTH(B8),1)) -> 46204 | D8: 9190000 | E8: Ngày 08 tháng 07 CH Thanh toán | F8: Biên bản đối chiếu tháng 7
A9: Hà Liên | B9: 46233 | C9: =IF(B9="","",DATE(YEAR(B9),MONTH(B9),1)) -> 46204 | D9: 6100000 | E9: Ngày 30 tháng 07 CH Thanh toán | F9: Biên bản đối chiếu tháng 7
A10: Hà Liên | B10: 46260 | C10: =IF(B10="","",DATE(YEAR(B10),MONTH(B10),1)) -> 46235 | D10: 33240000 | E10: Ngày 26 tháng 08 CH Thanh toán | F10: Biên bản đối chiếu tháng 8
C11: =IF(B11="","",DATE(YEAR(B11),MONTH(B11),1))
C12: =IF(B12="","",DATE(YEAR(B12),MONTH(B12),1))
C13: =IF(B13="","",DATE(YEAR(B13),MONTH(B13),1))
C14: =IF(B14="","",DATE(YEAR(B14),MONTH(B14),1))
C15: =IF(B15="","",DATE(YEAR(B15),MONTH(B15),1))
C16: =IF(B16="","",DATE(YEAR(B16),MONTH(B16),1))
C17: =IF(B17="","",DATE(YEAR(B17),MONTH(B17),1))
C18: =IF(B18="","",DATE(YEAR(B18),MONTH(B18),1))
C19: =IF(B19="","",DATE(YEAR(B19),MONTH(B19),1))
C20: =IF(B20="","",DATE(YEAR(B20),MONTH(B20),1))
C21: =IF(B21="","",DATE(YEAR(B21),MONTH(B21),1))
C22: =IF(B22="","",DATE(YEAR(B22),MONTH(B22),1))
... C404: =IF(B404="","",DATE(YEAR(B404),MONTH(B404),1))

Sheet KIỂM TRA
A1: ĐỐI CHIẾU VÀ CÁC ĐIỂM CẦN CHỊ XÁC NHẬN
A2: Em đã dựng lại toàn bộ công nợ từ chi tiết hàng + thanh toán, rồi so với số cuối kỳ ghi trên từng biên bản.
A4: # | B4: Nội dung | C4: Chi tiết | D4: Mức độ
A5: 1 | B5: Đối chiếu 6 biên bản | C5: Cả 6 kỳ (Hiền Xuân T7, Hòa Hiệp T6, Hà Liên T6–T9) tính lại khớp 100% số phát sinh, chiết khấu, thanh toán và nợ cuối kỳ trên biên bản. Cột "Chênh lệch" ở SỔ CÔNG NỢ đều bằng 0. | D5: OK
A6: 2 | B6: Hiền Xuân T7 – dòng ESG10 màu 310-B3 (23/07) | C6: Dung tích ghi 18L nhưng đơn giá 409.000 là giá lon 1L (giá 18L = 5.331.000, ×1,15 màu = 6.130.650). Thành tiền hiện 470.350. Nếu thực tế là 18L thì biên bản thiếu khoảng 5,66 triệu (gốc), tương đương khoảng 2,15 triệu sau chiết khấu 62%. Dòng này cũng có trong XUẤT KHO T7. | D6: Cần xác nhận
A7: 3 | B7: Hà Liên T9 – chưa ghi thanh toán | C7: Biên bản tháng 9 chưa có khoản thanh toán nào, nợ 33.078.350 là số khách còn nợ tính đến 30/09 (đã trừ 7.095.410 khách trả dư từ tháng 8). | D7: Lưu ý
A8: 4 | B8: Hà Liên T9 – ghi nhầm tiêu đề | C8: Tiêu đề biên bản tháng 9 ghi "Tháng 8 - 2026". Nội dung (ngày 03/09–25/09) đúng là tháng 9. | D8: Sửa biên bản
A9: 5 | B9: Hòa Hiệp – chỉ có tháng 6 | C9: Thiếu biên bản tháng 7, 8, 9. Số dư −112.500 (khách trả dư) là tính đến 30/06. Hiền Xuân cũng chỉ có tháng 7 (nợ đầu kỳ 63.600 là số cũ chuyển sang). | D9: Cần bổ sung
A10: 6 | B10: Chiết khấu mỗi khách khác nhau | C10: Hiền Xuân 62%, Hòa Hiệp 63%, Hà Liên 60%. Hàng trả lại tính cùng % chiết khấu của tháng đó. | D10: Lưu ý
A11: 7 | B11: Đơn giá IEW 18L = 2.712.000 | C11: Cao hơn bảng giá T4/2026 (2.465.000) đúng 10%; ở Hà Liên T7 và T9. Có vẻ là giá đã điều chỉnh, chị kiểm lại bảng giá. | D11: Lưu ý
A12: 8 | B12: Dòng khuyến mại | C12: Hà Liên T9 có 1 thùng PI04 18L ghi "Khuyến mại", không tính tiền (thành tiền 0). | D12: Lưu ý
A13: 9 | B13: Hòa Hiệp T6 – thanh toán dư | C13: Khách trả 2 lần 750.000 = 1.500.000, trong khi phải trả 1.387.500 → dư 112.500. | D13: Lưu ý
B15: Tổng chênh lệch so với biên bản (phải = 0): | C15: =SUMIF('SỔ CÔNG NỢ'!$N$5:$N$51,">0")-SUMIF('SỔ CÔNG NỢ'!$N$5:$N$51,"<0") -> 0

Sheet HƯỚNG DẪN
A1: HƯỚNG DẪN SỬ DỤNG
A2: Mỗi tháng chị làm 3 việc, còn lại số liệu tự nhảy ra ở TỔNG HỢP.
A4: 1. CHI TIẾT HÀNG: ghi từng mặt hàng đã giao cho khách (Khách, Ngày, Mã SP, Dung tích, Số lượng, Đơn giá, Hệ số màu). Hàng khách trả lại thì chọn Loại = "Trả lại". Kỳ (tháng) và thành tiền tự tính theo ngày.
A5: 2. THANH TOÁN: mỗi lần khách trả tiền ghi 1 dòng (Khách, Ngày, Số tiền).
A6: 3. SỔ CÔNG NỢ: sang tháng mới, gõ vào dòng vàng trống đầu tiên: Khách hàng + Tháng (ngày mùng 1, ví dụ 01/10/2026) + % chiết khấu. Nợ đầu kỳ tự lấy từ cuối kỳ tháng trước; phát sinh, chiết khấu, thanh toán, nợ cuối kỳ tự tính.
A7: 4. TỔNG HỢP: xem nợ hiện tại của từng khách, tổng khách còn nợ, công ty nợ lại khách, và 3 bảng theo tháng (nợ cuối kỳ, phát sinh sau chiết khấu, đã thanh toán).
A8: Khách mới: gõ tên vào ô vàng trống ở bảng TỔNG HỢP (cột Khách hàng). Rồi ở SỔ CÔNG NỢ, dòng tháng đầu tiên của khách đó gõ tay Nợ đầu kỳ (nếu có) – ô cột Nợ đầu kỳ chỉ cần ghi đè công thức.
A9: Chữ XANH / ô vàng = chị nhập. Chữ đen / ô xám = công thức, đừng xóa. Cột "Theo biên bản" chỉ để đối chiếu với số ghi trên biên bản gửi khách, có thể để trống.
