Workbook

Sheet TỔNG HỢP
A1: TỔNG HỢP CÔNG NỢ CÁC CỬA HÀNG
A2: Số dương = cửa hàng còn nợ công ty; số âm (đỏ) = công ty đang nợ lại cửa hàng. "Theo biên bản" là số đã ghi trên biên bản gửi khách; "Tính lại" là số em tự cộng trừ lại từ các khoản trên biên bản.
A4: CỬA HÀNG CÒN NỢ (theo biên bản) | C4: CÔNG TY NỢ LẠI CỬA HÀNG (theo BB) | E4: NỢ RÒNG THEO BIÊN BẢN | H4: NỢ RÒNG TÍNH LẠI | J4: SỐ BIÊN BẢN CÓ CHÊNH LỆCH
A5: =SUMIF(D9:D38,">0") -> 375377145 | C5: =-SUMIF(D9:D38,"<0") -> 14093922 | E5: =SUM(D9:D38) -> 361283223 | H5: =SUM(E9:E38) -> 3.7465707e+08 | J5: =COUNTIF('SỔ CÔNG NỢ'!$O$5:$O$111,">1")+COUNTIF('SỔ CÔNG NỢ'!$O$5:$O$111,"<-1") -> 6
A7: ▶ CÔNG NỢ TỪNG CỬA HÀNG (sắp theo số nợ giảm dần)
A8: STT | B8: Cửa hàng | C8: Biên bản gần nhất | D8: NỢ THEO BIÊN BẢN | E8: Nợ tính lại | F8: Chênh lệch | G8: Tình trạng | H8: Phát sinh sau CK (cộng dồn) | I8: Hàng trả lại sau CK | J8: Đã thanh toán (cộng dồn) | K8: Lưu ý
A9: =IF($B9="","",ROW()-8) -> 1 | B9: Thông Lan (Thiệu Vân) | C9: =IF($B9="","",_xlfn.MAXIFS('SỔ CÔNG NỢ'!$B$5:$B$111,'SỔ CÔNG NỢ'!$A$5:$A$111,$B9)) -> 46266 | D9: =IF($B9="","",SUMIFS('SỔ CÔNG NỢ'!$N$5:$N$111,'SỔ CÔNG NỢ'!$A$5:$A$111,$B9,'SỔ CÔNG NỢ'!$B$5:$B$111,$C9)) -> 61451055 | E9: =IF($B9="","",SUMIFS('SỔ CÔNG NỢ'!$M$5:$M$111,'SỔ CÔNG NỢ'!$A$5:$A$111,$B9,'SỔ CÔNG NỢ'!$B$5:$B$111,$C9)) -> 61451055 | F9: =IF($B9="","",D9-E9) -> 0 | G9: =IF($B9="","",IF(D9>0,"Còn nợ",IF(D9<0,"Công ty nợ lại","Hết nợ"))) -> Còn nợ | H9: =IF($B9="","",SUMIFS('SỔ CÔNG NỢ'!$G$5:$G$111,'SỔ CÔNG NỢ'!$A$5:$A$111,$B9)) -> 2624650 | I9: =IF($B9="","",SUMIFS('SỔ CÔNG NỢ'!$J$5:$J$111,'SỔ CÔNG NỢ'!$A$5:$A$111,$B9)) -> 0 | J9: =IF($B9="","",SUMIFS('SỔ CÔNG NỢ'!$K$5:$K$111,'SỔ CÔNG NỢ'!$A$5:$A$111,$B9)) -> 0 | K9: =IF($B9="","",IF(ABS(F9)>1,"⚠ Biên bản lệch số tính lại – xem SỔ CÔNG NỢ. ","")&IF(C9<MAX('SỔ CÔNG NỢ'!$B$5:$B$111),"⚠ Chưa có biên bản sau "&TEXT(C9,"mm/yyyy"),""))
A10: =IF($B10="","",ROW()-8) -> 2 | B10: Tuân Thuận | C10: =IF($B10="","",_xlfn.MAXIFS('SỔ CÔNG NỢ'!$B$5:$B$111,'SỔ CÔNG NỢ'!$A$5:$A$111,$B10)) -> 46266 | D10: =IF($B10="","",SUMIFS('SỔ CÔNG NỢ'!$N$5:$N$111,'SỔ CÔNG NỢ'!$A$5:$A$111,$B10,'SỔ CÔNG NỢ'!$B$5:$B$111,$C10)) -> 47835892 | E10: =IF($B10="","",SUMIFS('SỔ CÔNG NỢ'!$M$5:$M$111,'SỔ CÔNG NỢ'!$A$5:$A$111,$B10,'SỔ CÔNG NỢ'!$B$5:$B$111,$C10)) -> 47835892 | F10: =IF($B10="","",D10-E10) -> 0 | G10: =IF($B10="","",IF(D10>0,"Còn nợ",IF(D10<0,"Công ty nợ lại","Hết nợ"))) -> Còn nợ | H10: =IF($B10="","",SUMIFS('SỔ CÔNG NỢ'!$G$5:$G$111,'SỔ CÔNG NỢ'!$A$5:$A$111,$B10)) -> 191760280 | I10: =IF($B10="","",SUMIFS('SỔ CÔNG NỢ'!$J$5:$J$111,'SỔ CÔNG NỢ'!$A$5:$A$111,$B10)) -> 0 | J10: =IF($B10="","",SUMIFS('SỔ CÔNG NỢ'!$K$5:$K$111,'SỔ CÔNG NỢ'!$A$5:$A$111,$B10)) -> 108935000 | K10: =IF($B10="","",IF(ABS(F10)>1,"⚠ Biên bản lệch số tính lại – xem SỔ CÔNG NỢ. ","")&IF(C10<MAX('SỔ CÔNG NỢ'!$B$5:$B$111),"⚠ Chưa có biên bản sau "&TEXT(C10,"mm/yyyy"),""))
A11: =IF($B11="","",ROW()-8) -> 3 | B11: Anh Hưng (giao anh Hải, TP) | C11: =IF($B11="","",_xlfn.MAXIFS('SỔ CÔNG NỢ'!$B$5:$B$111,'SỔ CÔNG NỢ'!$A$5:$A$111,$B11)) -> 46235 | D11: =IF($B11="","",SUMIFS('SỔ CÔNG NỢ'!$N$5:$N$111,'SỔ CÔNG NỢ'!$A$5:$A$111,$B11,'SỔ CÔNG NỢ'!$B$5:$B$111,$C11)) -> 46455786 | E11: =IF($B11="","",SUMIFS('SỔ CÔNG NỢ'!$M$5:$M$111,'SỔ CÔNG NỢ'!$A$5:$A$111,$B11,'SỔ CÔNG NỢ'!$B$5:$B$111,$C11)) -> 46455786 | F11: =IF($B11="","",D11-E11) -> 0 | G11: =IF($B11="","",IF(D11>0,"Còn nợ",IF(D11<0,"Công ty nợ lại","Hết nợ"))) -> Còn nợ | H11: =IF($B11="","",SUMIFS('SỔ CÔNG NỢ'!$G$5:$G$111,'SỔ CÔNG NỢ'!$A$5:$A$111,$B11)) -> 45925964 | I11: =IF($B11="","",SUMIFS('SỔ CÔNG NỢ'!$J$5:$J$111,'SỔ CÔNG NỢ'!$A$5:$A$111,$B11)) -> 0 | J11: =IF($B11="","",SUMIFS('SỔ CÔNG NỢ'!$K$5:$K$111,'SỔ CÔNG NỢ'!$A$5:$A$111,$B11)) -> 0 | K11: =IF($B11="","",IF(ABS(F11)>1,"⚠ Biên bản lệch số tính lại – xem SỔ CÔNG NỢ. ","")&IF(C11<MAX('SỔ CÔNG NỢ'!$B$5:$B$111),"⚠ Chưa có biên bản sau "&TEXT(C11,"mm/yyyy"),"")) -> ⚠ Chưa có biên bản sau 08/2026
A12: =IF($B12="","",ROW()-8) -> 4 | B12: Nghị Hậu | C12: =IF($B12="","",_xlfn.MAXIFS('SỔ CÔNG NỢ'!$B$5:$B$111,'SỔ CÔNG NỢ'!$A$5:$A$111,$B12)) -> 46174 | D12: =IF($B12="","",SUMIFS('SỔ CÔNG NỢ'!$N$5:$N$111,'SỔ CÔNG NỢ'!$A$5:$A$111,$B12,'SỔ CÔNG NỢ'!$B$5:$B$111,$C12)) -> 33448535 | E12: =IF($B12="","",SUMIFS('SỔ CÔNG NỢ'!$M$5:$M$111,'SỔ CÔNG NỢ'!$A$5:$A$111,$B12,'SỔ CÔNG NỢ'!$B$5:$B$111,$C12)) -> 33448535 | F12: =IF($B12="","",D12-E12) -> 0 | G12: =IF($B12="","",IF(D12>0,"Còn nợ",IF(D12<0,"Công ty nợ lại","Hết nợ"))) -> Còn nợ | H12: =IF($B12="","",SUMIFS('SỔ CÔNG NỢ'!$G$5:$G$111,'SỔ CÔNG NỢ'!$A$5:$A$111,$B12)) -> 27770535 | I12: =IF($B12="","",SUMIFS('SỔ CÔNG NỢ'!$J$5:$J$111,'SỔ CÔNG NỢ'!$A$5:$A$111,$B12)) -> 0 | J12: =IF($B12="","",SUMIFS('SỔ CÔNG NỢ'!$K$5:$K$111,'SỔ CÔNG NỢ'!$A$5:$A$111,$B12)) -> 28000000 | K12: =IF($B12="","",IF(ABS(F12)>1,"⚠ Biên bản lệch số tính lại – xem SỔ CÔNG NỢ. ","")&IF(C12<MAX('SỔ CÔNG NỢ'!$B$5:$B$111),"⚠ Chưa có biên bản sau "&TEXT(C12,"mm/yyyy"),"")) -> ⚠ Chưa có biên bản sau 06/2026
A13: =IF($B13="","",ROW()-8) -> 5 | B13: Hà Liên | C13: =IF($B13="","",_xlfn.MAXIFS('SỔ CÔNG NỢ'!$B$5:$B$111,'SỔ CÔNG NỢ'!$A$5:$A$111,$B13)) -> 46266 | D13: =IF($B13="","",SUMIFS('SỔ CÔNG NỢ'!$N$5:$N$111,'SỔ CÔNG NỢ'!$A$5:$A$111,$B13,'SỔ CÔNG NỢ'!$B$5:$B$111,$C13)) -> 33078350 | E13: =IF($B13="","",SUMIFS('SỔ CÔNG NỢ'!$M$5:$M$111,'SỔ CÔNG NỢ'!$A$5:$A$111,$B13,'SỔ CÔNG NỢ'!$B$5:$B$111,$C13)) -> 33078350 | F13: =IF($B13="","",D13-E13) -> 0 | G13: =IF($B13="","",IF(D13>0,"Còn nợ",IF(D13<0,"Công ty nợ lại","Hết nợ"))) -> Còn nợ | H13: =IF($B13="","",SUMIFS('SỔ CÔNG NỢ'!$G$5:$G$111,'SỔ CÔNG NỢ'!$A$5:$A$111,$B13)) -> 80718200 | I13: =IF($B13="","",SUMIFS('SỔ CÔNG NỢ'!$J$5:$J$111,'SỔ CÔNG NỢ'!$A$5:$A$111,$B13)) -> 0 | J13: =IF($B13="","",SUMIFS('SỔ CÔNG NỢ'!$K$5:$K$111,'SỔ CÔNG NỢ'!$A$5:$A$111,$B13)) -> 48530000 | K13: =IF($B13="","",IF(ABS(F13)>1,"⚠ Biên bản lệch số tính lại – xem SỔ CÔNG NỢ. ","")&IF(C13<MAX('SỔ CÔNG NỢ'!$B$5:$B$111),"⚠ Chưa có biên bản sau "&TEXT(C13,"mm/yyyy"),""))
A14: =IF($B14="","",ROW()-8) -> 6 | B14: Chinh Ưng (Đông Lĩnh) | C14: =IF($B14="","",_xlfn.MAXIFS('SỔ CÔNG NỢ'!$B$5:$B$111,'SỔ CÔNG NỢ'!$A$5:$A$111,$B14)) -> 46266 | D14: =IF($B14="","",SUMIFS('SỔ CÔNG NỢ'!$N$5:$N$111,'SỔ CÔNG NỢ'!$A$5:$A$111,$B14,'SỔ CÔNG NỢ'!$B$5:$B$111,$C14)) -> 29985920 | E14: =IF($B14="","",SUMIFS('SỔ CÔNG NỢ'!$M$5:$M$111,'SỔ CÔNG NỢ'!$A$5:$A$111,$B14,'SỔ CÔNG NỢ'!$B$5:$B$111,$C14)) -> 29985920 | F14: =IF($B14="","",D14-E14) -> 0 | G14: =IF($B14="","",IF(D14>0,"Còn nợ",IF(D14<0,"Công ty nợ lại","Hết nợ"))) -> Còn nợ | H14: =IF($B14="","",SUMIFS('SỔ CÔNG NỢ'!$G$5:$G$111,'SỔ CÔNG NỢ'!$A$5:$A$111,$B14)) -> 23061840 | I14: =IF($B14="","",SUMIFS('SỔ CÔNG NỢ'!$J$5:$J$111,'SỔ CÔNG NỢ'!$A$5:$A$111,$B14)) -> 2532720 | J14: =IF($B14="","",SUMIFS('SỔ CÔNG NỢ'!$K$5:$K$111,'SỔ CÔNG NỢ'!$A$5:$A$111,$B14)) -> 0 | K14: =IF($B14="","",IF(ABS(F14)>1,"⚠ Biên bản lệch số tính lại – xem SỔ CÔNG NỢ. ","")&IF(C14<MAX('SỔ CÔNG NỢ'!$B$5:$B$111),"⚠ Chưa có biên bản sau "&TEXT(C14,"mm/yyyy"),""))
A15: =IF($B15="","",ROW()-8) -> 7 | B15: Cường Hà | C15: =IF($B15="","",_xlfn.MAXIFS('SỔ CÔNG NỢ'!$B$5:$B$111,'SỔ CÔNG NỢ'!$A$5:$A$111,$B15)) -> 46266 | D15: =IF($B15="","",SUMIFS('SỔ CÔNG NỢ'!$N$5:$N$111,'SỔ CÔNG NỢ'!$A$5:$A$111,$B15,'SỔ CÔNG NỢ'!$B$5:$B$111,$C15)) -> 21149210 | E15: =IF($B15="","",SUMIFS('SỔ CÔNG NỢ'!$M$5:$M$111,'SỔ CÔNG NỢ'!$A$5:$A$111,$B15,'SỔ CÔNG NỢ'!$B$5:$B$111,$C15)) -> 21149210 | F15: =IF($B15="","",D15-E15) -> 0 | G15: =IF($B15="","",IF(D15>0,"Còn nợ",IF(D15<0,"Công ty nợ lại","Hết nợ"))) -> Còn nợ | H15: =IF($B15="","",SUMIFS('SỔ CÔNG NỢ'!$G$5:$G$111,'SỔ CÔNG NỢ'!$A$5:$A$111,$B15)) -> 144851200 | I15: =IF($B15="","",SUMIFS('SỔ CÔNG NỢ'!$J$5:$J$111,'SỔ CÔNG NỢ'!$A$5:$A$111,$B15)) -> 0 | J15: =IF($B15="","",SUMIFS('SỔ CÔNG NỢ'!$K$5:$K$111,'SỔ CÔNG NỢ'!$A$5:$A$111,$B15)) -> 30000000 | K15: =IF($B15="","",IF(ABS(F15)>1,"⚠ Biên bản lệch số tính lại – xem SỔ CÔNG NỢ. ","")&IF(C15<MAX('SỔ CÔNG NỢ'!$B$5:$B$111),"⚠ Chưa có biên bản sau "&TEXT(C15,"mm/yyyy"),""))
A16: =IF($B16="","",ROW()-8) -> 8 | B16: Toàn Lanh | C16: =IF($B16="","",_xlfn.MAXIFS('SỔ CÔNG NỢ'!$B$5:$B$111,'SỔ CÔNG NỢ'!$A$5:$A$111,$B16)) -> 46204 | D16: =IF($B16="","",SUMIFS('SỔ CÔNG NỢ'!$N$5:$N$111,'SỔ CÔNG NỢ'!$A$5:$A$111,$B16,'SỔ CÔNG NỢ'!$B$5:$B$111,$C16)) -> 18143025 | E16: =IF($B16="","",SUMIFS('SỔ CÔNG NỢ'!$M$5:$M$111,'SỔ CÔNG NỢ'!$A$5:$A$111,$B16,'SỔ CÔNG NỢ'!$B$5:$B$111,$C16)) -> 18143025 | F16: =IF($B16="","",D16-E16) -> 0 | G16: =IF($B16="","",IF(D16>0,"Còn nợ",IF(D16<0,"Công ty nợ lại","Hết nợ"))) -> Còn nợ | H16: =IF($B16="","",SUMIFS('SỔ CÔNG NỢ'!$G$5:$G$111,'SỔ CÔNG NỢ'!$A$5:$A$111,$B16)) -> 77893825 | I16: =IF($B16="","",SUMIFS('SỔ CÔNG NỢ'!$J$5:$J$111,'SỔ CÔNG NỢ'!$A$5:$A$111,$B16)) -> 5950800 | J16: =IF($B16="","",SUMIFS('SỔ CÔNG NỢ'!$K$5:$K$111,'SỔ CÔNG NỢ'!$A$5:$A$111,$B16)) -> 53800000 | K16: =IF($B16="","",IF(ABS(F16)>1,"⚠ Biên bản lệch số tính lại – xem SỔ CÔNG NỢ. ","")&IF(C16<MAX('SỔ CÔNG NỢ'!$B$5:$B$111),"⚠ Chưa có biên bản sau "&TEXT(C16,"mm/yyyy"),"")) -> ⚠ Chưa có biên bản sau 07/2026
A17: =IF($B17="","",ROW()-8) -> 9 | B17: Chị Thu (Rừng Thông) | C17: =IF($B17="","",_xlfn.MAXIFS('SỔ CÔNG NỢ'!$B$5:$B$111,'SỔ CÔNG NỢ'!$A$5:$A$111,$B17)) -> 46174 | D17: =IF($B17="","",SUMIFS('SỔ CÔNG NỢ'!$N$5:$N$111,'SỔ CÔNG NỢ'!$A$5:$A$111,$B17,'SỔ CÔNG NỢ'!$B$5:$B$111,$C17)) -> 17142020 | E17: =IF($B17="","",SUMIFS('SỔ CÔNG NỢ'!$M$5:$M$111,'SỔ CÔNG NỢ'!$A$5:$A$111,$B17,'SỔ CÔNG NỢ'!$B$5:$B$111,$C17)) -> 17142020 | F17: =IF($B17="","",D17-E17) -> 0 | G17: =IF($B17="","",IF(D17>0,"Còn nợ",IF(D17<0,"Công ty nợ lại","Hết nợ"))) -> Còn nợ | H17: =IF($B17="","",SUMIFS('SỔ CÔNG NỢ'!$G$5:$G$111,'SỔ CÔNG NỢ'!$A$5:$A$111,$B17)) -> 17142020 | I17: =IF($B17="","",SUMIFS('SỔ CÔNG NỢ'!$J$5:$J$111,'SỔ CÔNG NỢ'!$A$5:$A$111,$B17)) -> 0 | J17: =IF($B17="","",SUMIFS('SỔ CÔNG NỢ'!$K$5:$K$111,'SỔ CÔNG NỢ'!$A$5:$A$111,$B17)) -> 0 | K17: =IF($B17="","",IF(ABS(F17)>1,"⚠ Biên bản lệch số tính lại – xem SỔ CÔNG NỢ. ","")&IF(C17<MAX('SỔ CÔNG NỢ'!$B$5:$B$111),"⚠ Chưa có biên bản sau "&TEXT(C17,"mm/yyyy"),"")) -> ⚠ Chưa có biên bản sau 06/2026
A18: =IF($B18="","",ROW()-8) -> 10 | B18: Anh Hùng (TP) | C18: =IF($B18="","",_xlfn.MAXIFS('SỔ CÔNG NỢ'!$B$5:$B$111,'SỔ CÔNG NỢ'!$A$5:$A$111,$B18)) -> 46266 | D18: =IF($B18="","",SUMIFS('SỔ CÔNG NỢ'!$N$5:$N$111,'SỔ CÔNG NỢ'!$A$5:$A$111,$B18,'SỔ CÔNG NỢ'!$B$5:$B$111,$C18)) -> 15821145 | E18: =IF($B18="","",SUMIFS('SỔ CÔNG NỢ'!$M$5:$M$111,'SỔ CÔNG NỢ'!$A$5:$A$111,$B18,'SỔ CÔNG NỢ'!$B$5:$B$111,$C18)) -> 15821145 | F18: =IF($B18="","",D18-E18) -> 0 | G18: =IF($B18="","",IF(D18>0,"Còn nợ",IF(D18<0,"Công ty nợ lại","Hết nợ"))) -> Còn nợ | H18: =IF($B18="","",SUMIFS('SỔ CÔNG NỢ'!$G$5:$G$111,'SỔ CÔNG NỢ'!$A$5:$A$111,$B18)) -> 15820464 | I18: =IF($B18="","",SUMIFS('SỔ CÔNG NỢ'!$J$5:$J$111,'SỔ CÔNG NỢ'!$A$5:$A$111,$B18)) -> 0 | J18: =IF($B18="","",SUMIFS('SỔ CÔNG NỢ'!$K$5:$K$111,'SỔ CÔNG NỢ'!$A$5:$A$111,$B18)) -> 0 | K18: =IF($B18="","",IF(ABS(F18)>1,"⚠ Biên bản lệch số tính lại – xem SỔ CÔNG NỢ. ","")&IF(C18<MAX('SỔ CÔNG NỢ'!$B$5:$B$111),"⚠ Chưa có biên bản sau "&TEXT(C18,"mm/yyyy"),""))
A19: =IF($B19="","",ROW()-8) -> 11 | B19: Tìm Mai (Hoàng Châu) | C19: =IF($B19="","",_xlfn.MAXIFS('SỔ CÔNG NỢ'!$B$5:$B$111,'SỔ CÔNG NỢ'!$A$5:$A$111,$B19)) -> 46204 | D19: =IF($B19="","",SUMIFS('SỔ CÔNG NỢ'!$N$5:$N$111,'SỔ CÔNG NỢ'!$A$5:$A$111,$B19,'SỔ CÔNG NỢ'!$B$5:$B$111,$C19)) -> 14318800 | E19: =IF($B19="","",SUMIFS('SỔ CÔNG NỢ'!$M$5:$M$111,'SỔ CÔNG NỢ'!$A$5:$A$111,$B19,'SỔ CÔNG NỢ'!$B$5:$B$111,$C19)) -> 14318800 | F19: =IF($B19="","",D19-E19) -> 0 | G19: =IF($B19="","",IF(D19>0,"Còn nợ",IF(D19<0,"Công ty nợ lại","Hết nợ"))) -> Còn nợ | H19: =IF($B19="","",SUMIFS('SỔ CÔNG NỢ'!$G$5:$G$111,'SỔ CÔNG NỢ'!$A$5:$A$111,$B19)) -> 14318800 | I19: =IF($B19="","",SUMIFS('SỔ CÔNG NỢ'!$J$5:$J$111,'SỔ CÔNG NỢ'!$A$5:$A$111,$B19)) -> 0 | J19: =IF($B19="","",SUMIFS('SỔ CÔNG NỢ'!$K$5:$K$111,'SỔ CÔNG NỢ'!$A$5:$A$111,$B19)) -> 0 | K19: =IF($B19="","",IF(ABS(F19)>1,"⚠ Biên bản lệch số tính lại – xem SỔ CÔNG NỢ. ","")&IF(C19<MAX('SỔ CÔNG NỢ'!$B$5:$B$111),"⚠ Chưa có biên bản sau "&TEXT(C19,"mm/yyyy"),"")) -> ⚠ Chưa có biên bản sau 07/2026
A20: =IF($B20="","",ROW()-8) -> 12 | B20: Tuấn Thanh | C20: =IF($B20="","",_xlfn.MAXIFS('SỔ CÔNG NỢ'!$B$5:$B$111,'SỔ CÔNG NỢ'!$A$5:$A$111,$B20)) -> 46266 | D20: =IF($B20="","",SUMIFS('SỔ CÔNG NỢ'!$N$5:$N$111,'SỔ CÔNG NỢ'!$A$5:$A$111,$B20,'SỔ CÔNG NỢ'!$B$5:$B$111,$C20)) -> 13171665 | E20: =IF($B20="","",SUMIFS('SỔ CÔNG NỢ'!$M$5:$M$111,'SỔ CÔNG NỢ'!$A$5:$A$111,$B20,'SỔ CÔNG NỢ'!$B$5:$B$111,$C20)) -> 13171665 | F20: =IF($B20="","",D20-E20) -> 0 | G20: =IF($B20="","",IF(D20>0,"Còn nợ",IF(D20<0,"Công ty nợ lại","Hết nợ"))) -> Còn nợ | H20: =IF($B20="","",SUMIFS('SỔ CÔNG NỢ'!$G$5:$G$111,'SỔ CÔNG NỢ'!$A$5:$A$111,$B20)) -> 13172400 | I20: =IF($B20="","",SUMIFS('SỔ CÔNG NỢ'!$J$5:$J$111,'SỔ CÔNG NỢ'!$A$5:$A$111,$B20)) -> 0 | J20: =IF($B20="","",SUMIFS('SỔ CÔNG NỢ'!$K$5:$K$111,'SỔ CÔNG NỢ'!$A$5:$A$111,$B20)) -> 0 | K20: =IF($B20="","",IF(ABS(F20)>1,"⚠ Biên bản lệch số tính lại – xem SỔ CÔNG NỢ. ","")&IF(C20<MAX('SỔ CÔNG NỢ'!$B$5:$B$111),"⚠ Chưa có biên bản sau "&TEXT(C20,"mm/yyyy"),""))
... A31: =IF($B31="","",ROW()-8) -> 23 | B31: Anh Việt (Thiệu Vân) | C31: =IF($B31="","",_xlfn.MAXIFS('SỔ CÔNG NỢ'!$B$5:$B$111,'SỔ CÔNG NỢ'!$A$5:$A$111,$B31)) -> 46174 | D31: =IF($B31="","",SUMIFS('SỔ CÔNG NỢ'!$N$5:$N$111,'SỔ CÔNG NỢ'!$A$5:$A$111,$B31,'SỔ CÔNG NỢ'!$B$5:$B$111,$C31)) -> -9538000 | E31: =IF($B31="","",SUMIFS('SỔ CÔNG NỢ'!$M$5:$M$111,'SỔ CÔNG NỢ'!$A$5:$A$111,$B31,'SỔ CÔNG NỢ'!$B$5:$B$111,$C31)) -> -9538000 | F31: =IF($B31="","",D31-E31) -> 0 | G31: =IF($B31="","",IF(D31>0,"Còn nợ",IF(D31<0,"Công ty nợ lại","Hết nợ"))) -> Công ty nợ lại | H31: =IF($B31="","",SUMIFS('SỔ CÔNG NỢ'!$G$5:$G$111,'SỔ CÔNG NỢ'!$A$5:$A$111,$B31)) -> 462000 | I31: =IF($B31="","",SUMIFS('SỔ CÔNG NỢ'!$J$5:$J$111,'SỔ CÔNG NỢ'!$A$5:$A$111,$B31)) -> 0 | J31: =IF($B31="","",SUMIFS('SỔ CÔNG NỢ'!$K$5:$K$111,'SỔ CÔNG NỢ'!$A$5:$A$111,$B31)) -> 10000000 | K31: =IF($B31="","",IF(ABS(F31)>1,"⚠ Biên bản lệch số tính lại – xem SỔ CÔNG NỢ. ","")&IF(C31<MAX('SỔ CÔNG NỢ'!$B$5:$B$111),"⚠ Chưa có biên bản sau "&TEXT(C31,"mm/yyyy"),"")) -> ⚠ Chưa có biên bản sau 06/2026
A32: =IF($B32="","",ROW()-8) | C32: =IF($B32="","",_xlfn.MAXIFS('SỔ CÔNG NỢ'!$B$5:$B$111,'SỔ CÔNG NỢ'!$A$5:$A$111,$B32)) | D32: =IF($B32="","",SUMIFS('SỔ CÔNG NỢ'!$N$5:$N$111,'SỔ CÔNG NỢ'!$A$5:$A$111,$B32,'SỔ CÔNG NỢ'!$B$5:$B$111,$C32)) | E32: =IF($B32="","",SUMIFS('SỔ CÔNG NỢ'!$M$5:$M$111,'SỔ CÔNG NỢ'!$A$5:$A$111,$B32,'SỔ CÔNG NỢ'!$B$5:$B$111,$C32)) | F32: =IF($B32="","",D32-E32) | G32: =IF($B32="","",IF(D32>0,"Còn nợ",IF(D32<0,"Công ty nợ lại","Hết nợ"))) | H32: =IF($B32="","",SUMIFS('SỔ CÔNG NỢ'!$G$5:$G$111,'SỔ CÔNG NỢ'!$A$5:$A$111,$B32)) | I32: =IF($B32="","",SUMIFS('SỔ CÔNG NỢ'!$J$5:$J$111,'SỔ CÔNG NỢ'!$A$5:$A$111,$B32)) | J32: =IF($B32="","",SUMIFS('SỔ CÔNG NỢ'!$K$5:$K$111,'SỔ CÔNG NỢ'!$A$5:$A$111,$B32)) | K32: =IF($B32="","",IF(ABS(F32)>1,"⚠ Biên bản lệch số tính lại – xem SỔ CÔNG NỢ. ","")&IF(C32<MAX('SỔ CÔNG NỢ'!$B$5:$B$111),"⚠ Chưa có biên bản sau "&TEXT(C32,"mm/yyyy"),""))
A33: =IF($B33="","",ROW()-8) | C33: =IF($B33="","",_xlfn.MAXIFS('SỔ CÔNG NỢ'!$B$5:$B$111,'SỔ CÔNG NỢ'!$A$5:$A$111,$B33)) | D33: =IF($B33="","",SUMIFS('SỔ CÔNG NỢ'!$N$5:$N$111,'SỔ CÔNG NỢ'!$A$5:$A$111,$B33,'SỔ CÔNG NỢ'!$B$5:$B$111,$C33)) | E33: =IF($B33="","",SUMIFS('SỔ CÔNG NỢ'!$M$5:$M$111,'SỔ CÔNG NỢ'!$A$5:$A$111,$B33,'SỔ CÔNG NỢ'!$B$5:$B$111,$C33)) | F33: =IF($B33="","",D33-E33) | G33: =IF($B33="","",IF(D33>0,"Còn nợ",IF(D33<0,"Công ty nợ lại","Hết nợ"))) | H33: =IF($B33="","",SUMIFS('SỔ CÔNG NỢ'!$G$5:$G$111,'SỔ CÔNG NỢ'!$A$5:$A$111,$B33)) | I33: =IF($B33="","",SUMIFS('SỔ CÔNG NỢ'!$J$5:$J$111,'SỔ CÔNG NỢ'!$A$5:$A$111,$B33)) | J33: =IF($B33="","",SUMIFS('SỔ CÔNG NỢ'!$K$5:$K$111,'SỔ CÔNG NỢ'!$A$5:$A$111,$B33)) | K33: =IF($B33="","",IF(ABS(F33)>1,"⚠ Biên bản lệch số tính lại – xem SỔ CÔNG NỢ. ","")&IF(C33<MAX('SỔ CÔNG NỢ'!$B$5:$B$111),"⚠ Chưa có biên bản sau "&TEXT(C33,"mm/yyyy"),""))
A34: =IF($B34="","",ROW()-8) | C34: =IF($B34="","",_xlfn.MAXIFS('SỔ CÔNG NỢ'!$B$5:$B$111,'SỔ CÔNG NỢ'!$A$5:$A$111,$B34)) | D34: =IF($B34="","",SUMIFS('SỔ CÔNG NỢ'!$N$5:$N$111,'SỔ CÔNG NỢ'!$A$5:$A$111,$B34,'SỔ CÔNG NỢ'!$B$5:$B$111,$C34)) | E34: =IF($B34="","",SUMIFS('SỔ CÔNG NỢ'!$M$5:$M$111,'SỔ CÔNG NỢ'!$A$5:$A$111,$B34,'SỔ CÔNG NỢ'!$B$5:$B$111,$C34)) | F34: =IF($B34="","",D34-E34) | G34: =IF($B34="","",IF(D34>0,"Còn nợ",IF(D34<0,"Công ty nợ lại","Hết nợ"))) | H34: =IF($B34="","",SUMIFS('SỔ CÔNG NỢ'!$G$5:$G$111,'SỔ CÔNG NỢ'!$A$5:$A$111,$B34)) | I34: =IF($B34="","",SUMIFS('SỔ CÔNG NỢ'!$J$5:$J$111,'SỔ CÔNG NỢ'!$A$5:$A$111,$B34)) | J34: =IF($B34="","",SUMIFS('SỔ CÔNG NỢ'!$K$5:$K$111,'SỔ CÔNG NỢ'!$A$5:$A$111,$B34)) | K34: =IF($B34="","",IF(ABS(F34)>1,"⚠ Biên bản lệch số tính lại – xem SỔ CÔNG NỢ. ","")&IF(C34<MAX('SỔ CÔNG NỢ'!$B$5:$B$111),"⚠ Chưa có biên bản sau "&TEXT(C34,"mm/yyyy"),""))
A35: =IF($B35="","",ROW()-8) | C35: =IF($B35="","",_xlfn.MAXIFS('SỔ CÔNG NỢ'!$B$5:$B$111,'SỔ CÔNG NỢ'!$A$5:$A$111,$B35)) | D35: =IF($B35="","",SUMIFS('SỔ CÔNG NỢ'!$N$5:$N$111,'SỔ CÔNG NỢ'!$A$5:$A$111,$B35,'SỔ CÔNG NỢ'!$B$5:$B$111,$C35)) | E35: =IF($B35="","",SUMIFS('SỔ CÔNG NỢ'!$M$5:$M$111,'SỔ CÔNG NỢ'!$A$5:$A$111,$B35,'SỔ CÔNG NỢ'!$B$5:$B$111,$C35)) | F35: =IF($B35="","",D35-E35) | G35: =IF($B35="","",IF(D35>0,"Còn nợ",IF(D35<0,"Công ty nợ lại","Hết nợ"))) | H35: =IF($B35="","",SUMIFS('SỔ CÔNG NỢ'!$G$5:$G$111,'SỔ CÔNG NỢ'!$A$5:$A$111,$B35)) | I35: =IF($B35="","",SUMIFS('SỔ CÔNG NỢ'!$J$5:$J$111,'SỔ CÔNG NỢ'!$A$5:$A$111,$B35)) | J35: =IF($B35="","",SUMIFS('SỔ CÔNG NỢ'!$K$5:$K$111,'SỔ CÔNG NỢ'!$A$5:$A$111,$B35)) | K35: =IF($B35="","",IF(ABS(F35)>1,"⚠ Biên bản lệch số tính lại – xem SỔ CÔNG NỢ. ","")&IF(C35<MAX('SỔ CÔNG NỢ'!$B$5:$B$111),"⚠ Chưa có biên bản sau "&TEXT(C35,"mm/yyyy"),""))
A36: =IF($B36="","",ROW()-8) | C36: =IF($B36="","",_xlfn.MAXIFS('SỔ CÔNG NỢ'!$B$5:$B$111,'SỔ CÔNG NỢ'!$A$5:$A$111,$B36)) | D36: =IF($B36="","",SUMIFS('SỔ CÔNG NỢ'!$N$5:$N$111,'SỔ CÔNG NỢ'!$A$5:$A$111,$B36,'SỔ CÔNG NỢ'!$B$5:$B$111,$C36)) | E36: =IF($B36="","",SUMIFS('SỔ CÔNG NỢ'!$M$5:$M$111,'SỔ CÔNG NỢ'!$A$5:$A$111,$B36,'SỔ CÔNG NỢ'!$B$5:$B$111,$C36)) | F36: =IF($B36="","",D36-E36) | G36: =IF($B36="","",IF(D36>0,"Còn nợ",IF(D36<0,"Công ty nợ lại","Hết nợ"))) | H36: =IF($B36="","",SUMIFS('SỔ CÔNG NỢ'!$G$5:$G$111,'SỔ CÔNG NỢ'!$A$5:$A$111,$B36)) | I36: =IF($B36="","",SUMIFS('SỔ CÔNG NỢ'!$J$5:$J$111,'SỔ CÔNG NỢ'!$A$5:$A$111,$B36)) | J36: =IF($B36="","",SUMIFS('SỔ CÔNG NỢ'!$K$5:$K$111,'SỔ CÔNG NỢ'!$A$5:$A$111,$B36)) | K36: =IF($B36="","",IF(ABS(F36)>1,"⚠ Biên bản lệch số tính lại – xem SỔ CÔNG NỢ. ","")&IF(C36<MAX('SỔ CÔNG NỢ'!$B$5:$B$111),"⚠ Chưa có biên bản sau "&TEXT(C36,"mm/yyyy"),""))
A37: =IF($B37="","",ROW()-8) | C37: =IF($B37="","",_xlfn.MAXIFS('SỔ CÔNG NỢ'!$B$5:$B$111,'SỔ CÔNG NỢ'!$A$5:$A$111,$B37)) | D37: =IF($B37="","",SUMIFS('SỔ CÔNG NỢ'!$N$5:$N$111,'SỔ CÔNG NỢ'!$A$5:$A$111,$B37,'SỔ CÔNG NỢ'!$B$5:$B$111,$C37)) | E37: =IF($B37="","",SUMIFS('SỔ CÔNG NỢ'!$M$5:$M$111,'SỔ CÔNG NỢ'!$A$5:$A$111,$B37,'SỔ CÔNG NỢ'!$B$5:$B$111,$C37)) | F37: =IF($B37="","",D37-E37) | G37: =IF($B37="","",IF(D37>0,"Còn nợ",IF(D37<0,"Công ty nợ lại","Hết nợ"))) | H37: =IF($B37="","",SUMIFS('SỔ CÔNG NỢ'!$G$5:$G$111,'SỔ CÔNG NỢ'!$A$5:$A$111,$B37)) | I37: =IF($B37="","",SUMIFS('SỔ CÔNG NỢ'!$J$5:$J$111,'SỔ CÔNG NỢ'!$A$5:$A$111,$B37)) | J37: =IF($B37="","",SUMIFS('SỔ CÔNG NỢ'!$K$5:$K$111,'SỔ CÔNG NỢ'!$A$5:$A$111,$B37)) | K37: =IF($B37="","",IF(ABS(F37)>1,"⚠ Biên bản lệch số tính lại – xem SỔ CÔNG NỢ. ","")&IF(C37<MAX('SỔ CÔNG NỢ'!$B$5:$B$111),"⚠ Chưa có biên bản sau "&TEXT(C37,"mm/yyyy"),""))
A38: =IF($B38="","",ROW()-8) | C38: =IF($B38="","",_xlfn.MAXIFS('SỔ CÔNG NỢ'!$B$5:$B$111,'SỔ CÔNG NỢ'!$A$5:$A$111,$B38)) | D38: =IF($B38="","",SUMIFS('SỔ CÔNG NỢ'!$N$5:$N$111,'SỔ CÔNG NỢ'!$A$5:$A$111,$B38,'SỔ CÔNG NỢ'!$B$5:$B$111,$C38)) | E38: =IF($B38="","",SUMIFS('SỔ CÔNG NỢ'!$M$5:$M$111,'SỔ CÔNG NỢ'!$A$5:$A$111,$B38,'SỔ CÔNG NỢ'!$B$5:$B$111,$C38)) | F38: =IF($B38="","",D38-E38) | G38: =IF($B38="","",IF(D38>0,"Còn nợ",IF(D38<0,"Công ty nợ lại","Hết nợ"))) | H38: =IF($B38="","",SUMIFS('SỔ CÔNG NỢ'!$G$5:$G$111,'SỔ CÔNG NỢ'!$A$5:$A$111,$B38)) | I38: =IF($B38="","",SUMIFS('SỔ CÔNG NỢ'!$J$5:$J$111,'SỔ CÔNG NỢ'!$A$5:$A$111,$B38)) | J38: =IF($B38="","",SUMIFS('SỔ CÔNG NỢ'!$K$5:$K$111,'SỔ CÔNG NỢ'!$A$5:$A$111,$B38)) | K38: =IF($B38="","",IF(ABS(F38)>1,"⚠ Biên bản lệch số tính lại – xem SỔ CÔNG NỢ. ","")&IF(C38<MAX('SỔ CÔNG NỢ'!$B$5:$B$111),"⚠ Chưa có biên bản sau "&TEXT(C38,"mm/yyyy"),""))
B39: TỔNG (nợ ròng) | D39: =SUM(D9:D38) -> 361283223 | E39: =SUM(E9:E38) -> 3.7465707e+08 | F39: =SUM(F9:F38) -> -13373844 | H39: =SUM(H9:H38) -> 8.2345171e+08 | I39: =SUM(I9:I38) -> 24228160 | J39: =SUM(J9:J38) -> 382433880
A41: Tháng bắt đầu của các bảng theo tháng bên dưới:
C42: 46174
A44: ▶ NỢ CUỐI KỲ THEO BIÊN BẢN – THEO THÁNG (số âm = công ty nợ lại)
B45: Cửa hàng | C45: =$C$42 -> 46174 | D45: =EDATE(C45,1) -> 46204 | E45: =EDATE(D45,1) -> 46235 | F45: =EDATE(E45,1) -> 46266 | G45: =EDATE(F45,1) -> 46296 | H45: =EDATE(G45,1) -> 46327
B46: =IF($B9="","",$B9) -> Thông Lan (Thiệu Vân) | C46: =IF($B46="","",IF(COUNTIFS('SỔ CÔNG NỢ'!$A$5:$A$111,$B46,'SỔ CÔNG NỢ'!$B$5:$B$111,C$45)=0,"",SUMIFS('SỔ CÔNG NỢ'!$N$5:$N$111,'SỔ CÔNG NỢ'!$A$5:$A$111,$B46,'SỔ CÔNG NỢ'!$B$5:$B$111,C$45))) | D46: =IF($B46="","",IF(COUNTIFS('SỔ CÔNG NỢ'!$A$5:$A$111,$B46,'SỔ CÔNG NỢ'!$B$5:$B$111,D$45)=0,"",SUMIFS('SỔ CÔNG NỢ'!$N$5:$N$111,'SỔ CÔNG NỢ'!$A$5:$A$111,$B46,'SỔ CÔNG NỢ'!$B$5:$B$111,D$45))) -> 60982405 | E46: =IF($B46="","",IF(COUNTIFS('SỔ CÔNG NỢ'!$A$5:$A$111,$B46,'SỔ CÔNG NỢ'!$B$5:$B$111,E$45)=0,"",SUMIFS('SỔ CÔNG NỢ'!$N$5:$N$111,'SỔ CÔNG NỢ'!$A$5:$A$111,$B46,'SỔ CÔNG NỢ'!$B$5:$B$111,E$45))) | F46: =IF($B46="","",IF(COUNTIFS('SỔ CÔNG NỢ'!$A$5:$A$111,$B46,'SỔ CÔNG NỢ'!$B$5:$B$111,F$45)=0,"",SUMIFS('SỔ CÔNG NỢ'!$N$5:$N$111,'SỔ CÔNG NỢ'!$A$5:$A$111,$B46,'SỔ CÔNG NỢ'!$B$5:$B$111,F$45))) -> 61451055 | G46: =IF($B46="","",IF(COUNTIFS('SỔ CÔNG NỢ'!$A$5:$A$111,$B46,'SỔ CÔNG NỢ'!$B$5:$B$111,G$45)=0,"",SUMIFS('SỔ CÔNG NỢ'!$N$5:$N$111,'SỔ CÔNG NỢ'!$A$5:$A$111,$B46,'SỔ CÔNG NỢ'!$B$5:$B$111,G$45))) | H46: =IF($B46="","",IF(COUNTIFS('SỔ CÔNG NỢ'!$A$5:$A$111,$B46,'SỔ CÔNG NỢ'!$B$5:$B$111,H$45)=0,"",SUMIFS('SỔ CÔNG NỢ'!$N$5:$N$111,'SỔ CÔNG NỢ'!$A$5:$A$111,$B46,'SỔ CÔNG NỢ'!$B$5:$B$111,H$45)))
B47: =IF($B10="","",$B10) -> Tuân Thuận | C47: =IF($B47="","",IF(COUNTIFS('SỔ CÔNG NỢ'!$A$5:$A$111,$B47,'SỔ CÔNG NỢ'!$B$5:$B$111,C$45)=0,"",SUMIFS('SỔ CÔNG NỢ'!$N$5:$N$111,'SỔ CÔNG NỢ'!$A$5:$A$111,$B47,'SỔ CÔNG NỢ'!$B$5:$B$111,C$45))) -> 1632852 | D47: =IF($B47="","",IF(COUNTIFS('SỔ CÔNG NỢ'!$A$5:$A$111,$B47,'SỔ CÔNG NỢ'!$B$5:$B$111,D$45)=0,"",SUMIFS('SỔ CÔNG NỢ'!$N$5:$N$111,'SỔ CÔNG NỢ'!$A$5:$A$111,$B47,'SỔ CÔNG NỢ'!$B$5:$B$111,D$45))) -> -14149408 | E47: =IF($B47="","",IF(COUNTIFS('SỔ CÔNG NỢ'!$A$5:$A$111,$B47,'SỔ CÔNG NỢ'!$B$5:$B$111,E$45)=0,"",SUMIFS('SỔ CÔNG NỢ'!$N$5:$N$111,'SỔ CÔNG NỢ'!$A$5:$A$111,$B47,'SỔ CÔNG NỢ'!$B$5:$B$111,E$45))) -> 41354652 | F47: =IF($B47="","",IF(COUNTIFS('SỔ CÔNG NỢ'!$A$5:$A$111,$B47,'SỔ CÔNG NỢ'!$B$5:$B$111,F$45)=0,"",SUMIFS('SỔ CÔNG NỢ'!$N$5:$N$111,'SỔ CÔNG NỢ'!$A$5:$A$111,$B47,'SỔ CÔNG NỢ'!$B$5:$B$111,F$45))) -> 47835892 | G47: =IF($B47="","",IF(COUNTIFS('SỔ CÔNG NỢ'!$A$5:$A$111,$B47,'SỔ CÔNG NỢ'!$B$5:$B$111,G$45)=0,"",SUMIFS('SỔ CÔNG NỢ'!$N$5:$N$111,'SỔ CÔNG NỢ'!$A$5:$A$111,$B47,'SỔ CÔNG NỢ'!$B$5:$B$111,G$45))) | H47: =IF($B47="","",IF(COUNTIFS('SỔ CÔNG NỢ'!$A$5:$A$111,$B47,'SỔ CÔNG NỢ'!$B$5:$B$111,H$45)=0,"",SUMIFS('SỔ CÔNG NỢ'!$N$5:$N$111,'SỔ CÔNG NỢ'!$A$5:$A$111,$B47,'SỔ CÔNG NỢ'!$B$5:$B$111,H$45)))
B48: =IF($B11="","",$B11) -> Anh Hưng (giao anh Hải, TP) | C48: =IF($B48="","",IF(COUNTIFS('SỔ CÔNG NỢ'!$A$5:$A$111,$B48,'SỔ CÔNG NỢ'!$B$5:$B$111,C$45)=0,"",SUMIFS('SỔ CÔNG NỢ'!$N$5:$N$111,'SỔ CÔNG NỢ'!$A$5:$A$111,$B48,'SỔ CÔNG NỢ'!$B$5:$B$111,C$45))) -> 45122746 | D48: =IF($B48="","",IF(COUNTIFS('SỔ CÔNG NỢ'!$A$5:$A$111,$B48,'SỔ CÔNG NỢ'!$B$5:$B$111,D$45)=0,"",SUMIFS('SỔ CÔNG NỢ'!$N$5:$N$111,'SỔ CÔNG NỢ'!$A$5:$A$111,$B48,'SỔ CÔNG NỢ'!$B$5:$B$111,D$45))) | E48: =IF($B48="","",IF(COUNTIFS('SỔ CÔNG NỢ'!$A$5:$A$111,$B48,'SỔ CÔNG NỢ'!$B$5:$B$111,E$45)=0,"",SUMIFS('SỔ CÔNG NỢ'!$N$5:$N$111,'SỔ CÔNG NỢ'!$A$5:$A$111,$B48,'SỔ CÔNG NỢ'!$B$5:$B$111,E$45))) -> 46455786 | F48: =IF($B48="","",IF(COUNTIFS('SỔ CÔNG NỢ'!$A$5:$A$111,$B48,'SỔ CÔNG NỢ'!$B$5:$B$111,F$45)=0,"",SUMIFS('SỔ CÔNG NỢ'!$N$5:$N$111,'SỔ CÔNG NỢ'!$A$5:$A$111,$B48,'SỔ CÔNG NỢ'!$B$5:$B$111,F$45))) | G48: =IF($B48="","",IF(COUNTIFS('SỔ CÔNG NỢ'!$A$5:$A$111,$B48,'SỔ CÔNG NỢ'!$B$5:$B$111,G$45)=0,"",SUMIFS('SỔ CÔNG NỢ'!$N$5:$N$111,'SỔ CÔNG NỢ'!$A$5:$A$111,$B48,'SỔ CÔNG NỢ'!$B$5:$B$111,G$45))) | H48: =IF($B48="","",IF(COUNTIFS('SỔ CÔNG NỢ'!$A$5:$A$111,$B48,'SỔ CÔNG NỢ'!$B$5:$B$111,H$45)=0,"",SUMIFS('SỔ CÔNG NỢ'!$N$5:$N$111,'SỔ CÔNG NỢ'!$A$5:$A$111,$B48,'SỔ CÔNG NỢ'!$B$5:$B$111,H$45)))
B49: =IF($B12="","",$B12) -> Nghị Hậu | C49: =IF($B49="","",IF(COUNTIFS('SỔ CÔNG NỢ'!$A$5:$A$111,$B49,'SỔ CÔNG NỢ'!$B$5:$B$111,C$45)=0,"",SUMIFS('SỔ CÔNG NỢ'!$N$5:$N$111,'SỔ CÔNG NỢ'!$A$5:$A$111,$B49,'SỔ CÔNG NỢ'!$B$5:$B$111,C$45))) -> 33448535 | D49: =IF($B49="","",IF(COUNTIFS('SỔ CÔNG NỢ'!$A$5:$A$111,$B49,'SỔ CÔNG NỢ'!$B$5:$B$111,D$45)=0,"",SUMIFS('SỔ CÔNG NỢ'!$N$5:$N$111,'SỔ CÔNG NỢ'!$A$5:$A$111,$B49,'SỔ CÔNG NỢ'!$B$5:$B$111,D$45))) | E49: =IF($B49="","",IF(COUNTIFS('SỔ CÔNG NỢ'!$A$5:$A$111,$B49,'SỔ CÔNG NỢ'!$B$5:$B$111,E$45)=0,"",SUMIFS('SỔ CÔNG NỢ'!$N$5:$N$111,'SỔ CÔNG NỢ'!$A$5:$A$111,$B49,'SỔ CÔNG NỢ'!$B$5:$B$111,E$45))) | F49: =IF($B49="","",IF(COUNTIFS('SỔ CÔNG NỢ'!$A$5:$A$111,$B49,'SỔ CÔNG NỢ'!$B$5:$B$111,F$45)=0,"",SUMIFS('SỔ CÔNG NỢ'!$N$5:$N$111,'SỔ CÔNG NỢ'!$A$5:$A$111,$B49,'SỔ CÔNG NỢ'!$B$5:$B$111,F$45))) | G49: =IF($B49="","",IF(COUNTIFS('SỔ CÔNG NỢ'!$A$5:$A$111,$B49,'SỔ CÔNG NỢ'!$B$5:$B$111,G$45)=0,"",SUMIFS('SỔ CÔNG NỢ'!$N$5:$N$111,'SỔ CÔNG NỢ'!$A$5:$A$111,$B49,'SỔ CÔNG NỢ'!$B$5:$B$111,G$45))) | H49: =IF($B49="","",IF(COUNTIFS('SỔ CÔNG NỢ'!$A$5:$A$111,$B49,'SỔ CÔNG NỢ'!$B$5:$B$111,H$45)=0,"",SUMIFS('SỔ CÔNG NỢ'!$N$5:$N$111,'SỔ CÔNG NỢ'!$A$5:$A$111,$B49,'SỔ CÔNG NỢ'!$B$5:$B$111,H$45)))
B50: =IF($B13="","",$B13) -> Hà Liên | C50: =IF($B50="","",IF(COUNTIFS('SỔ CÔNG NỢ'!$A$5:$A$111,$B50,'SỔ CÔNG NỢ'!$B$5:$B$111,C$45)=0,"",SUMIFS('SỔ CÔNG NỢ'!$N$5:$N$111,'SỔ CÔNG NỢ'!$A$5:$A$111,$B50,'SỔ CÔNG NỢ'!$B$5:$B$111,C$45))) -> 10078550 | D50: =IF($B50="","",IF(COUNTIFS('SỔ CÔNG NỢ'!$A$5:$A$111,$B50,'SỔ CÔNG NỢ'!$B$5:$B$111,D$45)=0,"",SUMIFS('SỔ CÔNG NỢ'!$N$5:$N$111,'SỔ CÔNG NỢ'!$A$5:$A$111,$B50,'SỔ CÔNG NỢ'!$B$5:$B$111,D$45))) -> 10478590 | E50: =IF($B50="","",IF(COUNTIFS('SỔ CÔNG NỢ'!$A$5:$A$111,$B50,'SỔ CÔNG NỢ'!$B$5:$B$111,E$45)=0,"",SUMIFS('SỔ CÔNG NỢ'!$N$5:$N$111,'SỔ CÔNG NỢ'!$A$5:$A$111,$B50,'SỔ CÔNG NỢ'!$B$5:$B$111,E$45))) -> -7095410 | F50: =IF($B50="","",IF(COUNTIFS('SỔ CÔNG NỢ'!$A$5:$A$111,$B50,'SỔ CÔNG NỢ'!$B$5:$B$111,F$45)=0,"",SUMIFS('SỔ CÔNG NỢ'!$N$5:$N$111,'SỔ CÔNG NỢ'!$A$5:$A$111,$B50,'SỔ CÔNG NỢ'!$B$5:$B$111,F$45))) -> 33078350 | G50: =IF($B50="","",IF(COUNTIFS('SỔ CÔNG NỢ'!$A$5:$A$111,$B50,'SỔ CÔNG NỢ'!$B$5:$B$111,G$45)=0,"",SUMIFS('SỔ CÔNG NỢ'!$N$5:$N$111,'SỔ CÔNG NỢ'!$A$5:$A$111,$B50,'SỔ CÔNG NỢ'!$B$5:$B$111,G$45))) | H50: =IF($B50="","",IF(COUNTIFS('SỔ CÔNG NỢ'!$A$5:$A$111,$B50,'SỔ CÔNG NỢ'!$B$5:$B$111,H$45)=0,"",SUMIFS('SỔ CÔNG NỢ'!$N$5:$N$111,'SỔ CÔNG NỢ'!$A$5:$A$111,$B50,'SỔ CÔNG NỢ'!$B$5:$B$111,H$45)))
B51: =IF($B14="","",$B14) -> Chinh Ưng (Đông Lĩnh) | C51: =IF($B51="","",IF(COUNTIFS('SỔ CÔNG NỢ'!$A$5:$A$111,$B51,'SỔ CÔNG NỢ'!$B$5:$B$111,C$45)=0,"",SUMIFS('SỔ CÔNG NỢ'!$N$5:$N$111,'SỔ CÔNG NỢ'!$A$5:$A$111,$B51,'SỔ CÔNG NỢ'!$B$5:$B$111,C$45))) -> 19587680 | D51: =IF($B51="","",IF(COUNTIFS('SỔ CÔNG NỢ'!$A$5:$A$111,$B51,'SỔ CÔNG NỢ'!$B$5:$B$111,D$45)=0,"",SUMIFS('SỔ CÔNG NỢ'!$N$5:$N$111,'SỔ CÔNG NỢ'!$A$5:$A$111,$B51,'SỔ CÔNG NỢ'!$B$5:$B$111,D$45))) -> 22792080 | E51: =IF($B51="","",IF(COUNTIFS('SỔ CÔNG NỢ'!$A$5:$A$111,$B51,'SỔ CÔNG NỢ'!$B$5:$B$111,E$45)=0,"",SUMIFS('SỔ CÔNG NỢ'!$N$5:$N$111,'SỔ CÔNG NỢ'!$A$5:$A$111,$B51,'SỔ CÔNG NỢ'!$B$5:$B$111,E$45))) | F51: =IF($B51="","",IF(COUNTIFS('SỔ CÔNG NỢ'!$A$5:$A$111,$B51,'SỔ CÔNG NỢ'!$B$5:$B$111,F$45)=0,"",SUMIFS('SỔ CÔNG NỢ'!$N$5:$N$111,'SỔ CÔNG NỢ'!$A$5:$A$111,$B51,'SỔ CÔNG NỢ'!$B$5:$B$111,F$45))) -> 29985920 | G51: =IF($B51="","",IF(COUNTIFS('SỔ CÔNG NỢ'!$A$5:$A$111,$B51,'SỔ CÔNG NỢ'!$B$5:$B$111,G$45)=0,"",SUMIFS('SỔ CÔNG NỢ'!$N$5:$N$111,'SỔ CÔNG NỢ'!$A$5:$A$111,$B51,'SỔ CÔNG NỢ'!$B$5:$B$111,G$45))) | H51: =IF($B51="","",IF(COUNTIFS('SỔ CÔNG NỢ'!$A$5:$A$111,$B51,'SỔ CÔNG NỢ'!$B$5:$B$111,H$45)=0,"",SUMIFS('SỔ CÔNG NỢ'!$N$5:$N$111,'SỔ CÔNG NỢ'!$A$5:$A$111,$B51,'SỔ CÔNG NỢ'!$B$5:$B$111,H$45)))
B52: =IF($B15="","",$B15) -> Cường Hà | C52: =IF($B52="","",IF(COUNTIFS('SỔ CÔNG NỢ'!$A$5:$A$111,$B52,'SỔ CÔNG NỢ'!$B$5:$B$111,C$45)=0,"",SUMIFS('SỔ CÔNG NỢ'!$N$5:$N$111,'SỔ CÔNG NỢ'!$A$5:$A$111,$B52,'SỔ CÔNG NỢ'!$B$5:$B$111,C$45))) -> -49231650 | D52: =IF($B52="","",IF(COUNTIFS('SỔ CÔNG NỢ'!$A$5:$A$111,$B52,'SỔ CÔNG NỢ'!$B$5:$B$111,D$45)=0,"",SUMIFS('SỔ CÔNG NỢ'!$N$5:$N$111,'SỔ CÔNG NỢ'!$A$5:$A$111,$B52,'SỔ CÔNG NỢ'!$B$5:$B$111,D$45))) -> -41238850 | E52: =IF($B52="","",IF(COUNTIFS('SỔ CÔNG NỢ'!$A$5:$A$111,$B52,'SỔ CÔNG NỢ'!$B$5:$B$111,E$45)=0,"",SUMIFS('SỔ CÔNG NỢ'!$N$5:$N$111,'SỔ CÔNG NỢ'!$A$5:$A$111,$B52,'SỔ CÔNG NỢ'!$B$5:$B$111,E$45))) -> 4487290 | F52: =IF($B52="","",IF(COUNTIFS('SỔ CÔNG NỢ'!$A$5:$A$111,$B52,'SỔ CÔNG NỢ'!$B$5:$B$111,F$45)=0,"",SUMIFS('SỔ CÔNG NỢ'!$N$5:$N$111,'SỔ CÔNG NỢ'!$A$5:$A$111,$B52,'SỔ CÔNG NỢ'!$B$5:$B$111,F$45))) -> 21149210 | G52: =IF($B52="","",IF(COUNTIFS('SỔ CÔNG NỢ'!$A$5:$A$111,$B52,'SỔ CÔNG NỢ'!$B$5:$B$111,G$45)=0,"",SUMIFS('SỔ CÔNG NỢ'!$N$5:$N$111,'SỔ CÔNG NỢ'!$A$5:$A$111,$B52,'SỔ CÔNG NỢ'!$B$5:$B$111,G$45))) | H52: =IF($B52="","",IF(COUNTIFS('SỔ CÔNG NỢ'!$A$5:$A$111,$B52,'SỔ CÔNG NỢ'!$B$5:$B$111,H$45)=0,"",SUMIFS('SỔ CÔNG NỢ'!$N$5:$N$111,'SỔ CÔNG NỢ'!$A$5:$A$111,$B52,'SỔ CÔNG NỢ'!$B$5:$B$111,H$45)))
B53: =IF($B16="","",$B16) -> Toàn Lanh | C53: =IF($B53="","",IF(COUNTIFS('SỔ CÔNG NỢ'!$A$5:$A$111,$B53,'SỔ CÔNG NỢ'!$B$5:$B$111,C$45)=0,"",SUMIFS('SỔ CÔNG NỢ'!$N$5:$N$111,'SỔ CÔNG NỢ'!$A$5:$A$111,$B53,'SỔ CÔNG NỢ'!$B$5:$B$111,C$45))) -> 13520077 | D53: =IF($B53="","",IF(COUNTIFS('SỔ CÔNG NỢ'!$A$5:$A$111,$B53,'SỔ CÔNG NỢ'!$B$5:$B$111,D$45)=0,"",SUMIFS('SỔ CÔNG NỢ'!$N$5:$N$111,'SỔ CÔNG NỢ'!$A$5:$A$111,$B53,'SỔ CÔNG NỢ'!$B$5:$B$111,D$45))) -> 18143025 | E53: =IF($B53="","",IF(COUNTIFS('SỔ CÔNG NỢ'!$A$5:$A$111,$B53,'SỔ CÔNG NỢ'!$B$5:$B$111,E$45)=0,"",SUMIFS('SỔ CÔNG NỢ'!$N$5:$N$111,'SỔ CÔNG NỢ'!$A$5:$A$111,$B53,'SỔ CÔNG NỢ'!$B$5:$B$111,E$45))) | F53: =IF($B53="","",IF(COUNTIFS('SỔ CÔNG NỢ'!$A$5:$A$111,$B53,'SỔ CÔNG NỢ'!$B$5:$B$111,F$45)=0,"",SUMIFS('SỔ CÔNG NỢ'!$N$5:$N$111,'SỔ CÔNG NỢ'!$A$5:$A$111,$B53,'SỔ CÔNG NỢ'!$B$5:$B$111,F$45))) | G53: =IF($B53="","",IF(COUNTIFS('SỔ CÔNG NỢ'!$A$5:$A$111,$B53,'SỔ CÔNG NỢ'!$B$5:$B$111,G$45)=0,"",SUMIFS('SỔ CÔNG NỢ'!$N$5:$N$111,'SỔ CÔNG NỢ'!$A$5:$A$111,$B53,'SỔ CÔNG NỢ'!$B$5:$B$111,G$45))) | H53: =IF($B53="","",IF(COUNTIFS('SỔ CÔNG NỢ'!$A$5:$A$111,$B53,'SỔ CÔNG NỢ'!$B$5:$B$111,H$45)=0,"",SUMIFS('SỔ CÔNG NỢ'!$N$5:$N$111,'SỔ CÔNG NỢ'!$A$5:$A$111,$B53,'SỔ CÔNG NỢ'!$B$5:$B$111,H$45)))
B54: =IF($B17="","",$B17) -> Chị Thu (Rừng Thông) | C54: =IF($B54="","",IF(COUNTIFS('SỔ CÔNG NỢ'!$A$5:$A$111,$B54,'SỔ CÔNG NỢ'!$B$5:$B$111,C$45)=0,"",SUMIFS('SỔ CÔNG NỢ'!$N$5:$N$111,'SỔ CÔNG NỢ'!$A$5:$A$111,$B54,'SỔ CÔNG NỢ'!$B$5:$B$111,C$45))) -> 17142020 | D54: =IF($B54="","",IF(COUNTIFS('SỔ CÔNG NỢ'!$A$5:$A$111,$B54,'SỔ CÔNG NỢ'!$B$5:$B$111,D$45)=0,"",SUMIFS('SỔ CÔNG NỢ'!$N$5:$N$111,'SỔ CÔNG NỢ'!$A$5:$A$111,$B54,'SỔ CÔNG NỢ'!$B$5:$B$111,D$45))) | E54: =IF($B54="","",IF(COUNTIFS('SỔ CÔNG NỢ'!$A$5:$A$111,$B54,'SỔ CÔNG NỢ'!$B$5:$B$111,E$45)=0,"",SUMIFS('SỔ CÔNG NỢ'!$N$5:$N$111,'SỔ CÔNG NỢ'!$A$5:$A$111,$B54,'SỔ CÔNG NỢ'!$B$5:$B$111,E$45))) | F54: =IF($B54="","",IF(COUNTIFS('SỔ CÔNG NỢ'!$A$5:$A$111,$B54,'SỔ CÔNG NỢ'!$B$5:$B$111,F$45)=0,"",SUMIFS('SỔ CÔNG NỢ'!$N$5:$N$111,'SỔ CÔNG NỢ'!$A$5:$A$111,$B54,'SỔ CÔNG NỢ'!$B$5:$B$111,F$45))) | G54: =IF($B54="","",IF(COUNTIFS('SỔ CÔNG NỢ'!$A$5:$A$111,$B54,'SỔ CÔNG NỢ'!$B$5:$B$111,G$45)=0,"",SUMIFS('SỔ CÔNG NỢ'!$N$5:$N$111,'SỔ CÔNG NỢ'!$A$5:$A$111,$B54,'SỔ CÔNG NỢ'!$B$5:$B$111,G$45))) | H54: =IF($B54="","",IF(COUNTIFS('SỔ CÔNG NỢ'!$A$5:$A$111,$B54,'SỔ CÔNG NỢ'!$B$5:$B$111,H$45)=0,"",SUMIFS('SỔ CÔNG NỢ'!$N$5:$N$111,'SỔ CÔNG NỢ'!$A$5:$A$111,$B54,'SỔ CÔNG NỢ'!$B$5:$B$111,H$45)))
B55: =IF($B18="","",$B18) -> Anh Hùng (TP) | C55: =IF($B55="","",IF(COUNTIFS('SỔ CÔNG NỢ'!$A$5:$A$111,$B55,'SỔ CÔNG NỢ'!$B$5:$B$111,C$45)=0,"",SUMIFS('SỔ CÔNG NỢ'!$N$5:$N$111,'SỔ CÔNG NỢ'!$A$5:$A$111,$B55,'SỔ CÔNG NỢ'!$B$5:$B$111,C$45))) -> 12000625 | D55: =IF($B55="","",IF(COUNTIFS('SỔ CÔNG NỢ'!$A$5:$A$111,$B55,'SỔ CÔNG NỢ'!$B$5:$B$111,D$45)=0,"",SUMIFS('SỔ CÔNG NỢ'!$N$5:$N$111,'SỔ CÔNG NỢ'!$A$5:$A$111,$B55,'SỔ CÔNG NỢ'!$B$5:$B$111,D$45))) -> 12156045 | E55: =IF($B55="","",IF(COUNTIFS('SỔ CÔNG NỢ'!$A$5:$A$111,$B55,'SỔ CÔNG NỢ'!$B$5:$B$111,E$45)=0,"",SUMIFS('SỔ CÔNG NỢ'!$N$5:$N$111,'SỔ CÔNG NỢ'!$A$5:$A$111,$B55,'SỔ CÔNG NỢ'!$B$5:$B$111,E$45))) | F55: =IF($B55="","",IF(COUNTIFS('SỔ CÔNG NỢ'!$A$5:$A$111,$B55,'SỔ CÔNG NỢ'!$B$5:$B$111,F$45)=0,"",SUMIFS('SỔ CÔNG NỢ'!$N$5:$N$111,'SỔ CÔNG NỢ'!$A$5:$A$111,$B55,'SỔ CÔNG NỢ'!$B$5:$B$111,F$45))) -> 15821145 | G55: =IF($B55="","",IF(COUNTIFS('SỔ CÔNG NỢ'!$A$5:$A$111,$B55,'SỔ CÔNG NỢ'!$B$5:$B$111,G$45)=0,"",SUMIFS('SỔ CÔNG NỢ'!$N$5:$N$111,'SỔ CÔNG NỢ'!$A$5:$A$111,$B55,'SỔ CÔNG NỢ'!$B$5:$B$111,G$45))) | H55: =IF($B55="","",IF(COUNTIFS('SỔ CÔNG NỢ'!$A$5:$A$111,$B55,'SỔ CÔNG NỢ'!$B$5:$B$111,H$45)=0,"",SUMIFS('SỔ CÔNG NỢ'!$N$5:$N$111,'SỔ CÔNG NỢ'!$A$5:$A$111,$B55,'SỔ CÔNG NỢ'!$B$5:$B$111,H$45)))
B56: =IF($B19="","",$B19) -> Tìm Mai (Hoàng Châu) | C56: =IF($B56="","",IF(COUNTIFS('SỔ CÔNG NỢ'!$A$5:$A$111,$B56,'SỔ CÔNG NỢ'!$B$5:$B$111,C$45)=0,"",SUMIFS('SỔ CÔNG NỢ'!$N$5:$N$111,'SỔ CÔNG NỢ'!$A$5:$A$111,$B56,'SỔ CÔNG NỢ'!$B$5:$B$111,C$45))) | D56: =IF($B56="","",IF(COUNTIFS('SỔ CÔNG NỢ'!$A$5:$A$111,$B56,'SỔ CÔNG NỢ'!$B$5:$B$111,D$45)=0,"",SUMIFS('SỔ CÔNG NỢ'!$N$5:$N$111,'SỔ CÔNG NỢ'!$A$5:$A$111,$B56,'SỔ CÔNG NỢ'!$B$5:$B$111,D$45))) -> 14318800 | E56: =IF($B56="","",IF(COUNTIFS('SỔ CÔNG NỢ'!$A$5:$A$111,$B56,'SỔ CÔNG NỢ'!$B$5:$B$111,E$45)=0,"",SUMIFS('SỔ CÔNG NỢ'!$N$5:$N$111,'SỔ CÔNG NỢ'!$A$5:$A$111,$B56,'SỔ CÔNG NỢ'!$B$5:$B$111,E$45))) | F56: =IF($B56="","",IF(COUNTIFS('SỔ CÔNG NỢ'!$A$5:$A$111,$B56,'SỔ CÔNG NỢ'!$B$5:$B$111,F$45)=0,"",SUMIFS('SỔ CÔNG NỢ'!$N$5:$N$111,'SỔ CÔNG NỢ'!$A$5:$A$111,$B56,'SỔ CÔNG NỢ'!$B$5:$B$111,F$45))) | G56: =IF($B56="","",IF(COUNTIFS('SỔ CÔNG NỢ'!$A$5:$A$111,$B56,'SỔ CÔNG NỢ'!$B$5:$B$111,G$45)=0,"",SUMIFS('SỔ CÔNG NỢ'!$N$5:$N$111,'SỔ CÔNG NỢ'!$A$5:$A$111,$B56,'SỔ CÔNG NỢ'!$B$5:$B$111,G$45))) | H56: =IF($B56="","",IF(COUNTIFS('SỔ CÔNG NỢ'!$A$5:$A$111,$B56,'SỔ CÔNG NỢ'!$B$5:$B$111,H$45)=0,"",SUMIFS('SỔ CÔNG NỢ'!$N$5:$N$111,'SỔ CÔNG NỢ'!$A$5:$A$111,$B56,'SỔ CÔNG NỢ'!$B$5:$B$111,H$45)))
B57: =IF($B20="","",$B20) -> Tuấn Thanh | C57: =IF($B57="","",IF(COUNTIFS('SỔ CÔNG NỢ'!$A$5:$A$111,$B57,'SỔ CÔNG NỢ'!$B$5:$B$111,C$45)=0,"",SUMIFS('SỔ CÔNG NỢ'!$N$5:$N$111,'SỔ CÔNG NỢ'!$A$5:$A$111,$B57,'SỔ CÔNG NỢ'!$B$5:$B$111,C$45))) | D57: =IF($B57="","",IF(COUNTIFS('SỔ CÔNG NỢ'!$A$5:$A$111,$B57,'SỔ CÔNG NỢ'!$B$5:$B$111,D$45)=0,"",SUMIFS('SỔ CÔNG NỢ'!$N$5:$N$111,'SỔ CÔNG NỢ'!$A$5:$A$111,$B57,'SỔ CÔNG NỢ'!$B$5:$B$111,D$45))) | E57: =IF($B57="","",IF(COUNTIFS('SỔ CÔNG NỢ'!$A$5:$A$111,$B57,'SỔ CÔNG NỢ'!$B$5:$B$111,E$45)=0,"",SUMIFS('SỔ CÔNG NỢ'!$N$5:$N$111,'SỔ CÔNG NỢ'!$A$5:$A$111,$B57,'SỔ CÔNG NỢ'!$B$5:$B$111,E$45))) | F57: =IF($B57="","",IF(COUNTIFS('SỔ CÔNG NỢ'!$A$5:$A$111,$B57,'SỔ CÔNG NỢ'!$B$5:$B$111,F$45)=0,"",SUMIFS('SỔ CÔNG NỢ'!$N$5:$N$111,'SỔ CÔNG NỢ'!$A$5:$A$111,$B57,'SỔ CÔNG NỢ'!$B$5:$B$111,F$45))) -> 13171665 | G57: =IF($B57="","",IF(COUNTIFS('SỔ CÔNG NỢ'!$A$5:$A$111,$B57,'SỔ CÔNG NỢ'!$B$5:$B$111,G$45)=0,"",SUMIFS('SỔ CÔNG NỢ'!$N$5:$N$111,'SỔ CÔNG NỢ'!$A$5:$A$111,$B57,'SỔ CÔNG NỢ'!$B$5:$B$111,G$45))) | H57: =IF($B57="","",IF(COUNTIFS('SỔ CÔNG NỢ'!$A$5:$A$111,$B57,'SỔ CÔNG NỢ'!$B$5:$B$111,H$45)=0,"",SUMIFS('SỔ CÔNG NỢ'!$N$5:$N$111,'SỔ CÔNG NỢ'!$A$5:$A$111,$B57,'SỔ CÔNG NỢ'!$B$5:$B$111,H$45)))
... B75: =IF($B38="","",$B38) | C75: =IF($B75="","",IF(COUNTIFS('SỔ CÔNG NỢ'!$A$5:$A$111,$B75,'SỔ CÔNG NỢ'!$B$5:$B$111,C$45)=0,"",SUMIFS('SỔ CÔNG NỢ'!$N$5:$N$111,'SỔ CÔNG NỢ'!$A$5:$A$111,$B75,'SỔ CÔNG NỢ'!$B$5:$B$111,C$45))) | D75: =IF($B75="","",IF(COUNTIFS('SỔ CÔNG NỢ'!$A$5:$A$111,$B75,'SỔ CÔNG NỢ'!$B$5:$B$111,D$45)=0,"",SUMIFS('SỔ CÔNG NỢ'!$N$5:$N$111,'SỔ CÔNG NỢ'!$A$5:$A$111,$B75,'SỔ CÔNG NỢ'!$B$5:$B$111,D$45))) | E75: =IF($B75="","",IF(COUNTIFS('SỔ CÔNG NỢ'!$A$5:$A$111,$B75,'SỔ CÔNG NỢ'!$B$5:$B$111,E$45)=0,"",SUMIFS('SỔ CÔNG NỢ'!$N$5:$N$111,'SỔ CÔNG NỢ'!$A$5:$A$111,$B75,'SỔ CÔNG NỢ'!$B$5:$B$111,E$45))) | F75: =IF($B75="","",IF(COUNTIFS('SỔ CÔNG NỢ'!$A$5:$A$111,$B75,'SỔ CÔNG NỢ'!$B$5:$B$111,F$45)=0,"",SUMIFS('SỔ CÔNG NỢ'!$N$5:$N$111,'SỔ CÔNG NỢ'!$A$5:$A$111,$B75,'SỔ CÔNG NỢ'!$B$5:$B$111,F$45))) | G75: =IF($B75="","",IF(COUNTIFS('SỔ CÔNG NỢ'!$A$5:$A$111,$B75,'SỔ CÔNG NỢ'!$B$5:$B$111,G$45)=0,"",SUMIFS('SỔ CÔNG NỢ'!$N$5:$N$111,'SỔ CÔNG NỢ'!$A$5:$A$111,$B75,'SỔ CÔNG NỢ'!$B$5:$B$111,G$45))) | H75: =IF($B75="","",IF(COUNTIFS('SỔ CÔNG NỢ'!$A$5:$A$111,$B75,'SỔ CÔNG NỢ'!$B$5:$B$111,H$45)=0,"",SUMIFS('SỔ CÔNG NỢ'!$N$5:$N$111,'SỔ CÔNG NỢ'!$A$5:$A$111,$B75,'SỔ CÔNG NỢ'!$B$5:$B$111,H$45)))
B76: TỔNG | C76: =SUM(C46:C75) -> 139365613 | D76: =SUM(D46:D75) -> 115632388 | E76: =SUM(E46:E75) -> 93165720 | F76: =SUM(F46:F75) -> 218980895 | G76: =SUM(G46:G75) -> 0 | H76: =SUM(H46:H75) -> 0
A79: ▶ PHÁT SINH SAU CHIẾT KHẤU – THEO THÁNG
B80: Cửa hàng | C80: =$C$42 -> 46174 | D80: =EDATE(C80,1) -> 46204 | E80: =EDATE(D80,1) -> 46235 | F80: =EDATE(E80,1) -> 46266 | G80: =EDATE(F80,1) -> 46296 | H80: =EDATE(G80,1) -> 46327
B81: =IF($B9="","",$B9) -> Thông Lan (Thiệu Vân) | C81: =IF($B81="","",IF(COUNTIFS('SỔ CÔNG NỢ'!$A$5:$A$111,$B81,'SỔ CÔNG NỢ'!$B$5:$B$111,C$80)=0,"",SUMIFS('SỔ CÔNG NỢ'!$G$5:$G$111,'SỔ CÔNG NỢ'!$A$5:$A$111,$B81,'SỔ CÔNG NỢ'!$B$5:$B$111,C$80))) | D81: =IF($B81="","",IF(COUNTIFS('SỔ CÔNG NỢ'!$A$5:$A$111,$B81,'SỔ CÔNG NỢ'!$B$5:$B$111,D$80)=0,"",SUMIFS('SỔ CÔNG NỢ'!$G$5:$G$111,'SỔ CÔNG NỢ'!$A$5:$A$111,$B81,'SỔ CÔNG NỢ'!$B$5:$B$111,D$80))) -> 2156000 | E81: =IF($B81="","",IF(COUNTIFS('SỔ CÔNG NỢ'!$A$5:$A$111,$B81,'SỔ CÔNG NỢ'!$B$5:$B$111,E$80)=0,"",SUMIFS('SỔ CÔNG NỢ'!$G$5:$G$111,'SỔ CÔNG NỢ'!$A$5:$A$111,$B81,'SỔ CÔNG NỢ'!$B$5:$B$111,E$80))) | F81: =IF($B81="","",IF(COUNTIFS('SỔ CÔNG NỢ'!$A$5:$A$111,$B81,'SỔ CÔNG NỢ'!$B$5:$B$111,F$80)=0,"",SUMIFS('SỔ CÔNG NỢ'!$G$5:$G$111,'SỔ CÔNG NỢ'!$A$5:$A$111,$B81,'SỔ CÔNG NỢ'!$B$5:$B$111,F$80))) -> 468650 | G81: =IF($B81="","",IF(COUNTIFS('SỔ CÔNG NỢ'!$A$5:$A$111,$B81,'SỔ CÔNG NỢ'!$B$5:$B$111,G$80)=0,"",SUMIFS('SỔ CÔNG NỢ'!$G$5:$G$111,'SỔ CÔNG NỢ'!$A$5:$A$111,$B81,'SỔ CÔNG NỢ'!$B$5:$B$111,G$80))) | H81: =IF($B81="","",IF(COUNTIFS('SỔ CÔNG NỢ'!$A$5:$A$111,$B81,'SỔ CÔNG NỢ'!$B$5:$B$111,H$80)=0,"",SUMIFS('SỔ CÔNG NỢ'!$G$5:$G$111,'SỔ CÔNG NỢ'!$A$5:$A$111,$B81,'SỔ CÔNG NỢ'!$B$5:$B$111,H$80)))
B82: =IF($B10="","",$B10) -> Tuân Thuận | C82: =IF($B82="","",IF(COUNTIFS('SỔ CÔNG NỢ'!$A$5:$A$111,$B82,'SỔ CÔNG NỢ'!$B$5:$B$111,C$80)=0,"",SUMIFS('SỔ CÔNG NỢ'!$G$5:$G$111,'SỔ CÔNG NỢ'!$A$5:$A$111,$B82,'SỔ CÔNG NỢ'!$B$5:$B$111,C$80))) -> 36622240 | D82: =IF($B82="","",IF(COUNTIFS('SỔ CÔNG NỢ'!$A$5:$A$111,$B82,'SỔ CÔNG NỢ'!$B$5:$B$111,D$80)=0,"",SUMIFS('SỔ CÔNG NỢ'!$G$5:$G$111,'SỔ CÔNG NỢ'!$A$5:$A$111,$B82,'SỔ CÔNG NỢ'!$B$5:$B$111,D$80))) -> 34217740 | E82: =IF($B82="","",IF(COUNTIFS('SỔ CÔNG NỢ'!$A$5:$A$111,$B82,'SỔ CÔNG NỢ'!$B$5:$B$111,E$80)=0,"",SUMIFS('SỔ CÔNG NỢ'!$G$5:$G$111,'SỔ CÔNG NỢ'!$A$5:$A$111,$B82,'SỔ CÔNG NỢ'!$B$5:$B$111,E$80))) -> 55504060 | F82: =IF($B82="","",IF(COUNTIFS('SỔ CÔNG NỢ'!$A$5:$A$111,$B82,'SỔ CÔNG NỢ'!$B$5:$B$111,F$80)=0,"",SUMIFS('SỔ CÔNG NỢ'!$G$5:$G$111,'SỔ CÔNG NỢ'!$A$5:$A$111,$B82,'SỔ CÔNG NỢ'!$B$5:$B$111,F$80))) -> 65416240 | G82: =IF($B82="","",IF(COUNTIFS('SỔ CÔNG NỢ'!$A$5:$A$111,$B82,'SỔ CÔNG NỢ'!$B$5:$B$111,G$80)=0,"",SUMIFS('SỔ CÔNG NỢ'!$G$5:$G$111,'SỔ CÔNG NỢ'!$A$5:$A$111,$B82,'SỔ CÔNG NỢ'!$B$5:$B$111,G$80))) | H82: =IF($B82="","",IF(COUNTIFS('SỔ CÔNG NỢ'!$A$5:$A$111,$B82,'SỔ CÔNG NỢ'!$B$5:$B$111,H$80)=0,"",SUMIFS('SỔ CÔNG NỢ'!$G$5:$G$111,'SỔ CÔNG NỢ'!$A$5:$A$111,$B82,'SỔ CÔNG NỢ'!$B$5:$B$111,H$80)))
B83: =IF($B11="","",$B11) -> Anh Hưng (giao anh Hải, TP) | C83: =IF($B83="","",IF(COUNTIFS('SỔ CÔNG NỢ'!$A$5:$A$111,$B83,'SỔ CÔNG NỢ'!$B$5:$B$111,C$80)=0,"",SUMIFS('SỔ CÔNG NỢ'!$G$5:$G$111,'SỔ CÔNG NỢ'!$A$5:$A$111,$B83,'SỔ CÔNG NỢ'!$B$5:$B$111,C$80))) -> 44592924 | D83: =IF($B83="","",IF(COUNTIFS('SỔ CÔNG NỢ'!$A$5:$A$111,$B83,'SỔ CÔNG NỢ'!$B$5:$B$111,D$80)=0,"",SUMIFS('SỔ CÔNG NỢ'!$G$5:$G$111,'SỔ CÔNG NỢ'!$A$5:$A$111,$B83,'SỔ CÔNG NỢ'!$B$5:$B$111,D$80))) | E83: =IF($B83="","",IF(COUNTIFS('SỔ CÔNG NỢ'!$A$5:$A$111,$B83,'SỔ CÔNG NỢ'!$B$5:$B$111,E$80)=0,"",SUMIFS('SỔ CÔNG NỢ'!$G$5:$G$111,'SỔ CÔNG NỢ'!$A$5:$A$111,$B83,'SỔ CÔNG NỢ'!$B$5:$B$111,E$80))) -> 1333040 | F83: =IF($B83="","",IF(COUNTIFS('SỔ CÔNG NỢ'!$A$5:$A$111,$B83,'SỔ CÔNG NỢ'!$B$5:$B$111,F$80)=0,"",SUMIFS('SỔ CÔNG NỢ'!$G$5:$G$111,'SỔ CÔNG NỢ'!$A$5:$A$111,$B83,'SỔ CÔNG NỢ'!$B$5:$B$111,F$80))) | G83: =IF($B83="","",IF(COUNTIFS('SỔ CÔNG NỢ'!$A$5:$A$111,$B83,'SỔ CÔNG NỢ'!$B$5:$B$111,G$80)=0,"",SUMIFS('SỔ CÔNG NỢ'!$G$5:$G$111,'SỔ CÔNG NỢ'!$A$5:$A$111,$B83,'SỔ CÔNG NỢ'!$B$5:$B$111,G$80))) | H83: =IF($B83="","",IF(COUNTIFS('SỔ CÔNG NỢ'!$A$5:$A$111,$B83,'SỔ CÔNG NỢ'!$B$5:$B$111,H$80)=0,"",SUMIFS('SỔ CÔNG NỢ'!$G$5:$G$111,'SỔ CÔNG NỢ'!$A$5:$A$111,$B83,'SỔ CÔNG NỢ'!$B$5:$B$111,H$80)))
B84: =IF($B12="","",$B12) -> Nghị Hậu | C84: =IF($B84="","",IF(COUNTIFS('SỔ CÔNG NỢ'!$A$5:$A$111,$B84,'SỔ CÔNG NỢ'!$B$5:$B$111,C$80)=0,"",SUMIFS('SỔ CÔNG NỢ'!$G$5:$G$111,'SỔ CÔNG NỢ'!$A$5:$A$111,$B84,'SỔ CÔNG NỢ'!$B$5:$B$111,C$80))) -> 27770535 | D84: =IF($B84="","",IF(COUNTIFS('SỔ CÔNG NỢ'!$A$5:$A$111,$B84,'SỔ CÔNG NỢ'!$B$5:$B$111,D$80)=0,"",SUMIFS('SỔ CÔNG NỢ'!$G$5:$G$111,'SỔ CÔNG NỢ'!$A$5:$A$111,$B84,'SỔ CÔNG NỢ'!$B$5:$B$111,D$80))) | E84: =IF($B84="","",IF(COUNTIFS('SỔ CÔNG NỢ'!$A$5:$A$111,$B84,'SỔ CÔNG NỢ'!$B$5:$B$111,E$80)=0,"",SUMIFS('SỔ CÔNG NỢ'!$G$5:$G$111,'SỔ CÔNG NỢ'!$A$5:$A$111,$B84,'SỔ CÔNG NỢ'!$B$5:$B$111,E$80))) | F84: =IF($B84="","",IF(COUNTIFS('SỔ CÔNG NỢ'!$A$5:$A$111,$B84,'SỔ CÔNG NỢ'!$B$5:$B$111,F$80)=0,"",SUMIFS('SỔ CÔNG NỢ'!$G$5:$G$111,'SỔ CÔNG NỢ'!$A$5:$A$111,$B84,'SỔ CÔNG NỢ'!$B$5:$B$111,F$80))) | G84: =IF($B84="","",IF(COUNTIFS('SỔ CÔNG NỢ'!$A$5:$A$111,$B84,'SỔ CÔNG NỢ'!$B$5:$B$111,G$80)=0,"",SUMIFS('SỔ CÔNG NỢ'!$G$5:$G$111,'SỔ CÔNG NỢ'!$A$5:$A$111,$B84,'SỔ CÔNG NỢ'!$B$5:$B$111,G$80))) | H84: =IF($B84="","",IF(COUNTIFS('SỔ CÔNG NỢ'!$A$5:$A$111,$B84,'SỔ CÔNG NỢ'!$B$5:$B$111,H$80)=0,"",SUMIFS('SỔ CÔNG NỢ'!$G$5:$G$111,'SỔ CÔNG NỢ'!$A$5:$A$111,$B84,'SỔ CÔNG NỢ'!$B$5:$B$111,H$80)))
B85: =IF($B13="","",$B13) -> Hà Liên | C85: =IF($B85="","",IF(COUNTIFS('SỔ CÔNG NỢ'!$A$5:$A$111,$B85,'SỔ CÔNG NỢ'!$B$5:$B$111,C$80)=0,"",SUMIFS('SỔ CÔNG NỢ'!$G$5:$G$111,'SỔ CÔNG NỢ'!$A$5:$A$111,$B85,'SỔ CÔNG NỢ'!$B$5:$B$111,C$80))) -> 9188400 | D85: =IF($B85="","",IF(COUNTIFS('SỔ CÔNG NỢ'!$A$5:$A$111,$B85,'SỔ CÔNG NỢ'!$B$5:$B$111,D$80)=0,"",SUMIFS('SỔ CÔNG NỢ'!$G$5:$G$111,'SỔ CÔNG NỢ'!$A$5:$A$111,$B85,'SỔ CÔNG NỢ'!$B$5:$B$111,D$80))) -> 15690040 | E85: =IF($B85="","",IF(COUNTIFS('SỔ CÔNG NỢ'!$A$5:$A$111,$B85,'SỔ CÔNG NỢ'!$B$5:$B$111,E$80)=0,"",SUMIFS('SỔ CÔNG NỢ'!$G$5:$G$111,'SỔ CÔNG NỢ'!$A$5:$A$111,$B85,'SỔ CÔNG NỢ'!$B$5:$B$111,E$80))) -> 15666000 | F85: =IF($B85="","",IF(COUNTIFS('SỔ CÔNG NỢ'!$A$5:$A$111,$B85,'SỔ CÔNG NỢ'!$B$5:$B$111,F$80)=0,"",SUMIFS('SỔ CÔNG NỢ'!$G$5:$G$111,'SỔ CÔNG NỢ'!$A$5:$A$111,$B85,'SỔ CÔNG NỢ'!$B$5:$B$111,F$80))) -> 40173760 | G85: =IF($B85="","",IF(COUNTIFS('SỔ CÔNG NỢ'!$A$5:$A$111,$B85,'SỔ CÔNG NỢ'!$B$5:$B$111,G$80)=0,"",SUMIFS('SỔ CÔNG NỢ'!$G$5:$G$111,'SỔ CÔNG NỢ'!$A$5:$A$111,$B85,'SỔ CÔNG NỢ'!$B$5:$B$111,G$80))) | H85: =IF($B85="","",IF(COUNTIFS('SỔ CÔNG NỢ'!$A$5:$A$111,$B85,'SỔ CÔNG NỢ'!$B$5:$B$111,H$80)=0,"",SUMIFS('SỔ CÔNG NỢ'!$G$5:$G$111,'SỔ CÔNG NỢ'!$A$5:$A$111,$B85,'SỔ CÔNG NỢ'!$B$5:$B$111,H$80)))
B86: =IF($B14="","",$B14) -> Chinh Ưng (Đông Lĩnh) | C86: =IF($B86="","",IF(COUNTIFS('SỔ CÔNG NỢ'!$A$5:$A$111,$B86,'SỔ CÔNG NỢ'!$B$5:$B$111,C$80)=0,"",SUMIFS('SỔ CÔNG NỢ'!$G$5:$G$111,'SỔ CÔNG NỢ'!$A$5:$A$111,$B86,'SỔ CÔNG NỢ'!$B$5:$B$111,C$80))) -> 12663600 | D86: =IF($B86="","",IF(COUNTIFS('SỔ CÔNG NỢ'!$A$5:$A$111,$B86,'SỔ CÔNG NỢ'!$B$5:$B$111,D$80)=0,"",SUMIFS('SỔ CÔNG NỢ'!$G$5:$G$111,'SỔ CÔNG NỢ'!$A$5:$A$111,$B86,'SỔ CÔNG NỢ'!$B$5:$B$111,D$80))) -> 3204400 | E86: =IF($B86="","",IF(COUNTIFS('SỔ CÔNG NỢ'!$A$5:$A$111,$B86,'SỔ CÔNG NỢ'!$B$5:$B$111,E$80)=0,"",SUMIFS('SỔ CÔNG NỢ'!$G$5:$G$111,'SỔ CÔNG NỢ'!$A$5:$A$111,$B86,'SỔ CÔNG NỢ'!$B$5:$B$111,E$80))) | F86: =IF($B86="","",IF(COUNTIFS('SỔ CÔNG NỢ'!$A$5:$A$111,$B86,'SỔ CÔNG NỢ'!$B$5:$B$111,F$80)=0,"",SUMIFS('SỔ CÔNG NỢ'!$G$5:$G$111,'SỔ CÔNG NỢ'!$A$5:$A$111,$B86,'SỔ CÔNG NỢ'!$B$5:$B$111,F$80))) -> 7193840 | G86: =IF($B86="","",IF(COUNTIFS('SỔ CÔNG NỢ'!$A$5:$A$111,$B86,'SỔ CÔNG NỢ'!$B$5:$B$111,G$80)=0,"",SUMIFS('SỔ CÔNG NỢ'!$G$5:$G$111,'SỔ CÔNG NỢ'!$A$5:$A$111,$B86,'SỔ CÔNG NỢ'!$B$5:$B$111,G$80))) | H86: =IF($B86="","",IF(COUNTIFS('SỔ CÔNG NỢ'!$A$5:$A$111,$B86,'SỔ CÔNG NỢ'!$B$5:$B$111,H$80)=0,"",SUMIFS('SỔ CÔNG NỢ'!$G$5:$G$111,'SỔ CÔNG NỢ'!$A$5:$A$111,$B86,'SỔ CÔNG NỢ'!$B$5:$B$111,H$80)))
B87: =IF($B15="","",$B15) -> Cường Hà | C87: =IF($B87="","",IF(COUNTIFS('SỔ CÔNG NỢ'!$A$5:$A$111,$B87,'SỔ CÔNG NỢ'!$B$5:$B$111,C$80)=0,"",SUMIFS('SỔ CÔNG NỢ'!$G$5:$G$111,'SỔ CÔNG NỢ'!$A$5:$A$111,$B87,'SỔ CÔNG NỢ'!$B$5:$B$111,C$80))) -> 44470340 | D87: =IF($B87="","",IF(COUNTIFS('SỔ CÔNG NỢ'!$A$5:$A$111,$B87,'SỔ CÔNG NỢ'!$B$5:$B$111,D$80)=0,"",SUMIFS('SỔ CÔNG NỢ'!$G$5:$G$111,'SỔ CÔNG NỢ'!$A$5:$A$111,$B87,'SỔ CÔNG NỢ'!$B$5:$B$111,D$80))) -> 7992800 | E87: =IF($B87="","",IF(COUNTIFS('SỔ CÔNG NỢ'!$A$5:$A$111,$B87,'SỔ CÔNG NỢ'!$B$5:$B$111,E$80)=0,"",SUMIFS('SỔ CÔNG NỢ'!$G$5:$G$111,'SỔ CÔNG NỢ'!$A$5:$A$111,$B87,'SỔ CÔNG NỢ'!$B$5:$B$111,E$80))) -> 75726140 | F87: =IF($B87="","",IF(COUNTIFS('SỔ CÔNG NỢ'!$A$5:$A$111,$B87,'SỔ CÔNG NỢ'!$B$5:$B$111,F$80)=0,"",SUMIFS('SỔ CÔNG NỢ'!$G$5:$G$111,'SỔ CÔNG NỢ'!$A$5:$A$111,$B87,'SỔ CÔNG NỢ'!$B$5:$B$111,F$80))) -> 16661920 | G87: =IF($B87="","",IF(COUNTIFS('SỔ CÔNG NỢ'!$A$5:$A$111,$B87,'SỔ CÔNG NỢ'!$B$5:$B$111,G$80)=0,"",SUMIFS('SỔ CÔNG NỢ'!$G$5:$G$111,'SỔ CÔNG NỢ'!$A$5:$A$111,$B87,'SỔ CÔNG NỢ'!$B$5:$B$111,G$80))) | H87: =IF($B87="","",IF(COUNTIFS('SỔ CÔNG NỢ'!$A$5:$A$111,$B87,'SỔ CÔNG NỢ'!$B$5:$B$111,H$80)=0,"",SUMIFS('SỔ CÔNG NỢ'!$G$5:$G$111,'SỔ CÔNG NỢ'!$A$5:$A$111,$B87,'SỔ CÔNG NỢ'!$B$5:$B$111,H$80)))
B88: =IF($B16="","",$B16) -> Toàn Lanh | C88: =IF($B88="","",IF(COUNTIFS('SỔ CÔNG NỢ'!$A$5:$A$111,$B88,'SỔ CÔNG NỢ'!$B$5:$B$111,C$80)=0,"",SUMIFS('SỔ CÔNG NỢ'!$G$5:$G$111,'SỔ CÔNG NỢ'!$A$5:$A$111,$B88,'SỔ CÔNG NỢ'!$B$5:$B$111,C$80))) -> 23020077 | D88: =IF($B88="","",IF(COUNTIFS('SỔ CÔNG NỢ'!$A$5:$A$111,$B88,'SỔ CÔNG NỢ'!$B$5:$B$111,D$80)=0,"",SUMIFS('SỔ CÔNG NỢ'!$G$5:$G$111,'SỔ CÔNG NỢ'!$A$5:$A$111,$B88,'SỔ CÔNG NỢ'!$B$5:$B$111,D$80))) -> 54873748 | E88: =IF($B88="","",IF(COUNTIFS('SỔ CÔNG NỢ'!$A$5:$A$111,$B88,'SỔ CÔNG NỢ'!$B$5:$B$111,E$80)=0,"",SUMIFS('SỔ CÔNG NỢ'!$G$5:$G$111,'SỔ CÔNG NỢ'!$A$5:$A$111,$B88,'SỔ CÔNG NỢ'!$B$5:$B$111,E$80))) | F88: =IF($B88="","",IF(COUNTIFS('SỔ CÔNG NỢ'!$A$5:$A$111,$B88,'SỔ CÔNG NỢ'!$B$5:$B$111,F$80)=0,"",SUMIFS('SỔ CÔNG NỢ'!$G$5:$G$111,'SỔ CÔNG NỢ'!$A$5:$A$111,$B88,'SỔ CÔNG NỢ'!$B$5:$B$111,F$80))) | G88: =IF($B88="","",IF(COUNTIFS('SỔ CÔNG NỢ'!$A$5:$A$111,$B88,'SỔ CÔNG NỢ'!$B$5:$B$111,G$80)=0,"",SUMIFS('SỔ CÔNG NỢ'!$G$5:$G$111,'SỔ CÔNG NỢ'!$A$5:$A$111,$B88,'SỔ CÔNG NỢ'!$B$5:$B$111,G$80))) | H88: =IF($B88="","",IF(COUNTIFS('SỔ CÔNG NỢ'!$A$5:$A$111,$B88,'SỔ CÔNG NỢ'!$B$5:$B$111,H$80)=0,"",SUMIFS('SỔ CÔNG NỢ'!$G$5:$G$111,'SỔ CÔNG NỢ'!$A$5:$A$111,$B88,'SỔ CÔNG NỢ'!$B$5:$B$111,H$80)))
B89: =IF($B17="","",$B17) -> Chị Thu (Rừng Thông) | C89: =IF($B89="","",IF(COUNTIFS('SỔ CÔNG NỢ'!$A$5:$A$111,$B89,'SỔ CÔNG NỢ'!$B$5:$B$111,C$80)=0,"",SUMIFS('SỔ CÔNG NỢ'!$G$5:$G$111,'SỔ CÔNG NỢ'!$A$5:$A$111,$B89,'SỔ CÔNG NỢ'!$B$5:$B$111,C$80))) -> 17142020 | D89: =IF($B89="","",IF(COUNTIFS('SỔ CÔNG NỢ'!$A$5:$A$111,$B89,'SỔ CÔNG NỢ'!$B$5:$B$111,D$80)=0,"",SUMIFS('SỔ CÔNG NỢ'!$G$5:$G$111,'SỔ CÔNG NỢ'!$A$5:$A$111,$B89,'SỔ CÔNG NỢ'!$B$5:$B$111,D$80))) | E89: =IF($B89="","",IF(COUNTIFS('SỔ CÔNG NỢ'!$A$5:$A$111,$B89,'SỔ CÔNG NỢ'!$B$5:$B$111,E$80)=0,"",SUMIFS('SỔ CÔNG NỢ'!$G$5:$G$111,'SỔ CÔNG NỢ'!$A$5:$A$111,$B89,'SỔ CÔNG NỢ'!$B$5:$B$111,E$80))) | F89: =IF($B89="","",IF(COUNTIFS('SỔ CÔNG NỢ'!$A$5:$A$111,$B89,'SỔ CÔNG NỢ'!$B$5:$B$111,F$80)=0,"",SUMIFS('SỔ CÔNG NỢ'!$G$5:$G$111,'SỔ CÔNG NỢ'!$A$5:$A$111,$B89,'SỔ CÔNG NỢ'!$B$5:$B$111,F$80))) | G89: =IF($B89="","",IF(COUNTIFS('SỔ CÔNG NỢ'!$A$5:$A$111,$B89,'SỔ CÔNG NỢ'!$B$5:$B$111,G$80)=0,"",SUMIFS('SỔ CÔNG NỢ'!$G$5:$G$111,'SỔ CÔNG NỢ'!$A$5:$A$111,$B89,'SỔ CÔNG NỢ'!$B$5:$B$111,G$80))) | H89: =IF($B89="","",IF(COUNTIFS('SỔ CÔNG NỢ'!$A$5:$A$111,$B89,'SỔ CÔNG NỢ'!$B$5:$B$111,H$80)=0,"",SUMIFS('SỔ CÔNG NỢ'!$G$5:$G$111,'SỔ CÔNG NỢ'!$A$5:$A$111,$B89,'SỔ CÔNG NỢ'!$B$5:$B$111,H$80)))
B90: =IF($B18="","",$B18) -> Anh Hùng (TP) | C90: =IF($B90="","",IF(COUNTIFS('SỔ CÔNG NỢ'!$A$5:$A$111,$B90,'SỔ CÔNG NỢ'!$B$5:$B$111,C$80)=0,"",SUMIFS('SỔ CÔNG NỢ'!$G$5:$G$111,'SỔ CÔNG NỢ'!$A$5:$A$111,$B90,'SỔ CÔNG NỢ'!$B$5:$B$111,C$80))) -> 11999944 | D90: =IF($B90="","",IF(COUNTIFS('SỔ CÔNG NỢ'!$A$5:$A$111,$B90,'SỔ CÔNG NỢ'!$B$5:$B$111,D$80)=0,"",SUMIFS('SỔ CÔNG NỢ'!$G$5:$G$111,'SỔ CÔNG NỢ'!$A$5:$A$111,$B90,'SỔ CÔNG NỢ'!$B$5:$B$111,D$80))) -> 155420 | E90: =IF($B90="","",IF(COUNTIFS('SỔ CÔNG NỢ'!$A$5:$A$111,$B90,'SỔ CÔNG NỢ'!$B$5:$B$111,E$80)=0,"",SUMIFS('SỔ CÔNG NỢ'!$G$5:$G$111,'SỔ CÔNG NỢ'!$A$5:$A$111,$B90,'SỔ CÔNG NỢ'!$B$5:$B$111,E$80))) | F90: =IF($B90="","",IF(COUNTIFS('SỔ CÔNG NỢ'!$A$5:$A$111,$B90,'SỔ CÔNG NỢ'!$B$5:$B$111,F$80)=0,"",SUMIFS('SỔ CÔNG NỢ'!$G$5:$G$111,'SỔ CÔNG NỢ'!$A$5:$A$111,$B90,'SỔ CÔNG NỢ'!$B$5:$B$111,F$80))) -> 3665100 | G90: =IF($B90="","",IF(COUNTIFS('SỔ CÔNG NỢ'!$A$5:$A$111,$B90,'SỔ CÔNG NỢ'!$B$5:$B$111,G$80)=0,"",SUMIFS('SỔ CÔNG NỢ'!$G$5:$G$111,'SỔ CÔNG NỢ'!$A$5:$A$111,$B90,'SỔ CÔNG NỢ'!$B$5:$B$111,G$80))) | H90: =IF($B90="","",IF(COUNTIFS('SỔ CÔNG NỢ'!$A$5:$A$111,$B90,'SỔ CÔNG NỢ'!$B$5:$B$111,H$80)=0,"",SUMIFS('SỔ CÔNG NỢ'!$G$5:$G$111,'SỔ CÔNG NỢ'!$A$5:$A$111,$B90,'SỔ CÔNG NỢ'!$B$5:$B$111,H$80)))
B91: =IF($B19="","",$B19) -> Tìm Mai (Hoàng Châu) | C91: =IF($B91="","",IF(COUNTIFS('SỔ CÔNG NỢ'!$A$5:$A$111,$B91,'SỔ CÔNG NỢ'!$B$5:$B$111,C$80)=0,"",SUMIFS('SỔ CÔNG NỢ'!$G$5:$G$111,'SỔ CÔNG NỢ'!$A$5:$A$111,$B91,'SỔ CÔNG NỢ'!$B$5:$B$111,C$80))) | D91: =IF($B91="","",IF(COUNTIFS('SỔ CÔNG NỢ'!$A$5:$A$111,$B91,'SỔ CÔNG NỢ'!$B$5:$B$111,D$80)=0,"",SUMIFS('SỔ CÔNG NỢ'!$G$5:$G$111,'SỔ CÔNG NỢ'!$A$5:$A$111,$B91,'SỔ CÔNG NỢ'!$B$5:$B$111,D$80))) -> 14318800 | E91: =IF($B91="","",IF(COUNTIFS('SỔ CÔNG NỢ'!$A$5:$A$111,$B91,'SỔ CÔNG NỢ'!$B$5:$B$111,E$80)=0,"",SUMIFS('SỔ CÔNG NỢ'!$G$5:$G$111,'SỔ CÔNG NỢ'!$A$5:$A$111,$B91,'SỔ CÔNG NỢ'!$B$5:$B$111,E$80))) | F91: =IF($B91="","",IF(COUNTIFS('SỔ CÔNG NỢ'!$A$5:$A$111,$B91,'SỔ CÔNG NỢ'!$B$5:$B$111,F$80)=0,"",SUMIFS('SỔ CÔNG NỢ'!$G$5:$G$111,'SỔ CÔNG NỢ'!$A$5:$A$111,$B91,'SỔ CÔNG NỢ'!$B$5:$B$111,F$80))) | G91: =IF($B91="","",IF(COUNTIFS('SỔ CÔNG NỢ'!$A$5:$A$111,$B91,'SỔ CÔNG NỢ'!$B$5:$B$111,G$80)=0,"",SUMIFS('SỔ CÔNG NỢ'!$G$5:$G$111,'SỔ CÔNG NỢ'!$A$5:$A$111,$B91,'SỔ CÔNG NỢ'!$B$5:$B$111,G$80))) | H91: =IF($B91="","",IF(COUNTIFS('SỔ CÔNG NỢ'!$A$5:$A$111,$B91,'SỔ CÔNG NỢ'!$B$5:$B$111,H$80)=0,"",SUMIFS('SỔ CÔNG NỢ'!$G$5:$G$111,'SỔ CÔNG NỢ'!$A$5:$A$111,$B91,'SỔ CÔNG NỢ'!$B$5:$B$111,H$80)))
B92: =IF($B20="","",$B20) -> Tuấn Thanh | C92: =IF($B92="","",IF(COUNTIFS('SỔ CÔNG NỢ'!$A$5:$A$111,$B92,'SỔ CÔNG NỢ'!$B$5:$B$111,C$80)=0,"",SUMIFS('SỔ CÔNG NỢ'!$G$5:$G$111,'SỔ CÔNG NỢ'!$A$5:$A$111,$B92,'SỔ CÔNG NỢ'!$B$5:$B$111,C$80))) | D92: =IF($B92="","",IF(COUNTIFS('SỔ CÔNG NỢ'!$A$5:$A$111,$B92,'SỔ CÔNG NỢ'!$B$5:$B$111,D$80)=0,"",SUMIFS('SỔ CÔNG NỢ'!$G$5:$G$111,'SỔ CÔNG NỢ'!$A$5:$A$111,$B92,'SỔ CÔNG NỢ'!$B$5:$B$111,D$80))) | E92: =IF($B92="","",IF(COUNTIFS('SỔ CÔNG NỢ'!$A$5:$A$111,$B92,'SỔ CÔNG NỢ'!$B$5:$B$111,E$80)=0,"",SUMIFS('SỔ CÔNG NỢ'!$G$5:$G$111,'SỔ CÔNG NỢ'!$A$5:$A$111,$B92,'SỔ CÔNG NỢ'!$B$5:$B$111,E$80))) | F92: =IF($B92="","",IF(COUNTIFS('SỔ CÔNG NỢ'!$A$5:$A$111,$B92,'SỔ CÔNG NỢ'!$B$5:$B$111,F$80)=0,"",SUMIFS('SỔ CÔNG NỢ'!$G$5:$G$111,'SỔ CÔNG NỢ'!$A$5:$A$111,$B92,'SỔ CÔNG NỢ'!$B$5:$B$111,F$80))) -> 13172400 | G92: =IF($B92="","",IF(COUNTIFS('SỔ CÔNG NỢ'!$A$5:$A$111,$B92,'SỔ CÔNG NỢ'!$B$5:$B$111,G$80)=0,"",SUMIFS('SỔ CÔNG NỢ'!$G$5:$G$111,'SỔ CÔNG NỢ'!$A$5:$A$111,$B92,'SỔ CÔNG NỢ'!$B$5:$B$111,G$80))) | H92: =IF($B92="","",IF(COUNTIFS('SỔ CÔNG NỢ'!$A$5:$A$111,$B92,'SỔ CÔNG NỢ'!$B$5:$B$111,H$80)=0,"",SUMIFS('SỔ CÔNG NỢ'!$G$5:$G$111,'SỔ CÔNG NỢ'!$A$5:$A$111,$B92,'SỔ CÔNG NỢ'!$B$5:$B$111,H$80)))
... B110: =IF($B38="","",$B38) | C110: =IF($B110="","",IF(COUNTIFS('SỔ CÔNG NỢ'!$A$5:$A$111,$B110,'SỔ CÔNG NỢ'!$B$5:$B$111,C$80)=0,"",SUMIFS('SỔ CÔNG NỢ'!$G$5:$G$111,'SỔ CÔNG NỢ'!$A$5:$A$111,$B110,'SỔ CÔNG NỢ'!$B$5:$B$111,C$80))) | D110: =IF($B110="","",IF(COUNTIFS('SỔ CÔNG NỢ'!$A$5:$A$111,$B110,'SỔ CÔNG NỢ'!$B$5:$B$111,D$80)=0,"",SUMIFS('SỔ CÔNG NỢ'!$G$5:$G$111,'SỔ CÔNG NỢ'!$A$5:$A$111,$B110,'SỔ CÔNG NỢ'!$B$5:$B$111,D$80))) | E110: =IF($B110="","",IF(COUNTIFS('SỔ CÔNG NỢ'!$A$5:$A$111,$B110,'SỔ CÔNG NỢ'!$B$5:$B$111,E$80)=0,"",SUMIFS('SỔ CÔNG NỢ'!$G$5:$G$111,'SỔ CÔNG NỢ'!$A$5:$A$111,$B110,'SỔ CÔNG NỢ'!$B$5:$B$111,E$80))) | F110: =IF($B110="","",IF(COUNTIFS('SỔ CÔNG NỢ'!$A$5:$A$111,$B110,'SỔ CÔNG NỢ'!$B$5:$B$111,F$80)=0,"",SUMIFS('SỔ CÔNG NỢ'!$G$5:$G$111,'SỔ CÔNG NỢ'!$A$5:$A$111,$B110,'SỔ CÔNG NỢ'!$B$5:$B$111,F$80))) | G110: =IF($B110="","",IF(COUNTIFS('SỔ CÔNG NỢ'!$A$5:$A$111,$B110,'SỔ CÔNG NỢ'!$B$5:$B$111,G$80)=0,"",SUMIFS('SỔ CÔNG NỢ'!$G$5:$G$111,'SỔ CÔNG NỢ'!$A$5:$A$111,$B110,'SỔ CÔNG NỢ'!$B$5:$B$111,G$80))) | H110: =IF($B110="","",IF(COUNTIFS('SỔ CÔNG NỢ'!$A$5:$A$111,$B110,'SỔ CÔNG NỢ'!$B$5:$B$111,H$80)=0,"",SUMIFS('SỔ CÔNG NỢ'!$G$5:$G$111,'SỔ CÔNG NỢ'!$A$5:$A$111,$B110,'SỔ CÔNG NỢ'!$B$5:$B$111,H$80)))
B111: TỔNG | C111: =SUM(C81:C110) -> 327278522 | D111: =SUM(D81:D110) -> 189734251 | E111: =SUM(E81:E110) -> 1.5806476e+08 | F111: =SUM(F81:F110) -> 148374169 | G111: =SUM(G81:G110) -> 0 | H111: =SUM(H81:H110) -> 0
A114: ▶ ĐÃ THANH TOÁN – THEO THÁNG
B115: Cửa hàng | C115: =$C$42 -> 46174 | D115: =EDATE(C115,1) -> 46204 | E115: =EDATE(D115,1) -> 46235 | F115: =EDATE(E115,1) -> 46266 | G115: =EDATE(F115,1) -> 46296 | H115: =EDATE(G115,1) -> 46327
B116: =IF($B9="","",$B9) -> Thông Lan (Thiệu Vân) | C116: =IF($B116="","",IF(COUNTIFS('SỔ CÔNG NỢ'!$A$5:$A$111,$B116,'SỔ CÔNG NỢ'!$B$5:$B$111,C$115)=0,"",SUMIFS('SỔ CÔNG NỢ'!$K$5:$K$111,'SỔ CÔNG NỢ'!$A$5:$A$111,$B116,'SỔ CÔNG NỢ'!$B$5:$B$111,C$115))) | D116: =IF($B116="","",IF(COUNTIFS('SỔ CÔNG NỢ'!$A$5:$A$111,$B116,'SỔ CÔNG NỢ'!$B$5:$B$111,D$115)=0,"",SUMIFS('SỔ CÔNG NỢ'!$K$5:$K$111,'SỔ CÔNG NỢ'!$A$5:$A$111,$B116,'SỔ CÔNG NỢ'!$B$5:$B$111,D$115))) -> 0 | E116: =IF($B116="","",IF(COUNTIFS('SỔ CÔNG NỢ'!$A$5:$A$111,$B116,'SỔ CÔNG NỢ'!$B$5:$B$111,E$115)=0,"",SUMIFS('SỔ CÔNG NỢ'!$K$5:$K$111,'SỔ CÔNG NỢ'!$A$5:$A$111,$B116,'SỔ CÔNG NỢ'!$B$5:$B$111,E$115))) | F116: =IF($B116="","",IF(COUNTIFS('SỔ CÔNG NỢ'!$A$5:$A$111,$B116,'SỔ CÔNG NỢ'!$B$5:$B$111,F$115)=0,"",SUMIFS('SỔ CÔNG NỢ'!$K$5:$K$111,'SỔ CÔNG NỢ'!$A$5:$A$111,$B116,'SỔ CÔNG NỢ'!$B$5:$B$111,F$115))) -> 0 | G116: =IF($B116="","",IF(COUNTIFS('SỔ CÔNG NỢ'!$A$5:$A$111,$B116,'SỔ CÔNG NỢ'!$B$5:$B$111,G$115)=0,"",SUMIFS('SỔ CÔNG NỢ'!$K$5:$K$111,'SỔ CÔNG NỢ'!$A$5:$A$111,$B116,'SỔ CÔNG NỢ'!$B$5:$B$111,G$115))) | H116: =IF($B116="","",IF(COUNTIFS('SỔ CÔNG NỢ'!$A$5:$A$111,$B116,'SỔ CÔNG NỢ'!$B$5:$B$111,H$115)=0,"",SUMIFS('SỔ CÔNG NỢ'!$K$5:$K$111,'SỔ CÔNG NỢ'!$A$5:$A$111,$B116,'SỔ CÔNG NỢ'!$B$5:$B$111,H$115)))
B117: =IF($B10="","",$B10) -> Tuân Thuận | C117: =IF($B117="","",IF(COUNTIFS('SỔ CÔNG NỢ'!$A$5:$A$111,$B117,'SỔ CÔNG NỢ'!$B$5:$B$111,C$115)=0,"",SUMIFS('SỔ CÔNG NỢ'!$K$5:$K$111,'SỔ CÔNG NỢ'!$A$5:$A$111,$B117,'SỔ CÔNG NỢ'!$B$5:$B$111,C$115))) -> 0 | D117: =IF($B117="","",IF(COUNTIFS('SỔ CÔNG NỢ'!$A$5:$A$111,$B117,'SỔ CÔNG NỢ'!$B$5:$B$111,D$115)=0,"",SUMIFS('SỔ CÔNG NỢ'!$K$5:$K$111,'SỔ CÔNG NỢ'!$A$5:$A$111,$B117,'SỔ CÔNG NỢ'!$B$5:$B$111,D$115))) -> 50000000 | E117: =IF($B117="","",IF(COUNTIFS('SỔ CÔNG NỢ'!$A$5:$A$111,$B117,'SỔ CÔNG NỢ'!$B$5:$B$111,E$115)=0,"",SUMIFS('SỔ CÔNG NỢ'!$K$5:$K$111,'SỔ CÔNG NỢ'!$A$5:$A$111,$B117,'SỔ CÔNG NỢ'!$B$5:$B$111,E$115))) -> 0 | F117: =IF($B117="","",IF(COUNTIFS('SỔ CÔNG NỢ'!$A$5:$A$111,$B117,'SỔ CÔNG NỢ'!$B$5:$B$111,F$115)=0,"",SUMIFS('SỔ CÔNG NỢ'!$K$5:$K$111,'SỔ CÔNG NỢ'!$A$5:$A$111,$B117,'SỔ CÔNG NỢ'!$B$5:$B$111,F$115))) -> 58935000 | G117: =IF($B117="","",IF(COUNTIFS('SỔ CÔNG NỢ'!$A$5:$A$111,$B117,'SỔ CÔNG NỢ'!$B$5:$B$111,G$115)=0,"",SUMIFS('SỔ CÔNG NỢ'!$K$5:$K$111,'SỔ CÔNG NỢ'!$A$5:$A$111,$B117,'SỔ CÔNG NỢ'!$B$5:$B$111,G$115))) | H117: =IF($B117="","",IF(COUNTIFS('SỔ CÔNG NỢ'!$A$5:$A$111,$B117,'SỔ CÔNG NỢ'!$B$5:$B$111,H$115)=0,"",SUMIFS('SỔ CÔNG NỢ'!$K$5:$K$111,'SỔ CÔNG NỢ'!$A$5:$A$111,$B117,'SỔ CÔNG NỢ'!$B$5:$B$111,H$115)))
B118: =IF($B11="","",$B11) -> Anh Hưng (giao anh Hải, TP) | C118: =IF($B118="","",IF(COUNTIFS('SỔ CÔNG NỢ'!$A$5:$A$111,$B118,'SỔ CÔNG NỢ'!$B$5:$B$111,C$115)=0,"",SUMIFS('SỔ CÔNG NỢ'!$K$5:$K$111,'SỔ CÔNG NỢ'!$A$5:$A$111,$B118,'SỔ CÔNG NỢ'!$B$5:$B$111,C$115))) -> 0 | D118: =IF($B118="","",IF(COUNTIFS('SỔ CÔNG NỢ'!$A$5:$A$111,$B118,'SỔ CÔNG NỢ'!$B$5:$B$111,D$115)=0,"",SUMIFS('SỔ CÔNG NỢ'!$K$5:$K$111,'SỔ CÔNG NỢ'!$A$5:$A$111,$B118,'SỔ CÔNG NỢ'!$B$5:$B$111,D$115))) | E118: =IF($B118="","",IF(COUNTIFS('SỔ CÔNG NỢ'!$A$5:$A$111,$B118,'SỔ CÔNG NỢ'!$B$5:$B$111,E$115)=0,"",SUMIFS('SỔ CÔNG NỢ'!$K$5:$K$111,'SỔ CÔNG NỢ'!$A$5:$A$111,$B118,'SỔ CÔNG NỢ'!$B$5:$B$111,E$115))) -> 0 | F118: =IF($B118="","",IF(COUNTIFS('SỔ CÔNG NỢ'!$A$5:$A$111,$B118,'SỔ CÔNG NỢ'!$B$5:$B$111,F$115)=0,"",SUMIFS('SỔ CÔNG NỢ'!$K$5:$K$111,'SỔ CÔNG NỢ'!$A$5:$A$111,$B118,'SỔ CÔNG NỢ'!$B$5:$B$111,F$115))) | G118: =IF($B118="","",IF(COUNTIFS('SỔ CÔNG NỢ'!$A$5:$A$111,$B118,'SỔ CÔNG NỢ'!$B$5:$B$111,G$115)=0,"",SUMIFS('SỔ CÔNG NỢ'!$K$5:$K$111,'SỔ CÔNG NỢ'!$A$5:$A$111,$B118,'SỔ CÔNG NỢ'!$B$5:$B$111,G$115))) | H118: =IF($B118="","",IF(COUNTIFS('SỔ CÔNG NỢ'!$A$5:$A$111,$B118,'SỔ CÔNG NỢ'!$B$5:$B$111,H$115)=0,"",SUMIFS('SỔ CÔNG NỢ'!$K$5:$K$111,'SỔ CÔNG NỢ'!$A$5:$A$111,$B118,'SỔ CÔNG NỢ'!$B$5:$B$111,H$115)))
B119: =IF($B12="","",$B12) -> Nghị Hậu | C119: =IF($B119="","",IF(COUNTIFS('SỔ CÔNG NỢ'!$A$5:$A$111,$B119,'SỔ CÔNG NỢ'!$B$5:$B$111,C$115)=0,"",SUMIFS('SỔ CÔNG NỢ'!$K$5:$K$111,'SỔ CÔNG NỢ'!$A$5:$A$111,$B119,'SỔ CÔNG NỢ'!$B$5:$B$111,C$115))) -> 28000000 | D119: =IF($B119="","",IF(COUNTIFS('SỔ CÔNG NỢ'!$A$5:$A$111,$B119,'SỔ CÔNG NỢ'!$B$5:$B$111,D$115)=0,"",SUMIFS('SỔ CÔNG NỢ'!$K$5:$K$111,'SỔ CÔNG NỢ'!$A$5:$A$111,$B119,'SỔ CÔNG NỢ'!$B$5:$B$111,D$115))) | E119: =IF($B119="","",IF(COUNTIFS('SỔ CÔNG NỢ'!$A$5:$A$111,$B119,'SỔ CÔNG NỢ'!$B$5:$B$111,E$115)=0,"",SUMIFS('SỔ CÔNG NỢ'!$K$5:$K$111,'SỔ CÔNG NỢ'!$A$5:$A$111,$B119,'SỔ CÔNG NỢ'!$B$5:$B$111,E$115))) | F119: =IF($B119="","",IF(COUNTIFS('SỔ CÔNG NỢ'!$A$5:$A$111,$B119,'SỔ CÔNG NỢ'!$B$5:$B$111,F$115)=0,"",SUMIFS('SỔ CÔNG NỢ'!$K$5:$K$111,'SỔ CÔNG NỢ'!$A$5:$A$111,$B119,'SỔ CÔNG NỢ'!$B$5:$B$111,F$115))) | G119: =IF($B119="","",IF(COUNTIFS('SỔ CÔNG NỢ'!$A$5:$A$111,$B119,'SỔ CÔNG NỢ'!$B$5:$B$111,G$115)=0,"",SUMIFS('SỔ CÔNG NỢ'!$K$5:$K$111,'SỔ CÔNG NỢ'!$A$5:$A$111,$B119,'SỔ CÔNG NỢ'!$B$5:$B$111,G$115))) | H119: =IF($B119="","",IF(COUNTIFS('SỔ CÔNG NỢ'!$A$5:$A$111,$B119,'SỔ CÔNG NỢ'!$B$5:$B$111,H$115)=0,"",SUMIFS('SỔ CÔNG NỢ'!$K$5:$K$111,'SỔ CÔNG NỢ'!$A$5:$A$111,$B119,'SỔ CÔNG NỢ'!$B$5:$B$111,H$115)))
B120: =IF($B13="","",$B13) -> Hà Liên | C120: =IF($B120="","",IF(COUNTIFS('SỔ CÔNG NỢ'!$A$5:$A$111,$B120,'SỔ CÔNG NỢ'!$B$5:$B$111,C$115)=0,"",SUMIFS('SỔ CÔNG NỢ'!$K$5:$K$111,'SỔ CÔNG NỢ'!$A$5:$A$111,$B120,'SỔ CÔNG NỢ'!$B$5:$B$111,C$115))) -> 0 | D120: =IF($B120="","",IF(COUNTIFS('SỔ CÔNG NỢ'!$A$5:$A$111,$B120,'SỔ CÔNG NỢ'!$B$5:$B$111,D$115)=0,"",SUMIFS('SỔ CÔNG NỢ'!$K$5:$K$111,'SỔ CÔNG NỢ'!$A$5:$A$111,$B120,'SỔ CÔNG NỢ'!$B$5:$B$111,D$115))) -> 15290000 | E120: =IF($B120="","",IF(COUNTIFS('SỔ CÔNG NỢ'!$A$5:$A$111,$B120,'SỔ CÔNG NỢ'!$B$5:$B$111,E$115)=0,"",SUMIFS('SỔ CÔNG NỢ'!$K$5:$K$111,'SỔ CÔNG NỢ'!$A$5:$A$111,$B120,'SỔ CÔNG NỢ'!$B$5:$B$111,E$115))) -> 33240000 | F120: =IF($B120="","",IF(COUNTIFS('SỔ CÔNG NỢ'!$A$5:$A$111,$B120,'SỔ CÔNG NỢ'!$B$5:$B$111,F$115)=0,"",SUMIFS('SỔ CÔNG NỢ'!$K$5:$K$111,'SỔ CÔNG NỢ'!$A$5:$A$111,$B120,'SỔ CÔNG NỢ'!$B$5:$B$111,F$115))) -> 0 | G120: =IF($B120="","",IF(COUNTIFS('SỔ CÔNG NỢ'!$A$5:$A$111,$B120,'SỔ CÔNG NỢ'!$B$5:$B$111,G$115)=0,"",SUMIFS('SỔ CÔNG NỢ'!$K$5:$K$111,'SỔ CÔNG NỢ'!$A$5:$A$111,$B120,'SỔ CÔNG NỢ'!$B$5:$B$111,G$115))) | H120: =IF($B120="","",IF(COUNTIFS('SỔ CÔNG NỢ'!$A$5:$A$111,$B120,'SỔ CÔNG NỢ'!$B$5:$B$111,H$115)=0,"",SUMIFS('SỔ CÔNG NỢ'!$K$5:$K$111,'SỔ CÔNG NỢ'!$A$5:$A$111,$B120,'SỔ CÔNG NỢ'!$B$5:$B$111,H$115)))
B121: =IF($B14="","",$B14) -> Chinh Ưng (Đông Lĩnh) | C121: =IF($B121="","",IF(COUNTIFS('SỔ CÔNG NỢ'!$A$5:$A$111,$B121,'SỔ CÔNG NỢ'!$B$5:$B$111,C$115)=0,"",SUMIFS('SỔ CÔNG NỢ'!$K$5:$K$111,'SỔ CÔNG NỢ'!$A$5:$A$111,$B121,'SỔ CÔNG NỢ'!$B$5:$B$111,C$115))) -> 0 | D121: =IF($B121="","",IF(COUNTIFS('SỔ CÔNG NỢ'!$A$5:$A$111,$B121,'SỔ CÔNG NỢ'!$B$5:$B$111,D$115)=0,"",SUMIFS('SỔ CÔNG NỢ'!$K$5:$K$111,'SỔ CÔNG NỢ'!$A$5:$A$111,$B121,'SỔ CÔNG NỢ'!$B$5:$B$111,D$115))) -> 0 | E121: =IF($B121="","",IF(COUNTIFS('SỔ CÔNG NỢ'!$A$5:$A$111,$B121,'SỔ CÔNG NỢ'!$B$5:$B$111,E$115)=0,"",SUMIFS('SỔ CÔNG NỢ'!$K$5:$K$111,'SỔ CÔNG NỢ'!$A$5:$A$111,$B121,'SỔ CÔNG NỢ'!$B$5:$B$111,E$115))) | F121: =IF($B121="","",IF(COUNTIFS('SỔ CÔNG NỢ'!$A$5:$A$111,$B121,'SỔ CÔNG NỢ'!$B$5:$B$111,F$115)=0,"",SUMIFS('SỔ CÔNG NỢ'!$K$5:$K$111,'SỔ CÔNG NỢ'!$A$5:$A$111,$B121,'SỔ CÔNG NỢ'!$B$5:$B$111,F$115))) -> 0 | G121: =IF($B121="","",IF(COUNTIFS('SỔ CÔNG NỢ'!$A$5:$A$111,$B121,'SỔ CÔNG NỢ'!$B$5:$B$111,G$115)=0,"",SUMIFS('SỔ CÔNG NỢ'!$K$5:$K$111,'SỔ CÔNG NỢ'!$A$5:$A$111,$B121,'SỔ CÔNG NỢ'!$B$5:$B$111,G$115))) | H121: =IF($B121="","",IF(COUNTIFS('SỔ CÔNG NỢ'!$A$5:$A$111,$B121,'SỔ CÔNG NỢ'!$B$5:$B$111,H$115)=0,"",SUMIFS('SỔ CÔNG NỢ'!$K$5:$K$111,'SỔ CÔNG NỢ'!$A$5:$A$111,$B121,'SỔ CÔNG NỢ'!$B$5:$B$111,H$115)))
B122: =IF($B15="","",$B15) -> Cường Hà | C122: =IF($B122="","",IF(COUNTIFS('SỔ CÔNG NỢ'!$A$5:$A$111,$B122,'SỔ CÔNG NỢ'!$B$5:$B$111,C$115)=0,"",SUMIFS('SỔ CÔNG NỢ'!$K$5:$K$111,'SỔ CÔNG NỢ'!$A$5:$A$111,$B122,'SỔ CÔNG NỢ'!$B$5:$B$111,C$115))) -> 0 | D122: =IF($B122="","",IF(COUNTIFS('SỔ CÔNG NỢ'!$A$5:$A$111,$B122,'SỔ CÔNG NỢ'!$B$5:$B$111,D$115)=0,"",SUMIFS('SỔ CÔNG NỢ'!$K$5:$K$111,'SỔ CÔNG NỢ'!$A$5:$A$111,$B122,'SỔ CÔNG NỢ'!$B$5:$B$111,D$115))) -> 0 | E122: =IF($B122="","",IF(COUNTIFS('SỔ CÔNG NỢ'!$A$5:$A$111,$B122,'SỔ CÔNG NỢ'!$B$5:$B$111,E$115)=0,"",SUMIFS('SỔ CÔNG NỢ'!$K$5:$K$111,'SỔ CÔNG NỢ'!$A$5:$A$111,$B122,'SỔ CÔNG NỢ'!$B$5:$B$111,E$115))) -> 30000000 | F122: =IF($B122="","",IF(COUNTIFS('SỔ CÔNG NỢ'!$A$5:$A$111,$B122,'SỔ CÔNG NỢ'!$B$5:$B$111,F$115)=0,"",SUMIFS('SỔ CÔNG NỢ'!$K$5:$K$111,'SỔ CÔNG NỢ'!$A$5:$A$111,$B122,'SỔ CÔNG NỢ'!$B$5:$B$111,F$115))) -> 0 | G122: =IF($B122="","",IF(COUNTIFS('SỔ CÔNG NỢ'!$A$5:$A$111,$B122,'SỔ CÔNG NỢ'!$B$5:$B$111,G$115)=0,"",SUMIFS('SỔ CÔNG NỢ'!$K$5:$K$111,'SỔ CÔNG NỢ'!$A$5:$A$111,$B122,'SỔ CÔNG NỢ'!$B$5:$B$111,G$115))) | H122: =IF($B122="","",IF(COUNTIFS('SỔ CÔNG NỢ'!$A$5:$A$111,$B122,'SỔ CÔNG NỢ'!$B$5:$B$111,H$115)=0,"",SUMIFS('SỔ CÔNG NỢ'!$K$5:$K$111,'SỔ CÔNG NỢ'!$A$5:$A$111,$B122,'SỔ CÔNG NỢ'!$B$5:$B$111,H$115)))
B123: =IF($B16="","",$B16) -> Toàn Lanh | C123: =IF($B123="","",IF(COUNTIFS('SỔ CÔNG NỢ'!$A$5:$A$111,$B123,'SỔ CÔNG NỢ'!$B$5:$B$111,C$115)=0,"",SUMIFS('SỔ CÔNG NỢ'!$K$5:$K$111,'SỔ CÔNG NỢ'!$A$5:$A$111,$B123,'SỔ CÔNG NỢ'!$B$5:$B$111,C$115))) -> 9500000 | D123: =IF($B123="","",IF(COUNTIFS('SỔ CÔNG NỢ'!$A$5:$A$111,$B123,'SỔ CÔNG NỢ'!$B$5:$B$111,D$115)=0,"",SUMIFS('SỔ CÔNG NỢ'!$K$5:$K$111,'SỔ CÔNG NỢ'!$A$5:$A$111,$B123,'SỔ CÔNG NỢ'!$B$5:$B$111,D$115))) -> 44300000 | E123: =IF($B123="","",IF(COUNTIFS('SỔ CÔNG NỢ'!$A$5:$A$111,$B123,'SỔ CÔNG NỢ'!$B$5:$B$111,E$115)=0,"",SUMIFS('SỔ CÔNG NỢ'!$K$5:$K$111,'SỔ CÔNG NỢ'!$A$5:$A$111,$B123,'SỔ CÔNG NỢ'!$B$5:$B$111,E$115))) | F123: =IF($B123="","",IF(COUNTIFS('SỔ CÔNG NỢ'!$A$5:$A$111,$B123,'SỔ CÔNG NỢ'!$B$5:$B$111,F$115)=0,"",SUMIFS('SỔ CÔNG NỢ'!$K$5:$K$111,'SỔ CÔNG NỢ'!$A$5:$A$111,$B123,'SỔ CÔNG NỢ'!$B$5:$B$111,F$115))) | G123: =IF($B123="","",IF(COUNTIFS('SỔ CÔNG NỢ'!$A$5:$A$111,$B123,'SỔ CÔNG NỢ'!$B$5:$B$111,G$115)=0,"",SUMIFS('SỔ CÔNG NỢ'!$K$5:$K$111,'SỔ CÔNG NỢ'!$A$5:$A$111,$B123,'SỔ CÔNG NỢ'!$B$5:$B$111,G$115))) | H123: =IF($B123="","",IF(COUNTIFS('SỔ CÔNG NỢ'!$A$5:$A$111,$B123,'SỔ CÔNG NỢ'!$B$5:$B$111,H$115)=0,"",SUMIFS('SỔ CÔNG NỢ'!$K$5:$K$111,'SỔ CÔNG NỢ'!$A$5:$A$111,$B123,'SỔ CÔNG NỢ'!$B$5:$B$111,H$115)))
B124: =IF($B17="","",$B17) -> Chị Thu (Rừng Thông) | C124: =IF($B124="","",IF(COUNTIFS('SỔ CÔNG NỢ'!$A$5:$A$111,$B124,'SỔ CÔNG NỢ'!$B$5:$B$111,C$115)=0,"",SUMIFS('SỔ CÔNG NỢ'!$K$5:$K$111,'SỔ CÔNG NỢ'!$A$5:$A$111,$B124,'SỔ CÔNG NỢ'!$B$5:$B$111,C$115))) -> 0 | D124: =IF($B124="","",IF(COUNTIFS('SỔ CÔNG NỢ'!$A$5:$A$111,$B124,'SỔ CÔNG NỢ'!$B$5:$B$111,D$115)=0,"",SUMIFS('SỔ CÔNG NỢ'!$K$5:$K$111,'SỔ CÔNG NỢ'!$A$5:$A$111,$B124,'SỔ CÔNG NỢ'!$B$5:$B$111,D$115))) | E124: =IF($B124="","",IF(COUNTIFS('SỔ CÔNG NỢ'!$A$5:$A$111,$B124,'SỔ CÔNG NỢ'!$B$5:$B$111,E$115)=0,"",SUMIFS('SỔ CÔNG NỢ'!$K$5:$K$111,'SỔ CÔNG NỢ'!$A$5:$A$111,$B124,'SỔ CÔNG NỢ'!$B$5:$B$111,E$115))) | F124: =IF($B124="","",IF(COUNTIFS('SỔ CÔNG NỢ'!$A$5:$A$111,$B124,'SỔ CÔNG NỢ'!$B$5:$B$111,F$115)=0,"",SUMIFS('SỔ CÔNG NỢ'!$K$5:$K$111,'SỔ CÔNG NỢ'!$A$5:$A$111,$B124,'SỔ CÔNG NỢ'!$B$5:$B$111,F$115))) | G124: =IF($B124="","",IF(COUNTIFS('SỔ CÔNG NỢ'!$A$5:$A$111,$B124,'SỔ CÔNG NỢ'!$B$5:$B$111,G$115)=0,"",SUMIFS('SỔ CÔNG NỢ'!$K$5:$K$111,'SỔ CÔNG NỢ'!$A$5:$A$111,$B124,'SỔ CÔNG NỢ'!$B$5:$B$111,G$115))) | H124: =IF($B124="","",IF(COUNTIFS('SỔ CÔNG NỢ'!$A$5:$A$111,$B124,'SỔ CÔNG NỢ'!$B$5:$B$111,H$115)=0,"",SUMIFS('SỔ CÔNG NỢ'!$K$5:$K$111,'SỔ CÔNG NỢ'!$A$5:$A$111,$B124,'SỔ CÔNG NỢ'!$B$5:$B$111,H$115)))
B125: =IF($B18="","",$B18) -> Anh Hùng (TP) | C125: =IF($B125="","",IF(COUNTIFS('SỔ CÔNG NỢ'!$A$5:$A$111,$B125,'SỔ CÔNG NỢ'!$B$5:$B$111,C$115)=0,"",SUMIFS('SỔ CÔNG NỢ'!$K$5:$K$111,'SỔ CÔNG NỢ'!$A$5:$A$111,$B125,'SỔ CÔNG NỢ'!$B$5:$B$111,C$115))) -> 0 | D125: =IF($B125="","",IF(COUNTIFS('SỔ CÔNG NỢ'!$A$5:$A$111,$B125,'SỔ CÔNG NỢ'!$B$5:$B$111,D$115)=0,"",SUMIFS('SỔ CÔNG NỢ'!$K$5:$K$111,'SỔ CÔNG NỢ'!$A$5:$A$111,$B125,'SỔ CÔNG NỢ'!$B$5:$B$111,D$115))) -> 0 | E125: =IF($B125="","",IF(COUNTIFS('SỔ CÔNG NỢ'!$A$5:$A$111,$B125,'SỔ CÔNG NỢ'!$B$5:$B$111,E$115)=0,"",SUMIFS('SỔ CÔNG NỢ'!$K$5:$K$111,'SỔ CÔNG NỢ'!$A$5:$A$111,$B125,'SỔ CÔNG NỢ'!$B$5:$B$111,E$115))) | F125: =IF($B125="","",IF(COUNTIFS('SỔ CÔNG NỢ'!$A$5:$A$111,$B125,'SỔ CÔNG NỢ'!$B$5:$B$111,F$115)=0,"",SUMIFS('SỔ CÔNG NỢ'!$K$5:$K$111,'SỔ CÔNG NỢ'!$A$5:$A$111,$B125,'SỔ CÔNG NỢ'!$B$5:$B$111,F$115))) -> 0 | G125: =IF($B125="","",IF(COUNTIFS('SỔ CÔNG NỢ'!$A$5:$A$111,$B125,'SỔ CÔNG NỢ'!$B$5:$B$111,G$115)=0,"",SUMIFS('SỔ CÔNG NỢ'!$K$5:$K$111,'SỔ CÔNG NỢ'!$A$5:$A$111,$B125,'SỔ CÔNG NỢ'!$B$5:$B$111,G$115))) | H125: =IF($B125="","",IF(COUNTIFS('SỔ CÔNG NỢ'!$A$5:$A$111,$B125,'SỔ CÔNG NỢ'!$B$5:$B$111,H$115)=0,"",SUMIFS('SỔ CÔNG NỢ'!$K$5:$K$111,'SỔ CÔNG NỢ'!$A$5:$A$111,$B125,'SỔ CÔNG NỢ'!$B$5:$B$111,H$115)))
B126: =IF($B19="","",$B19) -> Tìm Mai (Hoàng Châu) | C126: =IF($B126="","",IF(COUNTIFS('SỔ CÔNG NỢ'!$A$5:$A$111,$B126,'SỔ CÔNG NỢ'!$B$5:$B$111,C$115)=0,"",SUMIFS('SỔ CÔNG NỢ'!$K$5:$K$111,'SỔ CÔNG NỢ'!$A$5:$A$111,$B126,'SỔ CÔNG NỢ'!$B$5:$B$111,C$115))) | D126: =IF($B126="","",IF(COUNTIFS('SỔ CÔNG NỢ'!$A$5:$A$111,$B126,'SỔ CÔNG NỢ'!$B$5:$B$111,D$115)=0,"",SUMIFS('SỔ CÔNG NỢ'!$K$5:$K$111,'SỔ CÔNG NỢ'!$A$5:$A$111,$B126,'SỔ CÔNG NỢ'!$B$5:$B$111,D$115))) -> 0 | E126: =IF($B126="","",IF(COUNTIFS('SỔ CÔNG NỢ'!$A$5:$A$111,$B126,'SỔ CÔNG NỢ'!$B$5:$B$111,E$115)=0,"",SUMIFS('SỔ CÔNG NỢ'!$K$5:$K$111,'SỔ CÔNG NỢ'!$A$5:$A$111,$B126,'SỔ CÔNG NỢ'!$B$5:$B$111,E$115))) | F126: =IF($B126="","",IF(COUNTIFS('SỔ CÔNG NỢ'!$A$5:$A$111,$B126,'SỔ CÔNG NỢ'!$B$5:$B$111,F$115)=0,"",SUMIFS('SỔ CÔNG NỢ'!$K$5:$K$111,'SỔ CÔNG NỢ'!$A$5:$A$111,$B126,'SỔ CÔNG NỢ'!$B$5:$B$111,F$115))) | G126: =IF($B126="","",IF(COUNTIFS('SỔ CÔNG NỢ'!$A$5:$A$111,$B126,'SỔ CÔNG NỢ'!$B$5:$B$111,G$115)=0,"",SUMIFS('SỔ CÔNG NỢ'!$K$5:$K$111,'SỔ CÔNG NỢ'!$A$5:$A$111,$B126,'SỔ CÔNG NỢ'!$B$5:$B$111,G$115))) | H126: =IF($B126="","",IF(COUNTIFS('SỔ CÔNG NỢ'!$A$5:$A$111,$B126,'SỔ CÔNG NỢ'!$B$5:$B$111,H$115)=0,"",SUMIFS('SỔ CÔNG NỢ'!$K$5:$K$111,'SỔ CÔNG NỢ'!$A$5:$A$111,$B126,'SỔ CÔNG NỢ'!$B$5:$B$111,H$115)))
B127: =IF($B20="","",$B20) -> Tuấn Thanh | C127: =IF($B127="","",IF(COUNTIFS('SỔ CÔNG NỢ'!$A$5:$A$111,$B127,'SỔ CÔNG NỢ'!$B$5:$B$111,C$115)=0,"",SUMIFS('SỔ CÔNG NỢ'!$K$5:$K$111,'SỔ CÔNG NỢ'!$A$5:$A$111,$B127,'SỔ CÔNG NỢ'!$B$5:$B$111,C$115))) | D127: =IF($B127="","",IF(COUNTIFS('SỔ CÔNG NỢ'!$A$5:$A$111,$B127,'SỔ CÔNG NỢ'!$B$5:$B$111,D$115)=0,"",SUMIFS('SỔ CÔNG NỢ'!$K$5:$K$111,'SỔ CÔNG NỢ'!$A$5:$A$111,$B127,'SỔ CÔNG NỢ'!$B$5:$B$111,D$115))) | E127: =IF($B127="","",IF(COUNTIFS('SỔ CÔNG NỢ'!$A$5:$A$111,$B127,'SỔ CÔNG NỢ'!$B$5:$B$111,E$115)=0,"",SUMIFS('SỔ CÔNG NỢ'!$K$5:$K$111,'SỔ CÔNG NỢ'!$A$5:$A$111,$B127,'SỔ CÔNG NỢ'!$B$5:$B$111,E$115))) | F127: =IF($B127="","",IF(COUNTIFS('SỔ CÔNG NỢ'!$A$5:$A$111,$B127,'SỔ CÔNG NỢ'!$B$5:$B$111,F$115)=0,"",SUMIFS('SỔ CÔNG NỢ'!$K$5:$K$111,'SỔ CÔNG NỢ'!$A$5:$A$111,$B127,'SỔ CÔNG NỢ'!$B$5:$B$111,F$115))) -> 0 | G127: =IF($B127="","",IF(COUNTIFS('SỔ CÔNG NỢ'!$A$5:$A$111,$B127,'SỔ CÔNG NỢ'!$B$5:$B$111,G$115)=0,"",SUMIFS('SỔ CÔNG NỢ'!$K$5:$K$111,'SỔ CÔNG NỢ'!$A$5:$A$111,$B127,'SỔ CÔNG NỢ'!$B$5:$B$111,G$115))) | H127: =IF($B127="","",IF(COUNTIFS('SỔ CÔNG NỢ'!$A$5:$A$111,$B127,'SỔ CÔNG NỢ'!$B$5:$B$111,H$115)=0,"",SUMIFS('SỔ CÔNG NỢ'!$K$5:$K$111,'SỔ CÔNG NỢ'!$A$5:$A$111,$B127,'SỔ CÔNG NỢ'!$B$5:$B$111,H$115)))
... B145: =IF($B38="","",$B38) | C145: =IF($B145="","",IF(COUNTIFS('SỔ CÔNG NỢ'!$A$5:$A$111,$B145,'SỔ CÔNG NỢ'!$B$5:$B$111,C$115)=0,"",SUMIFS('SỔ CÔNG NỢ'!$K$5:$K$111,'SỔ CÔNG NỢ'!$A$5:$A$111,$B145,'SỔ CÔNG NỢ'!$B$5:$B$111,C$115))) | D145: =IF($B145="","",IF(COUNTIFS('SỔ CÔNG NỢ'!$A$5:$A$111,$B145,'SỔ CÔNG NỢ'!$B$5:$B$111,D$115)=0,"",SUMIFS('SỔ CÔNG NỢ'!$K$5:$K$111,'SỔ CÔNG NỢ'!$A$5:$A$111,$B145,'SỔ CÔNG NỢ'!$B$5:$B$111,D$115))) | E145: =IF($B145="","",IF(COUNTIFS('SỔ CÔNG NỢ'!$A$5:$A$111,$B145,'SỔ CÔNG NỢ'!$B$5:$B$111,E$115)=0,"",SUMIFS('SỔ CÔNG NỢ'!$K$5:$K$111,'SỔ CÔNG NỢ'!$A$5:$A$111,$B145,'SỔ CÔNG NỢ'!$B$5:$B$111,E$115))) | F145: =IF($B145="","",IF(COUNTIFS('SỔ CÔNG NỢ'!$A$5:$A$111,$B145,'SỔ CÔNG NỢ'!$B$5:$B$111,F$115)=0,"",SUMIFS('SỔ CÔNG NỢ'!$K$5:$K$111,'SỔ CÔNG NỢ'!$A$5:$A$111,$B145,'SỔ CÔNG NỢ'!$B$5:$B$111,F$115))) | G145: =IF($B145="","",IF(COUNTIFS('SỔ CÔNG NỢ'!$A$5:$A$111,$B145,'SỔ CÔNG NỢ'!$B$5:$B$111,G$115)=0,"",SUMIFS('SỔ CÔNG NỢ'!$K$5:$K$111,'SỔ CÔNG NỢ'!$A$5:$A$111,$B145,'SỔ CÔNG NỢ'!$B$5:$B$111,G$115))) | H145: =IF($B145="","",IF(COUNTIFS('SỔ CÔNG NỢ'!$A$5:$A$111,$B145,'SỔ CÔNG NỢ'!$B$5:$B$111,H$115)=0,"",SUMIFS('SỔ CÔNG NỢ'!$K$5:$K$111,'SỔ CÔNG NỢ'!$A$5:$A$111,$B145,'SỔ CÔNG NỢ'!$B$5:$B$111,H$115)))
B146: TỔNG | C146: =SUM(C116:C145) -> 73008880 | D146: =SUM(D116:D145) -> 168250000 | E146: =SUM(E116:E145) -> 82240000 | F146: =SUM(F116:F145) -> 58935000 | G146: =SUM(G116:G145) -> 0 | H146: =SUM(H116:H145) -> 0

Sheet SỔ CÔNG NỢ
A1: SỔ CÔNG NỢ THEO KHÁCH – THEO THÁNG
A2: Số dương = khách còn nợ công ty; số âm (đỏ) = công ty nợ lại khách. Cột vàng = số ghi trên biên bản; cột xanh dương = tự tính lại để đối chiếu.
A4: Khách hàng | B4: Tháng | C4: Nợ đầu kỳ (theo biên bản) | D4: Phát sinh (giá gốc) | E4: Tiền chiết khấu | F4: % chiết khấu | G4: Phát sinh sau CK | H4: Hàng trả lại (giá gốc) | I4: CK hàng trả lại | J4: Hàng trả lại sau CK | K4: Khách đã thanh toán | L4: Nợ đầu kỳ (tính lại) | M4: NỢ CUỐI KỲ (TÍNH LẠI) | N4: Nợ cuối kỳ (theo biên bản) | O4: Chênh lệch (BB − tính lại) | P4: Ghi chú / vấn đề phát hiện
A5: Anh Giang (Đông Thanh) | B5: 46235 | C5: 0 | D5: 8212000 | E5: 5091440 | F5: 62% | G5: =IF(OR($A5="",$B5=""),"",D5-E5) -> 3120560 | H5: 0 | I5: 0 | J5: =IF(OR($A5="",$B5=""),"",H5-I5) -> 0 | K5: =IF(OR($A5="",$B5=""),"",SUMIFS('THANH TOÁN'!$D$5:$D$305,'THANH TOÁN'!$A$5:$A$305,$A5,'THANH TOÁN'!$B$5:$B$305,$B5,'THANH TOÁN'!$E$5:$E$305,"Có")) -> 0 | L5: =IF(OR($A5="",$B5=""),"",IF(_xlfn.MAXIFS('SỔ CÔNG NỢ'!$B$5:$B$111,'SỔ CÔNG NỢ'!$A$5:$A$111,$A5,'SỔ CÔNG NỢ'!$B$5:$B$111,"<"&$B5)=0,C5,SUMIFS('SỔ CÔNG NỢ'!$M$5:$M$111,'SỔ CÔNG NỢ'!$A$5:$A$111,$A5,'SỔ CÔNG NỢ'!$B$5:$B$111,_xlfn.MAXIFS('SỔ CÔNG NỢ'!$B$5:$B$111,'SỔ CÔNG NỢ'!$A$5:$A$111,$A5,'SỔ CÔNG NỢ'!$B$5:$B$111,"<"&$B5)))) -> 0 | M5: =IF(OR($A5="",$B5=""),"",L5+G5-J5-K5) -> 3120560 | N5: 5091440 | O5: =IF(OR($A5="",$B5="",N5=""),"",N5-M5) -> 1970880 | P5: Biên bản ghi "Tổng nợ phải thanh toán" 5.091.440 = đúng số TIỀN CHIẾT KHẤU, trong khi phát sinh sau chiết khấu là 3.120.560 → biên bản ghi nợ dư 1.970.880.
A6: Anh Duẩn (Lĩnh Lộc) | B6: 46174 | C6: 0 | D6: 1447000 | E6: 810320 | F6: 45-20% | G6: =IF(OR($A6="",$B6=""),"",D6-E6) -> 636680 | H6: 0 | I6: 0 | J6: =IF(OR($A6="",$B6=""),"",H6-I6) -> 0 | K6: =IF(OR($A6="",$B6=""),"",SUMIFS('THANH TOÁN'!$D$5:$D$305,'THANH TOÁN'!$A$5:$A$305,$A6,'THANH TOÁN'!$B$5:$B$305,$B6,'THANH TOÁN'!$E$5:$E$305,"Có")) -> 979440 | L6: =IF(OR($A6="",$B6=""),"",IF(_xlfn.MAXIFS('SỔ CÔNG NỢ'!$B$5:$B$111,'SỔ CÔNG NỢ'!$A$5:$A$111,$A6,'SỔ CÔNG NỢ'!$B$5:$B$111,"<"&$B6)=0,C6,SUMIFS('SỔ CÔNG NỢ'!$M$5:$M$111,'SỔ CÔNG NỢ'!$A$5:$A$111,$A6,'SỔ CÔNG NỢ'!$B$5:$B$111,_xlfn.MAXIFS('SỔ CÔNG NỢ'!$B$5:$B$111,'SỔ CÔNG NỢ'!$A$5:$A$111,$A6,'SỔ CÔNG NỢ'!$B$5:$B$111,"<"&$B6)))) -> 0 | M6: =IF(OR($A6="",$B6=""),"",L6+G6-J6-K6) -> -342760 | N6: -342760 | O6: =IF(OR($A6="",$B6="",N6=""),"",N6-M6) -> 0
A7: Anh Hùng (TP) | B7: 46174 | C7: 681 | D7: 31578800 | E7: 19578856 | F7: 62% | G7: =IF(OR($A7="",$B7=""),"",D7-E7) -> 11999944 | H7: 0 | I7: 0 | J7: =IF(OR($A7="",$B7=""),"",H7-I7) -> 0 | K7: =IF(OR($A7="",$B7=""),"",SUMIFS('THANH TOÁN'!$D$5:$D$305,'THANH TOÁN'!$A$5:$A$305,$A7,'THANH TOÁN'!$B$5:$B$305,$B7,'THANH TOÁN'!$E$5:$E$305,"Có")) -> 0 | L7: =IF(OR($A7="",$B7=""),"",IF(_xlfn.MAXIFS('SỔ CÔNG NỢ'!$B$5:$B$111,'SỔ CÔNG NỢ'!$A$5:$A$111,$A7,'SỔ CÔNG NỢ'!$B$5:$B$111,"<"&$B7)=0,C7,SUMIFS('SỔ CÔNG NỢ'!$M$5:$M$111,'SỔ CÔNG NỢ'!$A$5:$A$111,$A7,'SỔ CÔNG NỢ'!$B$5:$B$111,_xlfn.MAXIFS('SỔ CÔNG NỢ'!$B$5:$B$111,'SỔ CÔNG NỢ'!$A$5:$A$111,$A7,'SỔ CÔNG NỢ'!$B$5:$B$111,"<"&$B7)))) -> 681 | M7: =IF(OR($A7="",$B7=""),"",L7+G7-J7-K7) -> 12000625 | N7: 12000625 | O7: =IF(OR($A7="",$B7="",N7=""),"",N7-M7) -> 0
A8: Anh Hùng (TP) | B8: 46204 | C8: 12000625 | D8: 409000 | E8: 253580 | F8: 62% | G8: =IF(OR($A8="",$B8=""),"",D8-E8) -> 155420 | H8: 0 | I8: 0 | J8: =IF(OR($A8="",$B8=""),"",H8-I8) -> 0 | K8: =IF(OR($A8="",$B8=""),"",SUMIFS('THANH TOÁN'!$D$5:$D$305,'THANH TOÁN'!$A$5:$A$305,$A8,'THANH TOÁN'!$B$5:$B$305,$B8,'THANH TOÁN'!$E$5:$E$305,"Có")) -> 0 | L8: =IF(OR($A8="",$B8=""),"",IF(_xlfn.MAXIFS('SỔ CÔNG NỢ'!$B$5:$B$111,'SỔ CÔNG NỢ'!$A$5:$A$111,$A8,'SỔ CÔNG NỢ'!$B$5:$B$111,"<"&$B8)=0,C8,SUMIFS('SỔ CÔNG NỢ'!$M$5:$M$111,'SỔ CÔNG NỢ'!$A$5:$A$111,$A8,'SỔ CÔNG NỢ'!$B$5:$B$111,_xlfn.MAXIFS('SỔ CÔNG NỢ'!$B$5:$B$111,'SỔ CÔNG NỢ'!$A$5:$A$111,$A8,'SỔ CÔNG NỢ'!$B$5:$B$111,"<"&$B8)))) -> 12000625 | M8: =IF(OR($A8="",$B8=""),"",L8+G8-J8-K8) -> 12156045 | N8: 12156045 | O8: =IF(OR($A8="",$B8="",N8=""),"",N8-M8) -> 0
A9: Anh Hùng (TP) | B9: 46266 | C9: 12156045 | D9: 9645000 | E9: 5979900 | F9: 62% | G9: =IF(OR($A9="",$B9=""),"",D9-E9) -> 3665100 | H9: 0 | I9: 0 | J9: =IF(OR($A9="",$B9=""),"",H9-I9) -> 0 | K9: =IF(OR($A9="",$B9=""),"",SUMIFS('THANH TOÁN'!$D$5:$D$305,'THANH TOÁN'!$A$5:$A$305,$A9,'THANH TOÁN'!$B$5:$B$305,$B9,'THANH TOÁN'!$E$5:$E$305,"Có")) -> 0 | L9: =IF(OR($A9="",$B9=""),"",IF(_xlfn.MAXIFS('SỔ CÔNG NỢ'!$B$5:$B$111,'SỔ CÔNG NỢ'!$A$5:$A$111,$A9,'SỔ CÔNG NỢ'!$B$5:$B$111,"<"&$B9)=0,C9,SUMIFS('SỔ CÔNG NỢ'!$M$5:$M$111,'SỔ CÔNG NỢ'!$A$5:$A$111,$A9,'SỔ CÔNG NỢ'!$B$5:$B$111,_xlfn.MAXIFS('SỔ CÔNG NỢ'!$B$5:$B$111,'SỔ CÔNG NỢ'!$A$5:$A$111,$A9,'SỔ CÔNG NỢ'!$B$5:$B$111,"<"&$B9)))) -> 12156045 | M9: =IF(OR($A9="",$B9=""),"",L9+G9-J9-K9) -> 15821145 | N9: 15821145 | O9: =IF(OR($A9="",$B9="",N9=""),"",N9-M9) -> 0
A10: Anh Hưng (giao anh Hải, TP) | B10: 46174 | C10: 529822 | D10: 117349800 | E10: 72756876 | F10: 62% | G10: =IF(OR($A10="",$B10=""),"",D10-E10) -> 44592924 | H10: 0 | I10: 0 | J10: =IF(OR($A10="",$B10=""),"",H10-I10) -> 0 | K10: =IF(OR($A10="",$B10=""),"",SUMIFS('THANH TOÁN'!$D$5:$D$305,'THANH TOÁN'!$A$5:$A$305,$A10,'THANH TOÁN'!$B$5:$B$305,$B10,'THANH TOÁN'!$E$5:$E$305,"Có")) -> 0 | L10: =IF(OR($A10="",$B10=""),"",IF(_xlfn.MAXIFS('SỔ CÔNG NỢ'!$B$5:$B$111,'SỔ CÔNG NỢ'!$A$5:$A$111,$A10,'SỔ CÔNG NỢ'!$B$5:$B$111,"<"&$B10)=0,C10,SUMIFS('SỔ CÔNG NỢ'!$M$5:$M$111,'SỔ CÔNG NỢ'!$A$5:$A$111,$A10,'SỔ CÔNG NỢ'!$B$5:$B$111,_xlfn.MAXIFS('SỔ CÔNG NỢ'!$B$5:$B$111,'SỔ CÔNG NỢ'!$A$5:$A$111,$A10,'SỔ CÔNG NỢ'!$B$5:$B$111,"<"&$B10)))) -> 529822 | M10: =IF(OR($A10="",$B10=""),"",L10+G10-J10-K10) -> 45122746 | N10: 45122746 | O10: =IF(OR($A10="",$B10="",N10=""),"",N10-M10) -> 0
A11: Anh Hưng (giao anh Hải, TP) | B11: 46235 | C11: 45122746 | D11: 3508000 | E11: 2174960 | F11: 62% | G11: =IF(OR($A11="",$B11=""),"",D11-E11) -> 1333040 | H11: 0 | I11: 0 | J11: =IF(OR($A11="",$B11=""),"",H11-I11) -> 0 | K11: =IF(OR($A11="",$B11=""),"",SUMIFS('THANH TOÁN'!$D$5:$D$305,'THANH TOÁN'!$A$5:$A$305,$A11,'THANH TOÁN'!$B$5:$B$305,$B11,'THANH TOÁN'!$E$5:$E$305,"Có")) -> 0 | L11: =IF(OR($A11="",$B11=""),"",IF(_xlfn.MAXIFS('SỔ CÔNG NỢ'!$B$5:$B$111,'SỔ CÔNG NỢ'!$A$5:$A$111,$A11,'SỔ CÔNG NỢ'!$B$5:$B$111,"<"&$B11)=0,C11,SUMIFS('SỔ CÔNG NỢ'!$M$5:$M$111,'SỔ CÔNG NỢ'!$A$5:$A$111,$A11,'SỔ CÔNG NỢ'!$B$5:$B$111,_xlfn.MAXIFS('SỔ CÔNG NỢ'!$B$5:$B$111,'SỔ CÔNG NỢ'!$A$5:$A$111,$A11,'SỔ CÔNG NỢ'!$B$5:$B$111,"<"&$B11)))) -> 45122746 | M11: =IF(OR($A11="",$B11=""),"",L11+G11-J11-K11) -> 46455786 | N11: 46455786 | O11: =IF(OR($A11="",$B11="",N11=""),"",N11-M11) -> 0
A12: Tuấn Thanh | B12: 46266 | C12: -735 | D12: 32931000 | E12: 19758600 | F12: 60% | G12: =IF(OR($A12="",$B12=""),"",D12-E12) -> 13172400 | H12: 0 | I12: 0 | J12: =IF(OR($A12="",$B12=""),"",H12-I12) -> 0 | K12: =IF(OR($A12="",$B12=""),"",SUMIFS('THANH TOÁN'!$D$5:$D$305,'THANH TOÁN'!$A$5:$A$305,$A12,'THANH TOÁN'!$B$5:$B$305,$B12,'THANH TOÁN'!$E$5:$E$305,"Có")) -> 0 | L12: =IF(OR($A12="",$B12=""),"",IF(_xlfn.MAXIFS('SỔ CÔNG NỢ'!$B$5:$B$111,'SỔ CÔNG NỢ'!$A$5:$A$111,$A12,'SỔ CÔNG NỢ'!$B$5:$B$111,"<"&$B12)=0,C12,SUMIFS('SỔ CÔNG NỢ'!$M$5:$M$111,'SỔ CÔNG NỢ'!$A$5:$A$111,$A12,'SỔ CÔNG NỢ'!$B$5:$B$111,_xlfn.MAXIFS('SỔ CÔNG NỢ'!$B$5:$B$111,'SỔ CÔNG NỢ'!$A$5:$A$111,$A12,'SỔ CÔNG NỢ'!$B$5:$B$111,"<"&$B12)))) -> -735 | M12: =IF(OR($A12="",$B12=""),"",L12+G12-J12-K12) -> 13171665 | N12: 13171665 | O12: =IF(OR($A12="",$B12="",N12=""),"",N12-M12) -> 0
A13: Chú Giáp (Thiệu Thành) | B13: 46174 | C13: 6426350 | D13: 25326000 | E13: 15955380 | F13: 63% | G13: =IF(OR($A13="",$B13=""),"",D13-E13) -> 9370620 | H13: 12206000 | I13: 7689780 | J13: =IF(OR($A13="",$B13=""),"",H13-I13) -> 4516220 | K13: =IF(OR($A13="",$B13=""),"",SUMIFS('THANH TOÁN'!$D$5:$D$305,'THANH TOÁN'!$A$5:$A$305,$A13,'THANH TOÁN'!$B$5:$B$305,$B13,'THANH TOÁN'!$E$5:$E$305,"Có")) -> 6400000 | L13: =IF(OR($A13="",$B13=""),"",IF(_xlfn.MAXIFS('SỔ CÔNG NỢ'!$B$5:$B$111,'SỔ CÔNG NỢ'!$A$5:$A$111,$A13,'SỔ CÔNG NỢ'!$B$5:$B$111,"<"&$B13)=0,C13,SUMIFS('SỔ CÔNG NỢ'!$M$5:$M$111,'SỔ CÔNG NỢ'!$A$5:$A$111,$A13,'SỔ CÔNG NỢ'!$B$5:$B$111,_xlfn.MAXIFS('SỔ CÔNG NỢ'!$B$5:$B$111,'SỔ CÔNG NỢ'!$A$5:$A$111,$A13,'SỔ CÔNG NỢ'!$B$5:$B$111,"<"&$B13)))) -> 6426350 | M13: =IF(OR($A13="",$B13=""),"",L13+G13-J13-K13) -> 4880750 | N13: 1707190 | O13: =IF(OR($A13="",$B13="",N13=""),"",N13-M13) -> -3173560 | P13: Biên bản trừ tiền chiết khấu của hàng trả lại (7.689.780) thay vì giá trị sau chiết khấu (4.516.220) → nợ ghi thấp hơn 3.173.560.
A14: Chú Giáp (Thiệu Thành) | B14: 46204 | C14: 1707190 | D14: 0 | E14: 0 | F14: 65% | G14: =IF(OR($A14="",$B14=""),"",D14-E14) -> 0 | H14: 16634000 | I14: 10812100 | J14: =IF(OR($A14="",$B14=""),"",H14-I14) -> 5821900 | K14: =IF(OR($A14="",$B14=""),"",SUMIFS('THANH TOÁN'!$D$5:$D$305,'THANH TOÁN'!$A$5:$A$305,$A14,'THANH TOÁN'!$B$5:$B$305,$B14,'THANH TOÁN'!$E$5:$E$305,"Có")) -> 0 | L14: =IF(OR($A14="",$B14=""),"",IF(_xlfn.MAXIFS('SỔ CÔNG NỢ'!$B$5:$B$111,'SỔ CÔNG NỢ'!$A$5:$A$111,$A14,'SỔ CÔNG NỢ'!$B$5:$B$111,"<"&$B14)=0,C14,SUMIFS('SỔ CÔNG NỢ'!$M$5:$M$111,'SỔ CÔNG NỢ'!$A$5:$A$111,$A14,'SỔ CÔNG NỢ'!$B$5:$B$111,_xlfn.MAXIFS('SỔ CÔNG NỢ'!$B$5:$B$111,'SỔ CÔNG NỢ'!$A$5:$A$111,$A14,'SỔ CÔNG NỢ'!$B$5:$B$111,"<"&$B14)))) -> 4880750 | M14: =IF(OR($A14="",$B14=""),"",L14+G14-J14-K14) -> -941150 | N14: 7529090 | O14: =IF(OR($A14="",$B14="",N14=""),"",N14-M14) -> 8470240 | P14: Biên bản ghi 16.634.000 là "Phát sinh hàng nhập lại" (hàng trả lại ngày 16/07) nhưng lại CỘNG vào nợ (1.707.190 + 5.821.900 = 7.529.090). Hàng trả lại phải TRỪ nợ.
A15: Chinh Ưng (Đông Lĩnh) | B15: 46174 | C15: 9456800 | D15: 31659000 | E15: 18995400 | F15: 60% | G15: =IF(OR($A15="",$B15=""),"",D15-E15) -> 12663600 | H15: 6331800 | I15: 3799080 | J15: =IF(OR($A15="",$B15=""),"",H15-I15) -> 2532720 | K15: =IF(OR($A15="",$B15=""),"",SUMIFS('THANH TOÁN'!$D$5:$D$305,'THANH TOÁN'!$A$5:$A$305,$A15,'THANH TOÁN'!$B$5:$B$305,$B15,'THANH TOÁN'!$E$5:$E$305,"Có")) -> 0 | L15: =IF(OR($A15="",$B15=""),"",IF(_xlfn.MAXIFS('SỔ CÔNG NỢ'!$B$5:$B$111,'SỔ CÔNG NỢ'!$A$5:$A$111,$A15,'SỔ CÔNG NỢ'!$B$5:$B$111,"<"&$B15)=0,C15,SUMIFS('SỔ CÔNG NỢ'!$M$5:$M$111,'SỔ CÔNG NỢ'!$A$5:$A$111,$A15,'SỔ CÔNG NỢ'!$B$5:$B$111,_xlfn.MAXIFS('SỔ CÔNG NỢ'!$B$5:$B$111,'SỔ CÔNG NỢ'!$A$5:$A$111,$A15,'SỔ CÔNG NỢ'!$B$5:$B$111,"<"&$B15)))) -> 9456800 | M15: =IF(OR($A15="",$B15=""),"",L15+G15-J15-K15) -> 19587680 | N15: 19587680 | O15: =IF(OR($A15="",$B15="",N15=""),"",N15-M15) -> 0
A16: Chinh Ưng (Đông Lĩnh) | B16: 46204 | C16: 19587680 | D16: 8011000 | E16: 4806600 | F16: 60% | G16: =IF(OR($A16="",$B16=""),"",D16-E16) -> 3204400 | H16: 0 | I16: 0 | J16: =IF(OR($A16="",$B16=""),"",H16-I16) -> 0 | K16: =IF(OR($A16="",$B16=""),"",SUMIFS('THANH TOÁN'!$D$5:$D$305,'THANH TOÁN'!$A$5:$A$305,$A16,'THANH TOÁN'!$B$5:$B$305,$B16,'THANH TOÁN'!$E$5:$E$305,"Có")) -> 0 | L16: =IF(OR($A16="",$B16=""),"",IF(_xlfn.MAXIFS('SỔ CÔNG NỢ'!$B$5:$B$111,'SỔ CÔNG NỢ'!$A$5:$A$111,$A16,'SỔ CÔNG NỢ'!$B$5:$B$111,"<"&$B16)=0,C16,SUMIFS('SỔ CÔNG NỢ'!$M$5:$M$111,'SỔ CÔNG NỢ'!$A$5:$A$111,$A16,'SỔ CÔNG NỢ'!$B$5:$B$111,_xlfn.MAXIFS('SỔ CÔNG NỢ'!$B$5:$B$111,'SỔ CÔNG NỢ'!$A$5:$A$111,$A16,'SỔ CÔNG NỢ'!$B$5:$B$111,"<"&$B16)))) -> 19587680 | M16: =IF(OR($A16="",$B16=""),"",L16+G16-J16-K16) -> 22792080 | N16: 22792080 | O16: =IF(OR($A16="",$B16="",N16=""),"",N16-M16) -> 0
A17: Chinh Ưng (Đông Lĩnh) | B17: 46266 | C17: 22792080 | D17: 17984600 | E17: 10790760 | F17: 60% | G17: =IF(OR($A17="",$B17=""),"",D17-E17) -> 7193840 | H17: 0 | I17: 0 | J17: =IF(OR($A17="",$B17=""),"",H17-I17) -> 0 | K17: =IF(OR($A17="",$B17=""),"",SUMIFS('THANH TOÁN'!$D$5:$D$305,'THANH TOÁN'!$A$5:$A$305,$A17,'THANH TOÁN'!$B$5:$B$305,$B17,'THANH TOÁN'!$E$5:$E$305,"Có")) -> 0 | L17: =IF(OR($A17="",$B17=""),"",IF(_xlfn.MAXIFS('SỔ CÔNG NỢ'!$B$5:$B$111,'SỔ CÔNG NỢ'!$A$5:$A$111,$A17,'SỔ CÔNG NỢ'!$B$5:$B$111,"<"&$B17)=0,C17,SUMIFS('SỔ CÔNG NỢ'!$M$5:$M$111,'SỔ CÔNG NỢ'!$A$5:$A$111,$A17,'SỔ CÔNG NỢ'!$B$5:$B$111,_xlfn.MAXIFS('SỔ CÔNG NỢ'!$B$5:$B$111,'SỔ CÔNG NỢ'!$A$5:$A$111,$A17,'SỔ CÔNG NỢ'!$B$5:$B$111,"<"&$B17)))) -> 22792080 | M17: =IF(OR($A17="",$B17=""),"",L17+G17-J17-K17) -> 29985920 | N17: 29985920 | O17: =IF(OR($A17="",$B17="",N17=""),"",N17-M17) -> 0
A18: Chị Thu (Rừng Thông) | B18: 46174 | C18: 0 | D18: 42855050 | E18: 25713030 | F18: 60% | G18: =IF(OR($A18="",$B18=""),"",D18-E18) -> 17142020 | H18: 0 | I18: 0 | J18: =IF(OR($A18="",$B18=""),"",H18-I18) -> 0 | K18: =IF(OR($A18="",$B18=""),"",SUMIFS('THANH TOÁN'!$D$5:$D$305,'THANH TOÁN'!$A$5:$A$305,$A18,'THANH TOÁN'!$B$5:$B$305,$B18,'THANH TOÁN'!$E$5:$E$305,"Có")) -> 0 | L18: =IF(OR($A18="",$B18=""),"",IF(_xlfn.MAXIFS('SỔ CÔNG NỢ'!$B$5:$B$111,'SỔ CÔNG NỢ'!$A$5:$A$111,$A18,'SỔ CÔNG NỢ'!$B$5:$B$111,"<"&$B18)=0,C18,SUMIFS('SỔ CÔNG NỢ'!$M$5:$M$111,'SỔ CÔNG NỢ'!$A$5:$A$111,$A18,'SỔ CÔNG NỢ'!$B$5:$B$111,_xlfn.MAXIFS('SỔ CÔNG NỢ'!$B$5:$B$111,'SỔ CÔNG NỢ'!$A$5:$A$111,$A18,'SỔ CÔNG NỢ'!$B$5:$B$111,"<"&$B18)))) -> 0 | M18: =IF(OR($A18="",$B18=""),"",L18+G18-J18-K18) -> 17142020 | N18: 17142020 | O18: =IF(OR($A18="",$B18="",N18=""),"",N18-M18) -> 0
A19: Cô Khoa (Nông Cống) | B19: 46174 | C19: 0 | D19: 0 | E19: 0 | F19: 62% | G19: =IF(OR($A19="",$B19=""),"",D19-E19) -> 0 | H19: 5364000 | I19: 3325680 | J19: =IF(OR($A19="",$B19=""),"",H19-I19) -> 2038320 | K19: =IF(OR($A19="",$B19=""),"",SUMIFS('THANH TOÁN'!$D$5:$D$305,'THANH TOÁN'!$A$5:$A$305,$A19,'THANH TOÁN'!$B$5:$B$305,$B19,'THANH TOÁN'!$E$5:$E$305,"Có")) -> -1450000 | L19: =IF(OR($A19="",$B19=""),"",IF(_xlfn.MAXIFS('SỔ CÔNG NỢ'!$B$5:$B$111,'SỔ CÔNG NỢ'!$A$5:$A$111,$A19,'SỔ CÔNG NỢ'!$B$5:$B$111,"<"&$B19)=0,C19,SUMIFS('SỔ CÔNG NỢ'!$M$5:$M$111,'SỔ CÔNG NỢ'!$A$5:$A$111,$A19,'SỔ CÔNG NỢ'!$B$5:$B$111,_xlfn.MAXIFS('SỔ CÔNG NỢ'!$B$5:$B$111,'SỔ CÔNG NỢ'!$A$5:$A$111,$A19,'SỔ CÔNG NỢ'!$B$5:$B$111,"<"&$B19)))) -> 0 | M19: =IF(OR($A19="",$B19=""),"",L19+G19-J19-K19) -> -588320 | N19: -588320 | O19: =IF(OR($A19="",$B19="",N19=""),"",N19-M19) -> 0 | P19: Toàn bộ hàng trên biên bản là hàng khách trả lại (17/06). Ngày 30/07 công ty trả lại khách 1.450.000 (tính là thanh toán âm).
A20: Công Thành | B20: 46174 | C20: 0 | D20: 63170000 | E20: 41060500 | F20: 65% | G20: =IF(OR($A20="",$B20=""),"",D20-E20) -> 22109500 | H20: 0 | I20: 0 | J20: =IF(OR($A20="",$B20=""),"",H20-I20) -> 0 | K20: =IF(OR($A20="",$B20=""),"",SUMIFS('THANH TOÁN'!$D$5:$D$305,'THANH TOÁN'!$A$5:$A$305,$A20,'THANH TOÁN'!$B$5:$B$305,$B20,'THANH TOÁN'!$E$5:$E$305,"Có")) -> 0 | L20: =IF(OR($A20="",$B20=""),"",IF(_xlfn.MAXIFS('SỔ CÔNG NỢ'!$B$5:$B$111,'SỔ CÔNG NỢ'!$A$5:$A$111,$A20,'SỔ CÔNG NỢ'!$B$5:$B$111,"<"&$B20)=0,C20,SUMIFS('SỔ CÔNG NỢ'!$M$5:$M$111,'SỔ CÔNG NỢ'!$A$5:$A$111,$A20,'SỔ CÔNG NỢ'!$B$5:$B$111,_xlfn.MAXIFS('SỔ CÔNG NỢ'!$B$5:$B$111,'SỔ CÔNG NỢ'!$A$5:$A$111,$A20,'SỔ CÔNG NỢ'!$B$5:$B$111,"<"&$B20)))) -> 0 | M20: =IF(OR($A20="",$B20=""),"",L20+G20-J20-K20) -> 22109500 | N20: 22109500 | O20: =IF(OR($A20="",$B20="",N20=""),"",N20-M20) -> 0
A21: Công Thành | B21: 46204 | C21: 22109500 | D21: 14854000 | E21: 9655100 | F21: 65% | G21: =IF(OR($A21="",$B21=""),"",D21-E21) -> 5198900 | H21: 0 | I21: 0 | J21: =IF(OR($A21="",$B21=""),"",H21-I21) -> 0 | K21: =IF(OR($A21="",$B21=""),"",SUMIFS('THANH TOÁN'!$D$5:$D$305,'THANH TOÁN'!$A$5:$A$305,$A21,'THANH TOÁN'!$B$5:$B$305,$B21,'THANH TOÁN'!$E$5:$E$305,"Có")) -> 28600000 | L21: =IF(OR($A21="",$B21=""),"",IF(_xlfn.MAXIFS('SỔ CÔNG NỢ'!$B$5:$B$111,'SỔ CÔNG NỢ'!$A$5:$A$111,$A21,'SỔ CÔNG NỢ'!$B$5:$B$111,"<"&$B21)=0,C21,SUMIFS('SỔ CÔNG NỢ'!$M$5:$M$111,'SỔ CÔNG NỢ'!$A$5:$A$111,$A21,'SỔ CÔNG NỢ'!$B$5:$B$111,_xlfn.MAXIFS('SỔ CÔNG NỢ'!$B$5:$B$111,'SỔ CÔNG NỢ'!$A$5:$A$111,$A21,'SỔ CÔNG NỢ'!$B$5:$B$111,"<"&$B21)))) -> 22109500 | M21: =IF(OR($A21="",$B21=""),"",L21+G21-J21-K21) -> -1291600 | N21: -1291600 | O21: =IF(OR($A21="",$B21="",N21=""),"",N21-M21) -> 0
A22: Công Thành | B22: 46266 | C22: -1291600 | D22: 1262000 | E22: 820300 | F22: 65% | G22: =IF(OR($A22="",$B22=""),"",D22-E22) -> 441700 | H22: 0 | I22: 0 | J22: =IF(OR($A22="",$B22=""),"",H22-I22) -> 0 | K22: =IF(OR($A22="",$B22=""),"",SUMIFS('THANH TOÁN'!$D$5:$D$305,'THANH TOÁN'!$A$5:$A$305,$A22,'THANH TOÁN'!$B$5:$B$305,$B22,'THANH TOÁN'!$E$5:$E$305,"Có")) -> 0 | L22: =IF(OR($A22="",$B22=""),"",IF(_xlfn.MAXIFS('SỔ CÔNG NỢ'!$B$5:$B$111,'SỔ CÔNG NỢ'!$A$5:$A$111,$A22,'SỔ CÔNG NỢ'!$B$5:$B$111,"<"&$B22)=0,C22,SUMIFS('SỔ CÔNG NỢ'!$M$5:$M$111,'SỔ CÔNG NỢ'!$A$5:$A$111,$A22,'SỔ CÔNG NỢ'!$B$5:$B$111,_xlfn.MAXIFS('SỔ CÔNG NỢ'!$B$5:$B$111,'SỔ CÔNG NỢ'!$A$5:$A$111,$A22,'SỔ CÔNG NỢ'!$B$5:$B$111,"<"&$B22)))) -> -1291600 | M22: =IF(OR($A22="",$B22=""),"",L22+G22-J22-K22) -> -849900 | N22: -849900 | O22: =IF(OR($A22="",$B22="",N22=""),"",N22-M22) -> 0 | P22: Biên bản ghi tiêu đề "Tháng 8" nhưng hàng xuất ngày 10/09 → xếp vào tháng 9.
A23: Cường Hà | B23: 46174 | C23: -93701990 | D23: 111175850 | E23: 66705510 | F23: 60% | G23: =IF(OR($A23="",$B23=""),"",D23-E23) -> 44470340 | H23: 0 | I23: 0 | J23: =IF(OR($A23="",$B23=""),"",H23-I23) -> 0 | K23: =IF(OR($A23="",$B23=""),"",SUMIFS('THANH TOÁN'!$D$5:$D$305,'THANH TOÁN'!$A$5:$A$305,$A23,'THANH TOÁN'!$B$5:$B$305,$B23,'THANH TOÁN'!$E$5:$E$305,"Có")) -> 0 | L23: =IF(OR($A23="",$B23=""),"",IF(_xlfn.MAXIFS('SỔ CÔNG NỢ'!$B$5:$B$111,'SỔ CÔNG NỢ'!$A$5:$A$111,$A23,'SỔ CÔNG NỢ'!$B$5:$B$111,"<"&$B23)=0,C23,SUMIFS('SỔ CÔNG NỢ'!$M$5:$M$111,'SỔ CÔNG NỢ'!$A$5:$A$111,$A23,'SỔ CÔNG NỢ'!$B$5:$B$111,_xlfn.MAXIFS('SỔ CÔNG NỢ'!$B$5:$B$111,'SỔ CÔNG NỢ'!$A$5:$A$111,$A23,'SỔ CÔNG NỢ'!$B$5:$B$111,"<"&$B23)))) -> -93701990 | M23: =IF(OR($A23="",$B23=""),"",L23+G23-J23-K23) -> -49231650 | N23: -49231650 | O23: =IF(OR($A23="",$B23="",N23=""),"",N23-M23) -> 0
A24: Cường Hà | B24: 46204 | C24: -49231650 | D24: 19982000 | E24: 11989200 | F24: 60% | G24: =IF(OR($A24="",$B24=""),"",D24-E24) -> 7992800 | H24: 0 | I24: 0 | J24: =IF(OR($A24="",$B24=""),"",H24-I24) -> 0 | K24: =IF(OR($A24="",$B24=""),"",SUMIFS('THANH TOÁN'!$D$5:$D$305,'THANH TOÁN'!$A$5:$A$305,$A24,'THANH TOÁN'!$B$5:$B$305,$B24,'THANH TOÁN'!$E$5:$E$305,"Có")) -> 0 | L24: =IF(OR($A24="",$B24=""),"",IF(_xlfn.MAXIFS('SỔ CÔNG NỢ'!$B$5:$B$111,'SỔ CÔNG NỢ'!$A$5:$A$111,$A24,'SỔ CÔNG NỢ'!$B$5:$B$111,"<"&$B24)=0,C24,SUMIFS('SỔ CÔNG NỢ'!$M$5:$M$111,'SỔ CÔNG NỢ'!$A$5:$A$111,$A24,'SỔ CÔNG NỢ'!$B$5:$B$111,_xlfn.MAXIFS('SỔ CÔNG NỢ'!$B$5:$B$111,'SỔ CÔNG NỢ'!$A$5:$A$111,$A24,'SỔ CÔNG NỢ'!$B$5:$B$111,"<"&$B24)))) -> -49231650 | M24: =IF(OR($A24="",$B24=""),"",L24+G24-J24-K24) -> -41238850 | N24: -41238850 | O24: =IF(OR($A24="",$B24="",N24=""),"",N24-M24) -> 0
A25: Cường Hà | B25: 46235 | C25: -41238850 | D25: 189315350 | E25: 113589210 | F25: 60% | G25: =IF(OR($A25="",$B25=""),"",D25-E25) -> 75726140 | H25: 0 | I25: 0 | J25: =IF(OR($A25="",$B25=""),"",H25-I25) -> 0 | K25: =IF(OR($A25="",$B25=""),"",SUMIFS('THANH TOÁN'!$D$5:$D$305,'THANH TOÁN'!$A$5:$A$305,$A25,'THANH TOÁN'!$B$5:$B$305,$B25,'THANH TOÁN'!$E$5:$E$305,"Có")) -> 30000000 | L25: =IF(OR($A25="",$B25=""),"",IF(_xlfn.MAXIFS('SỔ CÔNG NỢ'!$B$5:$B$111,'SỔ CÔNG NỢ'!$A$5:$A$111,$A25,'SỔ CÔNG NỢ'!$B$5:$B$111,"<"&$B25)=0,C25,SUMIFS('SỔ CÔNG NỢ'!$M$5:$M$111,'SỔ CÔNG NỢ'!$A$5:$A$111,$A25,'SỔ CÔNG NỢ'!$B$5:$B$111,_xlfn.MAXIFS('SỔ CÔNG NỢ'!$B$5:$B$111,'SỔ CÔNG NỢ'!$A$5:$A$111,$A25,'SỔ CÔNG NỢ'!$B$5:$B$111,"<"&$B25)))) -> -41238850 | M25: =IF(OR($A25="",$B25=""),"",L25+G25-J25-K25) -> 4487290 | N25: 4487290 | O25: =IF(OR($A25="",$B25="",N25=""),"",N25-M25) -> 0
A26: Cường Hà | B26: 46266 | C26: 4487290 | D26: 37868000 | E26: 21206080 | F26: 60% | G26: =IF(OR($A26="",$B26=""),"",D26-E26) -> 16661920 | H26: 0 | I26: 0 | J26: =IF(OR($A26="",$B26=""),"",H26-I26) -> 0 | K26: =IF(OR($A26="",$B26=""),"",SUMIFS('THANH TOÁN'!$D$5:$D$305,'THANH TOÁN'!$A$5:$A$305,$A26,'THANH TOÁN'!$B$5:$B$305,$B26,'THANH TOÁN'!$E$5:$E$305,"Có")) -> 0 | L26: =IF(OR($A26="",$B26=""),"",IF(_xlfn.MAXIFS('SỔ CÔNG NỢ'!$B$5:$B$111,'SỔ CÔNG NỢ'!$A$5:$A$111,$A26,'SỔ CÔNG NỢ'!$B$5:$B$111,"<"&$B26)=0,C26,SUMIFS('SỔ CÔNG NỢ'!$M$5:$M$111,'SỔ CÔNG NỢ'!$A$5:$A$111,$A26,'SỔ CÔNG NỢ'!$B$5:$B$111,_xlfn.MAXIFS('SỔ CÔNG NỢ'!$B$5:$B$111,'SỔ CÔNG NỢ'!$A$5:$A$111,$A26,'SỔ CÔNG NỢ'!$B$5:$B$111,"<"&$B26)))) -> 4487290 | M26: =IF(OR($A26="",$B26=""),"",L26+G26-J26-K26) -> 21149210 | N26: 21149210 | O26: =IF(OR($A26="",$B26="",N26=""),"",N26-M26) -> 0
A27: Hiền Xuân | B27: 46204 | C27: 63600 | D27: 83852350 | E27: 51988457 | F27: 62% | G27: =IF(OR($A27="",$B27=""),"",D27-E27) -> 31863893 | H27: 4597000 | I27: 2850140 | J27: =IF(OR($A27="",$B27=""),"",H27-I27) -> 1746860 | K27: =IF(OR($A27="",$B27=""),"",SUMIFS('THANH TOÁN'!$D$5:$D$305,'THANH TOÁN'!$A$5:$A$305,$A27,'THANH TOÁN'!$B$5:$B$305,$B27,'THANH TOÁN'!$E$5:$E$305,"Có")) -> 30060000 | L27: =IF(OR($A27="",$B27=""),"",IF(_xlfn.MAXIFS('SỔ CÔNG NỢ'!$B$5:$B$111,'SỔ CÔNG NỢ'!$A$5:$A$111,$A27,'SỔ CÔNG NỢ'!$B$5:$B$111,"<"&$B27)=0,C27,SUMIFS('SỔ CÔNG NỢ'!$M$5:$M$111,'SỔ CÔNG NỢ'!$A$5:$A$111,$A27,'SỔ CÔNG NỢ'!$B$5:$B$111,_xlfn.MAXIFS('SỔ CÔNG NỢ'!$B$5:$B$111,'SỔ CÔNG NỢ'!$A$5:$A$111,$A27,'SỔ CÔNG NỢ'!$B$5:$B$111,"<"&$B27)))) -> 63600 | M27: =IF(OR($A27="",$B27=""),"",L27+G27-J27-K27) -> 120633 | N27: 120633 | O27: =IF(OR($A27="",$B27="",N27=""),"",N27-M27) -> 0
A28: Hà Liên | B28: 46174 | C28: 890150 | D28: 22971000 | E28: 13782600 | F28: 60% | G28: =IF(OR($A28="",$B28=""),"",D28-E28) -> 9188400 | H28: 0 | I28: 0 | J28: =IF(OR($A28="",$B28=""),"",H28-I28) -> 0 | K28: =IF(OR($A28="",$B28=""),"",SUMIFS('THANH TOÁN'!$D$5:$D$305,'THANH TOÁN'!$A$5:$A$305,$A28,'THANH TOÁN'!$B$5:$B$305,$B28,'THANH TOÁN'!$E$5:$E$305,"Có")) -> 0 | L28: =IF(OR($A28="",$B28=""),"",IF(_xlfn.MAXIFS('SỔ CÔNG NỢ'!$B$5:$B$111,'SỔ CÔNG NỢ'!$A$5:$A$111,$A28,'SỔ CÔNG NỢ'!$B$5:$B$111,"<"&$B28)=0,C28,SUMIFS('SỔ CÔNG NỢ'!$M$5:$M$111,'SỔ CÔNG NỢ'!$A$5:$A$111,$A28,'SỔ CÔNG NỢ'!$B$5:$B$111,_xlfn.MAXIFS('SỔ CÔNG NỢ'!$B$5:$B$111,'SỔ CÔNG NỢ'!$A$5:$A$111,$A28,'SỔ CÔNG NỢ'!$B$5:$B$111,"<"&$B28)))) -> 890150 | M28: =IF(OR($A28="",$B28=""),"",L28+G28-J28-K28) -> 10078550 | N28: 10078550 | O28: =IF(OR($A28="",$B28="",N28=""),"",N28-M28) -> 0
A29: Hà Liên | B29: 46204 | C29: 10078550 | D29: 39225100 | E29: 23535060 | F29: 60% | G29: =IF(OR($A29="",$B29=""),"",D29-E29) -> 15690040 | H29: 0 | I29: 0 | J29: =IF(OR($A29="",$B29=""),"",H29-I29) -> 0 | K29: =IF(OR($A29="",$B29=""),"",SUMIFS('THANH TOÁN'!$D$5:$D$305,'THANH TOÁN'!$A$5:$A$305,$A29,'THANH TOÁN'!$B$5:$B$305,$B29,'THANH TOÁN'!$E$5:$E$305,"Có")) -> 15290000 | L29: =IF(OR($A29="",$B29=""),"",IF(_xlfn.MAXIFS('SỔ CÔNG NỢ'!$B$5:$B$111,'SỔ CÔNG NỢ'!$A$5:$A$111,$A29,'SỔ CÔNG NỢ'!$B$5:$B$111,"<"&$B29)=0,C29,SUMIFS('SỔ CÔNG NỢ'!$M$5:$M$111,'SỔ CÔNG NỢ'!$A$5:$A$111,$A29,'SỔ CÔNG NỢ'!$B$5:$B$111,_xlfn.MAXIFS('SỔ CÔNG NỢ'!$B$5:$B$111,'SỔ CÔNG NỢ'!$A$5:$A$111,$A29,'SỔ CÔNG NỢ'!$B$5:$B$111,"<"&$B29)))) -> 10078550 | M29: =IF(OR($A29="",$B29=""),"",L29+G29-J29-K29) -> 10478590 | N29: 10478590 | O29: =IF(OR($A29="",$B29="",N29=""),"",N29-M29) -> 0
A30: Hà Liên | B30: 46235 | C30: 10478590 | D30: 39165000 | E30: 23499000 | F30: 60% | G30: =IF(OR($A30="",$B30=""),"",D30-E30) -> 15666000 | H30: 0 | I30: 0 | J30: =IF(OR($A30="",$B30=""),"",H30-I30) -> 0 | K30: =IF(OR($A30="",$B30=""),"",SUMIFS('THANH TOÁN'!$D$5:$D$305,'THANH TOÁN'!$A$5:$A$305,$A30,'THANH TOÁN'!$B$5:$B$305,$B30,'THANH TOÁN'!$E$5:$E$305,"Có")) -> 33240000 | L30: =IF(OR($A30="",$B30=""),"",IF(_xlfn.MAXIFS('SỔ CÔNG NỢ'!$B$5:$B$111,'SỔ CÔNG NỢ'!$A$5:$A$111,$A30,'SỔ CÔNG NỢ'!$B$5:$B$111,"<"&$B30)=0,C30,SUMIFS('SỔ CÔNG NỢ'!$M$5:$M$111,'SỔ CÔNG NỢ'!$A$5:$A$111,$A30,'SỔ CÔNG NỢ'!$B$5:$B$111,_xlfn.MAXIFS('SỔ CÔNG NỢ'!$B$5:$B$111,'SỔ CÔNG NỢ'!$A$5:$A$111,$A30,'SỔ CÔNG NỢ'!$B$5:$B$111,"<"&$B30)))) -> 10478590 | M30: =IF(OR($A30="",$B30=""),"",L30+G30-J30-K30) -> -7095410 | N30: -7095410 | O30: =IF(OR($A30="",$B30="",N30=""),"",N30-M30) -> 0
A31: Hà Liên | B31: 46266 | C31: -7095410 | D31: 100434400 | E31: 60260640 | F31: 60% | G31: =IF(OR($A31="",$B31=""),"",D31-E31) -> 40173760 | H31: 0 | I31: 0 | J31: =IF(OR($A31="",$B31=""),"",H31-I31) -> 0 | K31: =IF(OR($A31="",$B31=""),"",SUMIFS('THANH TOÁN'!$D$5:$D$305,'THANH TOÁN'!$A$5:$A$305,$A31,'THANH TOÁN'!$B$5:$B$305,$B31,'THANH TOÁN'!$E$5:$E$305,"Có")) -> 0 | L31: =IF(OR($A31="",$B31=""),"",IF(_xlfn.MAXIFS('SỔ CÔNG NỢ'!$B$5:$B$111,'SỔ CÔNG NỢ'!$A$5:$A$111,$A31,'SỔ CÔNG NỢ'!$B$5:$B$111,"<"&$B31)=0,C31,SUMIFS('SỔ CÔNG NỢ'!$M$5:$M$111,'SỔ CÔNG NỢ'!$A$5:$A$111,$A31,'SỔ CÔNG NỢ'!$B$5:$B$111,_xlfn.MAXIFS('SỔ CÔNG NỢ'!$B$5:$B$111,'SỔ CÔNG NỢ'!$A$5:$A$111,$A31,'SỔ CÔNG NỢ'!$B$5:$B$111,"<"&$B31)))) -> -7095410 | M31: =IF(OR($A31="",$B31=""),"",L31+G31-J31-K31) -> 33078350 | N31: 33078350 | O31: =IF(OR($A31="",$B31="",N31=""),"",N31-M31) -> 0
A32: Hòa Hiệp | B32: 46174 | C32: 0 | D32: 3750000 | E32: 2362500 | F32: 63% | G32: =IF(OR($A32="",$B32=""),"",D32-E32) -> 1387500 | H32: 0 | I32: 0 | J32: =IF(OR($A32="",$B32=""),"",H32-I32) -> 0 | K32: =IF(OR($A32="",$B32=""),"",SUMIFS('THANH TOÁN'!$D$5:$D$305,'THANH TOÁN'!$A$5:$A$305,$A32,'THANH TOÁN'!$B$5:$B$305,$B32,'THANH TOÁN'!$E$5:$E$305,"Có")) -> 1500000 | L32: =IF(OR($A32="",$B32=""),"",IF(_xlfn.MAXIFS('SỔ CÔNG NỢ'!$B$5:$B$111,'SỔ CÔNG NỢ'!$A$5:$A$111,$A32,'SỔ CÔNG NỢ'!$B$5:$B$111,"<"&$B32)=0,C32,SUMIFS('SỔ CÔNG NỢ'!$M$5:$M$111,'SỔ CÔNG NỢ'!$A$5:$A$111,$A32,'SỔ CÔNG NỢ'!$B$5:$B$111,_xlfn.MAXIFS('SỔ CÔNG NỢ'!$B$5:$B$111,'SỔ CÔNG NỢ'!$A$5:$A$111,$A32,'SỔ CÔNG NỢ'!$B$5:$B$111,"<"&$B32)))) -> 0 | M32: =IF(OR($A32="",$B32=""),"",L32+G32-J32-K32) -> -112500 | N32: -112500 | O32: =IF(OR($A32="",$B32="",N32=""),"",N32-M32) -> 0
A33: Nghị Hậu | B33: 46174 | C33: 33678000 | D33: 75055500 | E33: 47284965 | F33: 63% | G33: =IF(OR($A33="",$B33=""),"",D33-E33) -> 27770535 | H33: 0 | I33: 0 | J33: =IF(OR($A33="",$B33=""),"",H33-I33) -> 0 | K33: =IF(OR($A33="",$B33=""),"",SUMIFS('THANH TOÁN'!$D$5:$D$305,'THANH TOÁN'!$A$5:$A$305,$A33,'THANH TOÁN'!$B$5:$B$305,$B33,'THANH TOÁN'!$E$5:$E$305,"Có")) -> 28000000 | L33: =IF(OR($A33="",$B33=""),"",IF(_xlfn.MAXIFS('SỔ CÔNG NỢ'!$B$5:$B$111,'SỔ CÔNG NỢ'!$A$5:$A$111,$A33,'SỔ CÔNG NỢ'!$B$5:$B$111,"<"&$B33)=0,C33,SUMIFS('SỔ CÔNG NỢ'!$M$5:$M$111,'SỔ CÔNG NỢ'!$A$5:$A$111,$A33,'SỔ CÔNG NỢ'!$B$5:$B$111,_xlfn.MAXIFS('SỔ CÔNG NỢ'!$B$5:$B$111,'SỔ CÔNG NỢ'!$A$5:$A$111,$A33,'SỔ CÔNG NỢ'!$B$5:$B$111,"<"&$B33)))) -> 33678000 | M33: =IF(OR($A33="",$B33=""),"",L33+G33-J33-K33) -> 33448535 | N33: 33448535 | O33: =IF(OR($A33="",$B33="",N33=""),"",N33-M33) -> 0
A34: Quân Sen | B34: 46174 | C34: 11687706 | D34: 49288900 | E34: 31052007 | F34: 63% | G34: =IF(OR($A34="",$B34=""),"",D34-E34) -> 18236893 | H34: 0 | I34: 0 | J34: =IF(OR($A34="",$B34=""),"",H34-I34) -> 0 | K34: =IF(OR($A34="",$B34=""),"",SUMIFS('THANH TOÁN'!$D$5:$D$305,'THANH TOÁN'!$A$5:$A$305,$A34,'THANH TOÁN'!$B$5:$B$305,$B34,'THANH TOÁN'!$E$5:$E$305,"Có")) -> 17100000 | L34: =IF(OR($A34="",$B34=""),"",IF(_xlfn.MAXIFS('SỔ CÔNG NỢ'!$B$5:$B$111,'SỔ CÔNG NỢ'!$A$5:$A$111,$A34,'SỔ CÔNG NỢ'!$B$5:$B$111,"<"&$B34)=0,C34,SUMIFS('SỔ CÔNG NỢ'!$M$5:$M$111,'SỔ CÔNG NỢ'!$A$5:$A$111,$A34,'SỔ CÔNG NỢ'!$B$5:$B$111,_xlfn.MAXIFS('SỔ CÔNG NỢ'!$B$5:$B$111,'SỔ CÔNG NỢ'!$A$5:$A$111,$A34,'SỔ CÔNG NỢ'!$B$5:$B$111,"<"&$B34)))) -> 11687706 | M34: =IF(OR($A34="",$B34=""),"",L34+G34-J34-K34) -> 12824599 | N34: 12824599 | O34: =IF(OR($A34="",$B34="",N34=""),"",N34-M34) -> 0
A35: Quân Sen | B35: 46204 | C35: 12824599 | D35: 52520000 | E35: 33087600 | F35: 63% | G35: =IF(OR($A35="",$B35=""),"",D35-E35) -> 19432400 | H35: 0 | I35: 0 | J35: =IF(OR($A35="",$B35=""),"",H35-I35) -> 0 | K35: =IF(OR($A35="",$B35=""),"",SUMIFS('THANH TOÁN'!$D$5:$D$305,'THANH TOÁN'!$A$5:$A$305,$A35,'THANH TOÁN'!$B$5:$B$305,$B35,'THANH TOÁN'!$E$5:$E$305,"Có")) -> 0 | L35: =IF(OR($A35="",$B35=""),"",IF(_xlfn.MAXIFS('SỔ CÔNG NỢ'!$B$5:$B$111,'SỔ CÔNG NỢ'!$A$5:$A$111,$A35,'SỔ CÔNG NỢ'!$B$5:$B$111,"<"&$B35)=0,C35,SUMIFS('SỔ CÔNG NỢ'!$M$5:$M$111,'SỔ CÔNG NỢ'!$A$5:$A$111,$A35,'SỔ CÔNG NỢ'!$B$5:$B$111,_xlfn.MAXIFS('SỔ CÔNG NỢ'!$B$5:$B$111,'SỔ CÔNG NỢ'!$A$5:$A$111,$A35,'SỔ CÔNG NỢ'!$B$5:$B$111,"<"&$B35)))) -> 12824599 | M35: =IF(OR($A35="",$B35=""),"",L35+G35-J35-K35) -> 32256999 | N35: 15156999 | O35: =IF(OR($A35="",$B35="",N35=""),"",N35-M35) -> -17100000 | P35: Khoản thanh toán 17.100.000 ghi "ngày 23/06" đã được trừ ở biên bản tháng 6 – nghi bị tính lặp lại. Tính lại: không trừ lần 2 (cần chị xác nhận).
A36: Quân Sen | B36: 46235 | C36: 15156999 | D36: 18148550 | E36: 11433586 | F36: 63% | G36: =IF(OR($A36="",$B36=""),"",D36-E36) -> 6714963.5 | H36: 0 | I36: 0 | J36: =IF(OR($A36="",$B36=""),"",H36-I36) -> 0 | K36: =IF(OR($A36="",$B36=""),"",SUMIFS('THANH TOÁN'!$D$5:$D$305,'THANH TOÁN'!$A$5:$A$305,$A36,'THANH TOÁN'!$B$5:$B$305,$B36,'THANH TOÁN'!$E$5:$E$305,"Có")) -> 19000000 | L36: =IF(OR($A36="",$B36=""),"",IF(_xlfn.MAXIFS('SỔ CÔNG NỢ'!$B$5:$B$111,'SỔ CÔNG NỢ'!$A$5:$A$111,$A36,'SỔ CÔNG NỢ'!$B$5:$B$111,"<"&$B36)=0,C36,SUMIFS('SỔ CÔNG NỢ'!$M$5:$M$111,'SỔ CÔNG NỢ'!$A$5:$A$111,$A36,'SỔ CÔNG NỢ'!$B$5:$B$111,_xlfn.MAXIFS('SỔ CÔNG NỢ'!$B$5:$B$111,'SỔ CÔNG NỢ'!$A$5:$A$111,$A36,'SỔ CÔNG NỢ'!$B$5:$B$111,"<"&$B36)))) -> 32256999 | M36: =IF(OR($A36="",$B36=""),"",L36+G36-J36-K36) -> 19971962 | N36: 2871962.5 | O36: =IF(OR($A36="",$B36="",N36=""),"",N36-M36) -> -17100000 | P36: Hệ quả của tháng 7: nợ đầu kỳ tính lại (32.256.999) khác nợ đầu kỳ ghi trên biên bản (15.156.999).
A37: Quân Sen | B37: 46266 | C37: 15156999 | D37: 3190700 | E37: 2010141 | F37: 63% | G37: =IF(OR($A37="",$B37=""),"",D37-E37) -> 1180559 | H37: 0 | I37: 0 | J37: =IF(OR($A37="",$B37=""),"",H37-I37) -> 0 | K37: =IF(OR($A37="",$B37=""),"",SUMIFS('THANH TOÁN'!$D$5:$D$305,'THANH TOÁN'!$A$5:$A$305,$A37,'THANH TOÁN'!$B$5:$B$305,$B37,'THANH TOÁN'!$E$5:$E$305,"Có")) -> 0 | L37: =IF(OR($A37="",$B37=""),"",IF(_xlfn.MAXIFS('SỔ CÔNG NỢ'!$B$5:$B$111,'SỔ CÔNG NỢ'!$A$5:$A$111,$A37,'SỔ CÔNG NỢ'!$B$5:$B$111,"<"&$B37)=0,C37,SUMIFS('SỔ CÔNG NỢ'!$M$5:$M$111,'SỔ CÔNG NỢ'!$A$5:$A$111,$A37,'SỔ CÔNG NỢ'!$B$5:$B$111,_xlfn.MAXIFS('SỔ CÔNG NỢ'!$B$5:$B$111,'SỔ CÔNG NỢ'!$A$5:$A$111,$A37,'SỔ CÔNG NỢ'!$B$5:$B$111,"<"&$B37)))) -> 19971962 | M37: =IF(OR($A37="",$B37=""),"",L37+G37-J37-K37) -> 21152522 | N37: -2662442 | O37: =IF(OR($A37="",$B37="",N37=""),"",N37-M37) -> -23814964 | P37: Biên bản lấy nợ đầu kỳ 15.156.999 (số cuối tháng 7, bỏ qua tháng 8) và trừ lại khoản 19.000.000 ngày 18/08 đã trừ ở tháng 8. Tính lại: lấy đầu kỳ = cuối tháng 8, không trừ lần 2 (cần chị xác nhận).
A38: Thông Lan (Thiệu Vân) | B38: 46204 | C38: 58826405 | D38: 6160000 | E38: 4004000 | F38: 65% | G38: =IF(OR($A38="",$B38=""),"",D38-E38) -> 2156000 | H38: 0 | I38: 0 | J38: =IF(OR($A38="",$B38=""),"",H38-I38) -> 0 | K38: =IF(OR($A38="",$B38=""),"",SUMIFS('THANH TOÁN'!$D$5:$D$305,'THANH TOÁN'!$A$5:$A$305,$A38,'THANH TOÁN'!$B$5:$B$305,$B38,'THANH TOÁN'!$E$5:$E$305,"Có")) -> 0 | L38: =IF(OR($A38="",$B38=""),"",IF(_xlfn.MAXIFS('SỔ CÔNG NỢ'!$B$5:$B$111,'SỔ CÔNG NỢ'!$A$5:$A$111,$A38,'SỔ CÔNG NỢ'!$B$5:$B$111,"<"&$B38)=0,C38,SUMIFS('SỔ CÔNG NỢ'!$M$5:$M$111,'SỔ CÔNG NỢ'!$A$5:$A$111,$A38,'SỔ CÔNG NỢ'!$B$5:$B$111,_xlfn.MAXIFS('SỔ CÔNG NỢ'!$B$5:$B$111,'SỔ CÔNG NỢ'!$A$5:$A$111,$A38,'SỔ CÔNG NỢ'!$B$5:$B$111,"<"&$B38)))) -> 58826405 | M38: =IF(OR($A38="",$B38=""),"",L38+G38-J38-K38) -> 60982405 | N38: 60982405 | O38: =IF(OR($A38="",$B38="",N38=""),"",N38-M38) -> 0
A39: Thông Lan (Thiệu Vân) | B39: 46266 | C39: 60982405 | D39: 1339000 | E39: 870350 | F39: 65% | G39: =IF(OR($A39="",$B39=""),"",D39-E39) -> 468650 | H39: 0 | I39: 0 | J39: =IF(OR($A39="",$B39=""),"",H39-I39) -> 0 | K39: =IF(OR($A39="",$B39=""),"",SUMIFS('THANH TOÁN'!$D$5:$D$305,'THANH TOÁN'!$A$5:$A$305,$A39,'THANH TOÁN'!$B$5:$B$305,$B39,'THANH TOÁN'!$E$5:$E$305,"Có")) -> 0 | L39: =IF(OR($A39="",$B39=""),"",IF(_xlfn.MAXIFS('SỔ CÔNG NỢ'!$B$5:$B$111,'SỔ CÔNG NỢ'!$A$5:$A$111,$A39,'SỔ CÔNG NỢ'!$B$5:$B$111,"<"&$B39)=0,C39,SUMIFS('SỔ CÔNG NỢ'!$M$5:$M$111,'SỔ CÔNG NỢ'!$A$5:$A$111,$A39,'SỔ CÔNG NỢ'!$B$5:$B$111,_xlfn.MAXIFS('SỔ CÔNG NỢ'!$B$5:$B$111,'SỔ CÔNG NỢ'!$A$5:$A$111,$A39,'SỔ CÔNG NỢ'!$B$5:$B$111,"<"&$B39)))) -> 60982405 | M39: =IF(OR($A39="",$B39=""),"",L39+G39-J39-K39) -> 61451055 | N39: 61451055 | O39: =IF(OR($A39="",$B39="",N39=""),"",N39-M39) -> 0
A40: Toàn Lanh | B40: 46174 | C40: 0 | D40: 60579150 | E40: 37559073 | F40: 62% | G40: =IF(OR($A40="",$B40=""),"",D40-E40) -> 23020077 | H40: 0 | I40: 0 | J40: =IF(OR($A40="",$B40=""),"",H40-I40) -> 0 | K40: =IF(OR($A40="",$B40=""),"",SUMIFS('THANH TOÁN'!$D$5:$D$305,'THANH TOÁN'!$A$5:$A$305,$A40,'THANH TOÁN'!$B$5:$B$305,$B40,'THANH TOÁN'!$E$5:$E$305,"Có")) -> 9500000 | L40: =IF(OR($A40="",$B40=""),"",IF(_xlfn.MAXIFS('SỔ CÔNG NỢ'!$B$5:$B$111,'SỔ CÔNG NỢ'!$A$5:$A$111,$A40,'SỔ CÔNG NỢ'!$B$5:$B$111,"<"&$B40)=0,C40,SUMIFS('SỔ CÔNG NỢ'!$M$5:$M$111,'SỔ CÔNG NỢ'!$A$5:$A$111,$A40,'SỔ CÔNG NỢ'!$B$5:$B$111,_xlfn.MAXIFS('SỔ CÔNG NỢ'!$B$5:$B$111,'SỔ CÔNG NỢ'!$A$5:$A$111,$A40,'SỔ CÔNG NỢ'!$B$5:$B$111,"<"&$B40)))) -> 0 | M40: =IF(OR($A40="",$B40=""),"",L40+G40-J40-K40) -> 13520077 | N40: 13520077 | O40: =IF(OR($A40="",$B40="",N40=""),"",N40-M40) -> 0
A41: Toàn Lanh | B41: 46204 | C41: 13520077 | D41: 144404600 | E41: 89530852 | F41: 62% | G41: =IF(OR($A41="",$B41=""),"",D41-E41) -> 54873748 | H41: 15660000 | I41: 9709200 | J41: =IF(OR($A41="",$B41=""),"",H41-I41) -> 5950800 | K41: =IF(OR($A41="",$B41=""),"",SUMIFS('THANH TOÁN'!$D$5:$D$305,'THANH TOÁN'!$A$5:$A$305,$A41,'THANH TOÁN'!$B$5:$B$305,$B41,'THANH TOÁN'!$E$5:$E$305,"Có")) -> 44300000 | L41: =IF(OR($A41="",$B41=""),"",IF(_xlfn.MAXIFS('SỔ CÔNG NỢ'!$B$5:$B$111,'SỔ CÔNG NỢ'!$A$5:$A$111,$A41,'SỔ CÔNG NỢ'!$B$5:$B$111,"<"&$B41)=0,C41,SUMIFS('SỔ CÔNG NỢ'!$M$5:$M$111,'SỔ CÔNG NỢ'!$A$5:$A$111,$A41,'SỔ CÔNG NỢ'!$B$5:$B$111,_xlfn.MAXIFS('SỔ CÔNG NỢ'!$B$5:$B$111,'SỔ CÔNG NỢ'!$A$5:$A$111,$A41,'SỔ CÔNG NỢ'!$B$5:$B$111,"<"&$B41)))) -> 13520077 | M41: =IF(OR($A41="",$B41=""),"",L41+G41-J41-K41) -> 18143025 | N41: 18143025 | O41: =IF(OR($A41="",$B41="",N41=""),"",N41-M41) -> 0
A42: Trần Văn Chung (Thiệu Tân) | B42: 46174 | C42: -35000000 | D42: 126015700 | E42: 79389891 | F42: 63% | G42: =IF(OR($A42="",$B42=""),"",D42-E42) -> 46625809 | H42: 4382000 | I42: 2760660 | J42: =IF(OR($A42="",$B42=""),"",H42-I42) -> 1621340 | K42: =IF(OR($A42="",$B42=""),"",SUMIFS('THANH TOÁN'!$D$5:$D$305,'THANH TOÁN'!$A$5:$A$305,$A42,'THANH TOÁN'!$B$5:$B$305,$B42,'THANH TOÁN'!$E$5:$E$305,"Có")) -> 0 | L42: =IF(OR($A42="",$B42=""),"",IF(_xlfn.MAXIFS('SỔ CÔNG NỢ'!$B$5:$B$111,'SỔ CÔNG NỢ'!$A$5:$A$111,$A42,'SỔ CÔNG NỢ'!$B$5:$B$111,"<"&$B42)=0,C42,SUMIFS('SỔ CÔNG NỢ'!$M$5:$M$111,'SỔ CÔNG NỢ'!$A$5:$A$111,$A42,'SỔ CÔNG NỢ'!$B$5:$B$111,_xlfn.MAXIFS('SỔ CÔNG NỢ'!$B$5:$B$111,'SỔ CÔNG NỢ'!$A$5:$A$111,$A42,'SỔ CÔNG NỢ'!$B$5:$B$111,"<"&$B42)))) -> -35000000 | M42: =IF(OR($A42="",$B42=""),"",L42+G42-J42-K42) -> 10004469 | N42: 10004469 | O42: =IF(OR($A42="",$B42="",N42=""),"",N42-M42) -> 0
A43: Trần Văn Chung (Thiệu Tân) | B43: 46204 | C43: 10004469 | D43: 1703000 | E43: 1072890 | F43: 63% | G43: =IF(OR($A43="",$B43=""),"",D43-E43) -> 630110 | H43: 0 | I43: 0 | J43: =IF(OR($A43="",$B43=""),"",H43-I43) -> 0 | K43: =IF(OR($A43="",$B43=""),"",SUMIFS('THANH TOÁN'!$D$5:$D$305,'THANH TOÁN'!$A$5:$A$305,$A43,'THANH TOÁN'!$B$5:$B$305,$B43,'THANH TOÁN'!$E$5:$E$305,"Có")) -> 0 | L43: =IF(OR($A43="",$B43=""),"",IF(_xlfn.MAXIFS('SỔ CÔNG NỢ'!$B$5:$B$111,'SỔ CÔNG NỢ'!$A$5:$A$111,$A43,'SỔ CÔNG NỢ'!$B$5:$B$111,"<"&$B43)=0,C43,SUMIFS('SỔ CÔNG NỢ'!$M$5:$M$111,'SỔ CÔNG NỢ'!$A$5:$A$111,$A43,'SỔ CÔNG NỢ'!$B$5:$B$111,_xlfn.MAXIFS('SỔ CÔNG NỢ'!$B$5:$B$111,'SỔ CÔNG NỢ'!$A$5:$A$111,$A43,'SỔ CÔNG NỢ'!$B$5:$B$111,"<"&$B43)))) -> 10004469 | M43: =IF(OR($A43="",$B43=""),"",L43+G43-J43-K43) -> 10634579 | N43: 10634579 | O43: =IF(OR($A43="",$B43="",N43=""),"",N43-M43) -> 0
A44: Tuân Thuận | B44: 46174 | C44: -34989388 | D44: 91555600 | E44: 54933360 | F44: 60% | G44: =IF(OR($A44="",$B44=""),"",D44-E44) -> 36622240 | H44: 0 | I44: 0 | J44: =IF(OR($A44="",$B44=""),"",H44-I44) -> 0 | K44: =IF(OR($A44="",$B44=""),"",SUMIFS('THANH TOÁN'!$D$5:$D$305,'THANH TOÁN'!$A$5:$A$305,$A44,'THANH TOÁN'!$B$5:$B$305,$B44,'THANH TOÁN'!$E$5:$E$305,"Có")) -> 0 | L44: =IF(OR($A44="",$B44=""),"",IF(_xlfn.MAXIFS('SỔ CÔNG NỢ'!$B$5:$B$111,'SỔ CÔNG NỢ'!$A$5:$A$111,$A44,'SỔ CÔNG NỢ'!$B$5:$B$111,"<"&$B44)=0,C44,SUMIFS('SỔ CÔNG NỢ'!$M$5:$M$111,'SỔ CÔNG NỢ'!$A$5:$A$111,$A44,'SỔ CÔNG NỢ'!$B$5:$B$111,_xlfn.MAXIFS('SỔ CÔNG NỢ'!$B$5:$B$111,'SỔ CÔNG NỢ'!$A$5:$A$111,$A44,'SỔ CÔNG NỢ'!$B$5:$B$111,"<"&$B44)))) -> -34989388 | M44: =IF(OR($A44="",$B44=""),"",L44+G44-J44-K44) -> 1632852 | N44: 1632852 | O44: =IF(OR($A44="",$B44="",N44=""),"",N44-M44) -> 0
A45: Tuân Thuận | B45: 46204 | C45: 1632852 | D45: 85544350 | E45: 51326610 | F45: 60% | G45: =IF(OR($A45="",$B45=""),"",D45-E45) -> 34217740 | H45: 0 | I45: 0 | J45: =IF(OR($A45="",$B45=""),"",H45-I45) -> 0 | K45: =IF(OR($A45="",$B45=""),"",SUMIFS('THANH TOÁN'!$D$5:$D$305,'THANH TOÁN'!$A$5:$A$305,$A45,'THANH TOÁN'!$B$5:$B$305,$B45,'THANH TOÁN'!$E$5:$E$305,"Có")) -> 50000000 | L45: =IF(OR($A45="",$B45=""),"",IF(_xlfn.MAXIFS('SỔ CÔNG NỢ'!$B$5:$B$111,'SỔ CÔNG NỢ'!$A$5:$A$111,$A45,'SỔ CÔNG NỢ'!$B$5:$B$111,"<"&$B45)=0,C45,SUMIFS('SỔ CÔNG NỢ'!$M$5:$M$111,'SỔ CÔNG NỢ'!$A$5:$A$111,$A45,'SỔ CÔNG NỢ'!$B$5:$B$111,_xlfn.MAXIFS('SỔ CÔNG NỢ'!$B$5:$B$111,'SỔ CÔNG NỢ'!$A$5:$A$111,$A45,'SỔ CÔNG NỢ'!$B$5:$B$111,"<"&$B45)))) -> 1632852 | M45: =IF(OR($A45="",$B45=""),"",L45+G45-J45-K45) -> -14149408 | N45: -14149408 | O45: =IF(OR($A45="",$B45="",N45=""),"",N45-M45) -> 0
A46: Tuân Thuận | B46: 46235 | C46: -14149408 | D46: 138760150 | E46: 83256090 | F46: 60% | G46: =IF(OR($A46="",$B46=""),"",D46-E46) -> 55504060 | H46: 0 | I46: 0 | J46: =IF(OR($A46="",$B46=""),"",H46-I46) -> 0 | K46: =IF(OR($A46="",$B46=""),"",SUMIFS('THANH TOÁN'!$D$5:$D$305,'THANH TOÁN'!$A$5:$A$305,$A46,'THANH TOÁN'!$B$5:$B$305,$B46,'THANH TOÁN'!$E$5:$E$305,"Có")) -> 0 | L46: =IF(OR($A46="",$B46=""),"",IF(_xlfn.MAXIFS('SỔ CÔNG NỢ'!$B$5:$B$111,'SỔ CÔNG NỢ'!$A$5:$A$111,$A46,'SỔ CÔNG NỢ'!$B$5:$B$111,"<"&$B46)=0,C46,SUMIFS('SỔ CÔNG NỢ'!$M$5:$M$111,'SỔ CÔNG NỢ'!$A$5:$A$111,$A46,'SỔ CÔNG NỢ'!$B$5:$B$111,_xlfn.MAXIFS('SỔ CÔNG NỢ'!$B$5:$B$111,'SỔ CÔNG NỢ'!$A$5:$A$111,$A46,'SỔ CÔNG NỢ'!$B$5:$B$111,"<"&$B46)))) -> -14149408 | M46: =IF(OR($A46="",$B46=""),"",L46+G46-J46-K46) -> 41354652 | N46: 41354652 | O46: =IF(OR($A46="",$B46="",N46=""),"",N46-M46) -> 0
A47: Tuân Thuận | B47: 46266 | C47: 41354652 | D47: 163540600 | E47: 98124360 | F47: 60% | G47: =IF(OR($A47="",$B47=""),"",D47-E47) -> 65416240 | H47: 0 | I47: 0 | J47: =IF(OR($A47="",$B47=""),"",H47-I47) -> 0 | K47: =IF(OR($A47="",$B47=""),"",SUMIFS('THANH TOÁN'!$D$5:$D$305,'THANH TOÁN'!$A$5:$A$305,$A47,'THANH TOÁN'!$B$5:$B$305,$B47,'THANH TOÁN'!$E$5:$E$305,"Có")) -> 58935000 | L47: =IF(OR($A47="",$B47=""),"",IF(_xlfn.MAXIFS('SỔ CÔNG NỢ'!$B$5:$B$111,'SỔ CÔNG NỢ'!$A$5:$A$111,$A47,'SỔ CÔNG NỢ'!$B$5:$B$111,"<"&$B47)=0,C47,SUMIFS('SỔ CÔNG NỢ'!$M$5:$M$111,'SỔ CÔNG NỢ'!$A$5:$A$111,$A47,'SỔ CÔNG NỢ'!$B$5:$B$111,_xlfn.MAXIFS('SỔ CÔNG NỢ'!$B$5:$B$111,'SỔ CÔNG NỢ'!$A$5:$A$111,$A47,'SỔ CÔNG NỢ'!$B$5:$B$111,"<"&$B47)))) -> 41354652 | M47: =IF(OR($A47="",$B47=""),"",L47+G47-J47-K47) -> 47835892 | N47: 47835892 | O47: =IF(OR($A47="",$B47="",N47=""),"",N47-M47) -> 0
A48: Tìm Mai (Hoàng Châu) | B48: 46204 | C48: 0 | D48: 35797000 | E48: 21478200 | F48: 60% | G48: =IF(OR($A48="",$B48=""),"",D48-E48) -> 14318800 | H48: 0 | I48: 0 | J48: =IF(OR($A48="",$B48=""),"",H48-I48) -> 0 | K48: =IF(OR($A48="",$B48=""),"",SUMIFS('THANH TOÁN'!$D$5:$D$305,'THANH TOÁN'!$A$5:$A$305,$A48,'THANH TOÁN'!$B$5:$B$305,$B48,'THANH TOÁN'!$E$5:$E$305,"Có")) -> 0 | L48: =IF(OR($A48="",$B48=""),"",IF(_xlfn.MAXIFS('SỔ CÔNG NỢ'!$B$5:$B$111,'SỔ CÔNG NỢ'!$A$5:$A$111,$A48,'SỔ CÔNG NỢ'!$B$5:$B$111,"<"&$B48)=0,C48,SUMIFS('SỔ CÔNG NỢ'!$M$5:$M$111,'SỔ CÔNG NỢ'!$A$5:$A$111,$A48,'SỔ CÔNG NỢ'!$B$5:$B$111,_xlfn.MAXIFS('SỔ CÔNG NỢ'!$B$5:$B$111,'SỔ CÔNG NỢ'!$A$5:$A$111,$A48,'SỔ CÔNG NỢ'!$B$5:$B$111,"<"&$B48)))) -> 0 | M48: =IF(OR($A48="",$B48=""),"",L48+G48-J48-K48) -> 14318800 | N48: 14318800 | O48: =IF(OR($A48="",$B48="",N48=""),"",N48-M48) -> 0
A49: Anh Việt (Thiệu Vân) | B49: 46174 | C49: 0 | D49: 462000 | E49: 0 | G49: =IF(OR($A49="",$B49=""),"",D49-E49) -> 462000 | H49: 0 | I49: 0 | J49: =IF(OR($A49="",$B49=""),"",H49-I49) -> 0 | K49: =IF(OR($A49="",$B49=""),"",SUMIFS('THANH TOÁN'!$D$5:$D$305,'THANH TOÁN'!$A$5:$A$305,$A49,'THANH TOÁN'!$B$5:$B$305,$B49,'THANH TOÁN'!$E$5:$E$305,"Có")) -> 10000000 | L49: =IF(OR($A49="",$B49=""),"",IF(_xlfn.MAXIFS('SỔ CÔNG NỢ'!$B$5:$B$111,'SỔ CÔNG NỢ'!$A$5:$A$111,$A49,'SỔ CÔNG NỢ'!$B$5:$B$111,"<"&$B49)=0,C49,SUMIFS('SỔ CÔNG NỢ'!$M$5:$M$111,'SỔ CÔNG NỢ'!$A$5:$A$111,$A49,'SỔ CÔNG NỢ'!$B$5:$B$111,_xlfn.MAXIFS('SỔ CÔNG NỢ'!$B$5:$B$111,'SỔ CÔNG NỢ'!$A$5:$A$111,$A49,'SỔ CÔNG NỢ'!$B$5:$B$111,"<"&$B49)))) -> 0 | M49: =IF(OR($A49="",$B49=""),"",L49+G49-J49-K49) -> -9538000 | N49: -9538000 | O49: =IF(OR($A49="",$B49="",N49=""),"",N49-M49) -> 0 | P49: Khách (A Việt) đã trả trước 10.000.000 ngày 28/06 → công ty còn nợ lại 9.538.000.
A50: Văn Thiệu Dương | B50: 46174 | C50: 0 | D50: 2226000 | E50: 1246560 | F50: 45-20% | G50: =IF(OR($A50="",$B50=""),"",D50-E50) -> 979440 | H50: 0 | I50: 0 | J50: =IF(OR($A50="",$B50=""),"",H50-I50) -> 0 | K50: =IF(OR($A50="",$B50=""),"",SUMIFS('THANH TOÁN'!$D$5:$D$305,'THANH TOÁN'!$A$5:$A$305,$A50,'THANH TOÁN'!$B$5:$B$305,$B50,'THANH TOÁN'!$E$5:$E$305,"Có")) -> 979440 | L50: =IF(OR($A50="",$B50=""),"",IF(_xlfn.MAXIFS('SỔ CÔNG NỢ'!$B$5:$B$111,'SỔ CÔNG NỢ'!$A$5:$A$111,$A50,'SỔ CÔNG NỢ'!$B$5:$B$111,"<"&$B50)=0,C50,SUMIFS('SỔ CÔNG NỢ'!$M$5:$M$111,'SỔ CÔNG NỢ'!$A$5:$A$111,$A50,'SỔ CÔNG NỢ'!$B$5:$B$111,_xlfn.MAXIFS('SỔ CÔNG NỢ'!$B$5:$B$111,'SỔ CÔNG NỢ'!$A$5:$A$111,$A50,'SỔ CÔNG NỢ'!$B$5:$B$111,"<"&$B50)))) -> 0 | M50: =IF(OR($A50="",$B50=""),"",L50+G50-J50-K50) -> 0 | N50: 0 | O50: =IF(OR($A50="",$B50="",N50=""),"",N50-M50) -> 0
G51: =IF(OR($A51="",$B51=""),"",D51-E51) | J51: =IF(OR($A51="",$B51=""),"",H51-I51) | K51: =IF(OR($A51="",$B51=""),"",SUMIFS('THANH TOÁN'!$D$5:$D$305,'THANH TOÁN'!$A$5:$A$305,$A51,'THANH TOÁN'!$B$5:$B$305,$B51,'THANH TOÁN'!$E$5:$E$305,"Có")) | L51: =IF(OR($A51="",$B51=""),"",IF(_xlfn.MAXIFS('SỔ CÔNG NỢ'!$B$5:$B$111,'SỔ CÔNG NỢ'!$A$5:$A$111,$A51,'SỔ CÔNG NỢ'!$B$5:$B$111,"<"&$B51)=0,C51,SUMIFS('SỔ CÔNG NỢ'!$M$5:$M$111,'SỔ CÔNG NỢ'!$A$5:$A$111,$A51,'SỔ CÔNG NỢ'!$B$5:$B$111,_xlfn.MAXIFS('SỔ CÔNG NỢ'!$B$5:$B$111,'SỔ CÔNG NỢ'!$A$5:$A$111,$A51,'SỔ CÔNG NỢ'!$B$5:$B$111,"<"&$B51)))) | M51: =IF(OR($A51="",$B51=""),"",L51+G51-J51-K51) | O51: =IF(OR($A51="",$B51="",N51=""),"",N51-M51)
G52: =IF(OR($A52="",$B52=""),"",D52-E52) | J52: =IF(OR($A52="",$B52=""),"",H52-I52) | K52: =IF(OR($A52="",$B52=""),"",SUMIFS('THANH TOÁN'!$D$5:$D$305,'THANH TOÁN'!$A$5:$A$305,$A52,'THANH TOÁN'!$B$5:$B$305,$B52,'THANH TOÁN'!$E$5:$E$305,"Có")) | L52: =IF(OR($A52="",$B52=""),"",IF(_xlfn.MAXIFS('SỔ CÔNG NỢ'!$B$5:$B$111,'SỔ CÔNG NỢ'!$A$5:$A$111,$A52,'SỔ CÔNG NỢ'!$B$5:$B$111,"<"&$B52)=0,C52,SUMIFS('SỔ CÔNG NỢ'!$M$5:$M$111,'SỔ CÔNG NỢ'!$A$5:$A$111,$A52,'SỔ CÔNG NỢ'!$B$5:$B$111,_xlfn.MAXIFS('SỔ CÔNG NỢ'!$B$5:$B$111,'SỔ CÔNG NỢ'!$A$5:$A$111,$A52,'SỔ CÔNG NỢ'!$B$5:$B$111,"<"&$B52)))) | M52: =IF(OR($A52="",$B52=""),"",L52+G52-J52-K52) | O52: =IF(OR($A52="",$B52="",N52=""),"",N52-M52)
G53: =IF(OR($A53="",$B53=""),"",D53-E53) | J53: =IF(OR($A53="",$B53=""),"",H53-I53) | K53: =IF(OR($A53="",$B53=""),"",SUMIFS('THANH TOÁN'!$D$5:$D$305,'THANH TOÁN'!$A$5:$A$305,$A53,'THANH TOÁN'!$B$5:$B$305,$B53,'THANH TOÁN'!$E$5:$E$305,"Có")) | L53: =IF(OR($A53="",$B53=""),"",IF(_xlfn.MAXIFS('SỔ CÔNG NỢ'!$B$5:$B$111,'SỔ CÔNG NỢ'!$A$5:$A$111,$A53,'SỔ CÔNG NỢ'!$B$5:$B$111,"<"&$B53)=0,C53,SUMIFS('SỔ CÔNG NỢ'!$M$5:$M$111,'SỔ CÔNG NỢ'!$A$5:$A$111,$A53,'SỔ CÔNG NỢ'!$B$5:$B$111,_xlfn.MAXIFS('SỔ CÔNG NỢ'!$B$5:$B$111,'SỔ CÔNG NỢ'!$A$5:$A$111,$A53,'SỔ CÔNG NỢ'!$B$5:$B$111,"<"&$B53)))) | M53: =IF(OR($A53="",$B53=""),"",L53+G53-J53-K53) | O53: =IF(OR($A53="",$B53="",N53=""),"",N53-M53)
G54: =IF(OR($A54="",$B54=""),"",D54-E54) | J54: =IF(OR($A54="",$B54=""),"",H54-I54) | K54: =IF(OR($A54="",$B54=""),"",SUMIFS('THANH TOÁN'!$D$5:$D$305,'THANH TOÁN'!$A$5:$A$305,$A54,'THANH TOÁN'!$B$5:$B$305,$B54,'THANH TOÁN'!$E$5:$E$305,"Có")) | L54: =IF(OR($A54="",$B54=""),"",IF(_xlfn.MAXIFS('SỔ CÔNG NỢ'!$B$5:$B$111,'SỔ CÔNG NỢ'!$A$5:$A$111,$A54,'SỔ CÔNG NỢ'!$B$5:$B$111,"<"&$B54)=0,C54,SUMIFS('SỔ CÔNG NỢ'!$M$5:$M$111,'SỔ CÔNG NỢ'!$A$5:$A$111,$A54,'SỔ CÔNG NỢ'!$B$5:$B$111,_xlfn.MAXIFS('SỔ CÔNG NỢ'!$B$5:$B$111,'SỔ CÔNG NỢ'!$A$5:$A$111,$A54,'SỔ CÔNG NỢ'!$B$5:$B$111,"<"&$B54)))) | M54: =IF(OR($A54="",$B54=""),"",L54+G54-J54-K54) | O54: =IF(OR($A54="",$B54="",N54=""),"",N54-M54)
G55: =IF(OR($A55="",$B55=""),"",D55-E55) | J55: =IF(OR($A55="",$B55=""),"",H55-I55) | K55: =IF(OR($A55="",$B55=""),"",SUMIFS('THANH TOÁN'!$D$5:$D$305,'THANH TOÁN'!$A$5:$A$305,$A55,'THANH TOÁN'!$B$5:$B$305,$B55,'THANH TOÁN'!$E$5:$E$305,"Có")) | L55: =IF(OR($A55="",$B55=""),"",IF(_xlfn.MAXIFS('SỔ CÔNG NỢ'!$B$5:$B$111,'SỔ CÔNG NỢ'!$A$5:$A$111,$A55,'SỔ CÔNG NỢ'!$B$5:$B$111,"<"&$B55)=0,C55,SUMIFS('SỔ CÔNG NỢ'!$M$5:$M$111,'SỔ CÔNG NỢ'!$A$5:$A$111,$A55,'SỔ CÔNG NỢ'!$B$5:$B$111,_xlfn.MAXIFS('SỔ CÔNG NỢ'!$B$5:$B$111,'SỔ CÔNG NỢ'!$A$5:$A$111,$A55,'SỔ CÔNG NỢ'!$B$5:$B$111,"<"&$B55)))) | M55: =IF(OR($A55="",$B55=""),"",L55+G55-J55-K55) | O55: =IF(OR($A55="",$B55="",N55=""),"",N55-M55)
G56: =IF(OR($A56="",$B56=""),"",D56-E56) | J56: =IF(OR($A56="",$B56=""),"",H56-I56) | K56: =IF(OR($A56="",$B56=""),"",SUMIFS('THANH TOÁN'!$D$5:$D$305,'THANH TOÁN'!$A$5:$A$305,$A56,'THANH TOÁN'!$B$5:$B$305,$B56,'THANH TOÁN'!$E$5:$E$305,"Có")) | L56: =IF(OR($A56="",$B56=""),"",IF(_xlfn.MAXIFS('SỔ CÔNG NỢ'!$B$5:$B$111,'SỔ CÔNG NỢ'!$A$5:$A$111,$A56,'SỔ CÔNG NỢ'!$B$5:$B$111,"<"&$B56)=0,C56,SUMIFS('SỔ CÔNG NỢ'!$M$5:$M$111,'SỔ CÔNG NỢ'!$A$5:$A$111,$A56,'SỔ CÔNG NỢ'!$B$5:$B$111,_xlfn.MAXIFS('SỔ CÔNG NỢ'!$B$5:$B$111,'SỔ CÔNG NỢ'!$A$5:$A$111,$A56,'SỔ CÔNG NỢ'!$B$5:$B$111,"<"&$B56)))) | M56: =IF(OR($A56="",$B56=""),"",L56+G56-J56-K56) | O56: =IF(OR($A56="",$B56="",N56=""),"",N56-M56)
G57: =IF(OR($A57="",$B57=""),"",D57-E57) | J57: =IF(OR($A57="",$B57=""),"",H57-I57) | K57: =IF(OR($A57="",$B57=""),"",SUMIFS('THANH TOÁN'!$D$5:$D$305,'THANH TOÁN'!$A$5:$A$305,$A57,'THANH TOÁN'!$B$5:$B$305,$B57,'THANH TOÁN'!$E$5:$E$305,"Có")) | L57: =IF(OR($A57="",$B57=""),"",IF(_xlfn.MAXIFS('SỔ CÔNG NỢ'!$B$5:$B$111,'SỔ CÔNG NỢ'!$A$5:$A$111,$A57,'SỔ CÔNG NỢ'!$B$5:$B$111,"<"&$B57)=0,C57,SUMIFS('SỔ CÔNG NỢ'!$M$5:$M$111,'SỔ CÔNG NỢ'!$A$5:$A$111,$A57,'SỔ CÔNG NỢ'!$B$5:$B$111,_xlfn.MAXIFS('SỔ CÔNG NỢ'!$B$5:$B$111,'SỔ CÔNG NỢ'!$A$5:$A$111,$A57,'SỔ CÔNG NỢ'!$B$5:$B$111,"<"&$B57)))) | M57: =IF(OR($A57="",$B57=""),"",L57+G57-J57-K57) | O57: =IF(OR($A57="",$B57="",N57=""),"",N57-M57)
G58: =IF(OR($A58="",$B58=""),"",D58-E58) | J58: =IF(OR($A58="",$B58=""),"",H58-I58) | K58: =IF(OR($A58="",$B58=""),"",SUMIFS('THANH TOÁN'!$D$5:$D$305,'THANH TOÁN'!$A$5:$A$305,$A58,'THANH TOÁN'!$B$5:$B$305,$B58,'THANH TOÁN'!$E$5:$E$305,"Có")) | L58: =IF(OR($A58="",$B58=""),"",IF(_xlfn.MAXIFS('SỔ CÔNG NỢ'!$B$5:$B$111,'SỔ CÔNG NỢ'!$A$5:$A$111,$A58,'SỔ CÔNG NỢ'!$B$5:$B$111,"<"&$B58)=0,C58,SUMIFS('SỔ CÔNG NỢ'!$M$5:$M$111,'SỔ CÔNG NỢ'!$A$5:$A$111,$A58,'SỔ CÔNG NỢ'!$B$5:$B$111,_xlfn.MAXIFS('SỔ CÔNG NỢ'!$B$5:$B$111,'SỔ CÔNG NỢ'!$A$5:$A$111,$A58,'SỔ CÔNG NỢ'!$B$5:$B$111,"<"&$B58)))) | M58: =IF(OR($A58="",$B58=""),"",L58+G58-J58-K58) | O58: =IF(OR($A58="",$B58="",N58=""),"",N58-M58)
G59: =IF(OR($A59="",$B59=""),"",D59-E59) | J59: =IF(OR($A59="",$B59=""),"",H59-I59) | K59: =IF(OR($A59="",$B59=""),"",SUMIFS('THANH TOÁN'!$D$5:$D$305,'THANH TOÁN'!$A$5:$A$305,$A59,'THANH TOÁN'!$B$5:$B$305,$B59,'THANH TOÁN'!$E$5:$E$305,"Có")) | L59: =IF(OR($A59="",$B59=""),"",IF(_xlfn.MAXIFS('SỔ CÔNG NỢ'!$B$5:$B$111,'SỔ CÔNG NỢ'!$A$5:$A$111,$A59,'SỔ CÔNG NỢ'!$B$5:$B$111,"<"&$B59)=0,C59,SUMIFS('SỔ CÔNG NỢ'!$M$5:$M$111,'SỔ CÔNG NỢ'!$A$5:$A$111,$A59,'SỔ CÔNG NỢ'!$B$5:$B$111,_xlfn.MAXIFS('SỔ CÔNG NỢ'!$B$5:$B$111,'SỔ CÔNG NỢ'!$A$5:$A$111,$A59,'SỔ CÔNG NỢ'!$B$5:$B$111,"<"&$B59)))) | M59: =IF(OR($A59="",$B59=""),"",L59+G59-J59-K59) | O59: =IF(OR($A59="",$B59="",N59=""),"",N59-M59)
G60: =IF(OR($A60="",$B60=""),"",D60-E60) | J60: =IF(OR($A60="",$B60=""),"",H60-I60) | K60: =IF(OR($A60="",$B60=""),"",SUMIFS('THANH TOÁN'!$D$5:$D$305,'THANH TOÁN'!$A$5:$A$305,$A60,'THANH TOÁN'!$B$5:$B$305,$B60,'THANH TOÁN'!$E$5:$E$305,"Có")) | L60: =IF(OR($A60="",$B60=""),"",IF(_xlfn.MAXIFS('SỔ CÔNG NỢ'!$B$5:$B$111,'SỔ CÔNG NỢ'!$A$5:$A$111,$A60,'SỔ CÔNG NỢ'!$B$5:$B$111,"<"&$B60)=0,C60,SUMIFS('SỔ CÔNG NỢ'!$M$5:$M$111,'SỔ CÔNG NỢ'!$A$5:$A$111,$A60,'SỔ CÔNG NỢ'!$B$5:$B$111,_xlfn.MAXIFS('SỔ CÔNG NỢ'!$B$5:$B$111,'SỔ CÔNG NỢ'!$A$5:$A$111,$A60,'SỔ CÔNG NỢ'!$B$5:$B$111,"<"&$B60)))) | M60: =IF(OR($A60="",$B60=""),"",L60+G60-J60-K60) | O60: =IF(OR($A60="",$B60="",N60=""),"",N60-M60)
G61: =IF(OR($A61="",$B61=""),"",D61-E61) | J61: =IF(OR($A61="",$B61=""),"",H61-I61) | K61: =IF(OR($A61="",$B61=""),"",SUMIFS('THANH TOÁN'!$D$5:$D$305,'THANH TOÁN'!$A$5:$A$305,$A61,'THANH TOÁN'!$B$5:$B$305,$B61,'THANH TOÁN'!$E$5:$E$305,"Có")) | L61: =IF(OR($A61="",$B61=""),"",IF(_xlfn.MAXIFS('SỔ CÔNG NỢ'!$B$5:$B$111,'SỔ CÔNG NỢ'!$A$5:$A$111,$A61,'SỔ CÔNG NỢ'!$B$5:$B$111,"<"&$B61)=0,C61,SUMIFS('SỔ CÔNG NỢ'!$M$5:$M$111,'SỔ CÔNG NỢ'!$A$5:$A$111,$A61,'SỔ CÔNG NỢ'!$B$5:$B$111,_xlfn.MAXIFS('SỔ CÔNG NỢ'!$B$5:$B$111,'SỔ CÔNG NỢ'!$A$5:$A$111,$A61,'SỔ CÔNG NỢ'!$B$5:$B$111,"<"&$B61)))) | M61: =IF(OR($A61="",$B61=""),"",L61+G61-J61-K61) | O61: =IF(OR($A61="",$B61="",N61=""),"",N61-M61)
G62: =IF(OR($A62="",$B62=""),"",D62-E62) | J62: =IF(OR($A62="",$B62=""),"",H62-I62) | K62: =IF(OR($A62="",$B62=""),"",SUMIFS('THANH TOÁN'!$D$5:$D$305,'THANH TOÁN'!$A$5:$A$305,$A62,'THANH TOÁN'!$B$5:$B$305,$B62,'THANH TOÁN'!$E$5:$E$305,"Có")) | L62: =IF(OR($A62="",$B62=""),"",IF(_xlfn.MAXIFS('SỔ CÔNG NỢ'!$B$5:$B$111,'SỔ CÔNG NỢ'!$A$5:$A$111,$A62,'SỔ CÔNG NỢ'!$B$5:$B$111,"<"&$B62)=0,C62,SUMIFS('SỔ CÔNG NỢ'!$M$5:$M$111,'SỔ CÔNG NỢ'!$A$5:$A$111,$A62,'SỔ CÔNG NỢ'!$B$5:$B$111,_xlfn.MAXIFS('SỔ CÔNG NỢ'!$B$5:$B$111,'SỔ CÔNG NỢ'!$A$5:$A$111,$A62,'SỔ CÔNG NỢ'!$B$5:$B$111,"<"&$B62)))) | M62: =IF(OR($A62="",$B62=""),"",L62+G62-J62-K62) | O62: =IF(OR($A62="",$B62="",N62=""),"",N62-M62)
... G111: =IF(OR($A111="",$B111=""),"",D111-E111) | J111: =IF(OR($A111="",$B111=""),"",H111-I111) | K111: =IF(OR($A111="",$B111=""),"",SUMIFS('THANH TOÁN'!$D$5:$D$305,'THANH TOÁN'!$A$5:$A$305,$A111,'THANH TOÁN'!$B$5:$B$305,$B111,'THANH TOÁN'!$E$5:$E$305,"Có")) | L111: =IF(OR($A111="",$B111=""),"",IF(_xlfn.MAXIFS('SỔ CÔNG NỢ'!$B$5:$B$111,'SỔ CÔNG NỢ'!$A$5:$A$111,$A111,'SỔ CÔNG NỢ'!$B$5:$B$111,"<"&$B111)=0,C111,SUMIFS('SỔ CÔNG NỢ'!$M$5:$M$111,'SỔ CÔNG NỢ'!$A$5:$A$111,$A111,'SỔ CÔNG NỢ'!$B$5:$B$111,_xlfn.MAXIFS('SỔ CÔNG NỢ'!$B$5:$B$111,'SỔ CÔNG NỢ'!$A$5:$A$111,$A111,'SỔ CÔNG NỢ'!$B$5:$B$111,"<"&$B111)))) | M111: =IF(OR($A111="",$B111=""),"",L111+G111-J111-K111) | O111: =IF(OR($A111="",$B111="",N111=""),"",N111-M111)

Sheet THANH TOÁN
A1: NHẬT KÝ THANH TOÁN
A2: Mỗi lần khách trả tiền (hoặc công ty trả lại khách – ghi số âm) ghi 1 dòng. Cột "Tính vào nợ" = Không khi khoản đó nghi bị ghi trùng.
A4: Khách hàng | B4: Kỳ biên bản (tháng) | C4: Ngày thanh toán | D4: Số tiền (VNĐ) | E4: Tính vào nợ? | F4: Ghi chú
A5: Anh Duẩn (Lĩnh Lộc) | B5: 46174 | C5: 46203 | D5: 979440 | E5: Có | F5: Ngày 30 tháng 06 CH Thanh toán
A6: Chú Giáp (Thiệu Thành) | B6: 46174 | C6: 46203 | D6: 6400000 | E6: Có | F6: Ngày 30 tháng 06 CH Thanh toán
A7: Cô Khoa (Nông Cống) | B7: 46174 | C7: 46233 | D7: -1450000 | E7: Có | F7: Ngày 30 tháng 07 trả lại Cô Khoa số tiền là: [trả lại] (công ty trả lại khách → ghi âm)
A8: Công Thành | B8: 46204 | C8: 46232 | D8: 28600000 | E8: Có | F8: Ngày 29 tháng 07 CH Thanh toán
A9: Cường Hà | B9: 46235 | C9: 46259 | D9: 30000000 | E9: Có | F9: Ngày 25 tháng 08 CH Thanh toán
A10: Hiền Xuân | B10: 46204 | C10: 46233 | D10: 30060000 | E10: Có | F10: Ngày 30 tháng 07 CH Thanh toán
A11: Hà Liên | B11: 46204 | C11: 46211 | D11: 9190000 | E11: Có | F11: Ngày 08 tháng 07 CH Thanh toán
A12: Hà Liên | B12: 46204 | C12: 46233 | D12: 6100000 | E12: Có | F12: Ngày 30 tháng 07 CH Thanh toán
A13: Hà Liên | B13: 46235 | C13: 46260 | D13: 33240000 | E13: Có | F13: Ngày 26 tháng 08 CH Thanh toán
A14: Hòa Hiệp | B14: 46174 | C14: 46187 | D14: 750000 | E14: Có | F14: CH đã tt ngày 14/06
A15: Hòa Hiệp | B15: 46174 | C15: 46194 | D15: 750000 | E15: Có | F15: CH đã tt ngày 21/6
A16: Nghị Hậu | B16: 46174 | C16: 46190 | D16: 28000000 | E16: Có | F16: CH đã tt ngày 17/06
... A31: Văn Thiệu Dương | B31: 46174 | C31: 46203 | D31: 979440 | E31: Có | F31: Ngày 30 tháng 06 CH Thanh toán

Sheet KIỂM TRA
A1: CÁC ĐIỂM CẦN CHỊ XÁC NHẬN
A2: Em dựng lại sổ từ 47 biên bản (23 cửa hàng, tháng 6–9/2026) rồi cộng trừ lại từng biên bản để đối chiếu với số ghi trên biên bản.
A4: # | B4: Cửa hàng | C4: Tháng | D4: Vấn đề | E4: Số tiền chênh | F4: Mức độ
A5: 1 | B5: Tất cả cửa hàng | D5: Đối chiếu: 40/46 biên bản cộng trừ lại khớp đúng số cuối kỳ ghi trên biên bản; 6 biên bản lệch (xem các dòng "Cần xác nhận"). | F5: OK
A6: 2 | B6: Anh Giang (Đông Thanh) | C6: 46235 | D6: Biên bản ghi "Tổng nợ phải thanh toán" 5.091.440 = đúng số TIỀN CHIẾT KHẤU, trong khi phát sinh sau chiết khấu là 3.120.560 → biên bản ghi nợ dư 1.970.880. | E6: 1970880 | F6: Cần xác nhận
A7: 3 | B7: Chú Giáp (Thiệu Thành) | C7: 46174 | D7: Biên bản trừ tiền chiết khấu của hàng trả lại (7.689.780) thay vì giá trị sau chiết khấu (4.516.220) → nợ ghi thấp hơn 3.173.560. | E7: -3173560 | F7: Cần xác nhận
A8: 4 | B8: Chú Giáp (Thiệu Thành) | C8: 46204 | D8: Biên bản ghi 16.634.000 là "Phát sinh hàng nhập lại" (hàng trả lại ngày 16/07) nhưng lại CỘNG vào nợ (1.707.190 + 5.821.900 = 7.529.090). Hàng trả lại phải TRỪ nợ. | E8: 8470240 | F8: Cần xác nhận
A9: 5 | B9: Quân Sen | C9: 46204 | D9: Khoản thanh toán 17.100.000 ghi "ngày 23/06" đã được trừ ở biên bản tháng 6 – nghi bị tính lặp lại. Tính lại: không trừ lần 2 (cần chị xác nhận). | E9: -17100000 | F9: Cần xác nhận
A10: 6 | B10: Quân Sen | C10: 46235 | D10: Hệ quả của tháng 7: nợ đầu kỳ tính lại (32.256.999) khác nợ đầu kỳ ghi trên biên bản (15.156.999). | E10: -17100000 | F10: Cần xác nhận
A11: 7 | B11: Quân Sen | C11: 46266 | D11: Biên bản lấy nợ đầu kỳ 15.156.999 (số cuối tháng 7, bỏ qua tháng 8) và trừ lại khoản 19.000.000 ngày 18/08 đã trừ ở tháng 8. Tính lại: lấy đầu kỳ = cuối tháng 8, không trừ lần 2 (cần chị xác nhận). | E11: -23814964 | F11: Cần xác nhận
A12: 8 | B12: Anh Duẩn (Lĩnh Lộc), Chị Thu (Rừng Thông), Cô Khoa (Nông Cống), Hòa Hiệp, Nghị Hậu, Anh Việt (Thiệu Vân), Văn Thiệu Dương | D12: Biên bản mới nhất là tháng 6; chưa có tháng 7–9. Nợ hiện tại của các cửa hàng này có thể đã thay đổi – chị gửi thêm biên bản em cập nhật. | F12: Cần bổ sung
A13: 9 | B13: Anh Giang (Đông Thanh), Anh Hưng (giao anh Hải, TP) | D13: Biên bản mới nhất là tháng 8; chưa có tháng 9. Nợ hiện tại của các cửa hàng này có thể đã thay đổi – chị gửi thêm biên bản em cập nhật. | F13: Cần bổ sung
A14: 10 | B14: Chú Giáp (Thiệu Thành), Hiền Xuân, Toàn Lanh, Trần Văn Chung (Thiệu Tân), Tìm Mai (Hoàng Châu) | D14: Biên bản mới nhất là tháng 7; chưa có tháng 8–9. Nợ hiện tại của các cửa hàng này có thể đã thay đổi – chị gửi thêm biên bản em cập nhật. | F14: Cần bổ sung
A15: 11 | B15: Chinh Ưng (Đông Lĩnh) | C15: 46266 | D15: Tiêu đề biên bản ghi "Tháng 7" nhưng là biên bản tháng 9. | F15: Sửa biên bản
A16: 12 | B16: Cô Khoa (Nông Cống) | C16: 46174 | D16: Tiêu đề biên bản ghi "Tháng 5" nhưng là biên bản tháng 6. | F16: Sửa biên bản
A17: 13 | B17: Công Thành | C17: 46266 | D17: Tiêu đề biên bản ghi "Tháng 8" nhưng là biên bản tháng 9. | F17: Sửa biên bản
A18: 14 | B18: Cường Hà | C18: 46266 | D18: Tiêu đề biên bản ghi "Tháng 8" nhưng là biên bản tháng 9. | F18: Sửa biên bản
A19: 15 | B19: Hà Liên | C19: 46266 | D19: Tiêu đề biên bản ghi "Tháng 8" nhưng là biên bản tháng 9. | F19: Sửa biên bản
A20: 16 | B20: Tuân Thuận | C20: 46266 | D20: Tiêu đề biên bản ghi "Tháng 8" nhưng là biên bản tháng 9. | F20: Sửa biên bản
A21: 17 | B21: Tuấn Thanh | C21: 46266 | D21: Tiêu đề biên bản ghi "Tháng 7" nhưng là biên bản tháng 9. | F21: Sửa biên bản
A22: 18 | B22: Anh Hùng (TP) | D22: Thiếu biên bản tháng 8 (nếu tháng đó không phát sinh thì bỏ qua). | F22: Lưu ý
A23: 19 | B23: Anh Hưng (giao anh Hải, TP) | D23: Thiếu biên bản tháng 7 (nếu tháng đó không phát sinh thì bỏ qua). | F23: Lưu ý
A24: 20 | B24: Anh Việt (Thiệu Vân) | C24: 46174 | D24: Khách (A Việt) đã trả trước 10.000.000 ngày 28/06 → công ty còn nợ lại 9.538.000. | F24: Lưu ý
A25: 21 | B25: Chinh Ưng (Đông Lĩnh) | C25: 46174 | D25: Tổng các dòng hàng (32,772,000) khác "Tổng phát sinh" ghi trên biên bản (31,659,000). | E25: 1113000 | F25: Lưu ý
A26: 22 | B26: Chinh Ưng (Đông Lĩnh) | D26: Thiếu biên bản tháng 8 (nếu tháng đó không phát sinh thì bỏ qua). | F26: Lưu ý
A27: 23 | B27: Cô Khoa (Nông Cống) | C27: 46174 | D27: Toàn bộ hàng trên biên bản là hàng khách trả lại (17/06). Ngày 30/07 công ty trả lại khách 1.450.000 (tính là thanh toán âm). | F27: Lưu ý
A28: 24 | B28: Công Thành | C28: 46266 | D28: Biên bản ghi tiêu đề "Tháng 8" nhưng hàng xuất ngày 10/09 → xếp vào tháng 9. | F28: Lưu ý
A29: 25 | B29: Công Thành | D29: Thiếu biên bản tháng 8 (nếu tháng đó không phát sinh thì bỏ qua). | F29: Lưu ý
A30: 26 | B30: Cường Hà | C30: 46235 | D30: Tổng các dòng hàng (191,404,350) khác "Tổng phát sinh" ghi trên biên bản (189,315,350). | E30: 2089000 | F30: Lưu ý
A31: 27 | B31: Thông Lan (Thiệu Vân) | D31: Thiếu biên bản tháng 8 (nếu tháng đó không phát sinh thì bỏ qua). | F31: Lưu ý

Sheet HƯỚNG DẪN
A1: HƯỚNG DẪN SỬ DỤNG
A2: Mỗi tháng: ghi thanh toán, thêm 1 dòng ở SỔ CÔNG NỢ cho mỗi cửa hàng có biên bản, TỔNG HỢP tự cập nhật.
A4: 1. THANH TOÁN: mỗi lần cửa hàng trả tiền ghi 1 dòng (Cửa hàng, Kỳ biên bản = ngày mùng 1 của tháng biên bản, Số tiền, Tính vào nợ = Có).
A5: 2. SỔ CÔNG NỢ: sang tháng mới, gõ vào dòng vàng trống: Cửa hàng + Tháng (vd 01/10/2026) + Nợ đầu kỳ ghi trên biên bản + Phát sinh (giá gốc) + Tiền chiết khấu + % chiết khấu; hàng khách trả lại thì điền thêm 2 cột hàng trả lại. Cột thanh toán, nợ đầu kỳ tính lại, nợ cuối kỳ tính lại tự chạy.
A6: 3. Điền "Nợ cuối kỳ (theo biên bản)" ghi trên biên bản để file tự so sánh – cột Chênh lệch khác 0 sẽ tô đỏ.
A7: 4. TỔNG HỢP: nợ từng cửa hàng theo biên bản gần nhất và theo số tính lại, 3 bảng theo tháng. Cửa hàng mới: gõ tên vào ô vàng trống cột "Cửa hàng".
A8: 5. Chữ XANH / ô vàng = chị nhập. Chữ đen / ô xám = công thức, đừng xóa. Số dương = cửa hàng nợ công ty, số âm = công ty nợ lại.
