Workbook

Sheet TỔNG QUAN
A1: THEO DÕI KHO SƠN
A2: ="Số liệu đến ngày "&TEXT('TỒN KHO'!$E$3,"dd/mm/yyyy")&" | Tồn đầu kỳ hết "&TEXT('TỒN KHO'!$E$4,"dd/mm/yyyy")&" | Đã ghi "&TEXT(SUMIFS('NHẬP KHO'!$E$5:$E$2004,'NHẬP KHO'!$A$5:$A$2004,">"&'TỒN KHO'!$E$4),"#,##0")&" thùng/lon nhập sau đó" -> Số liệu đến ngày 29/09/2026 | Tồn đầu kỳ hết 07/06/2026 | Đã ghi 19 thùng/lon nhập sau đó
A3: ='TỒN KHO'!G8
A4: TỔNG TỒN (thùng/lon/bao) | C4: GIÁ TRỊ TỒN (theo giá KN) | E4: MÃ HẾT HÀNG | G4: MÃ SẮP HẾT | I4: MÃ ÂM KHO (cần kiểm)
A5: =SUM('TỒN KHO'!$J$11:$J$76) -> 2143 | C5: =SUM('TỒN KHO'!$O$11:$O$76) -> 6388899000 | E5: =COUNTIF('TỒN KHO'!$P$11:$P$76,"HẾT HÀNG") -> 0 | G5: =COUNTIF('TỒN KHO'!$P$11:$P$76,"SẮP HẾT") -> 1 | I5: =COUNTIF('TỒN KHO'!$P$11:$P$76,"ÂM*") -> 3
A7: ▶ CẦN ĐẶT HÀNG NGAY (hết hàng / sắp hết – xếp theo mức khẩn cấp)
A8: # | B8: Mã SP | C8: Dung tích | D8: Tên sản phẩm | E8: Tồn | F8: Bán TB/ngày | G8: Đủ bán (ngày) | H8: Gợi ý đặt thêm | I8: Trạng thái | L8: (hỗ trợ)
A9: 1 | B9: =IF($L9="","",INDEX('TỒN KHO'!$C$11:$C$76,$L9)) -> IEW | C9: =IF($L9="","",INDEX('TỒN KHO'!$E$11:$E$76,$L9)) -> 18L | D9: =IF($L9="","",INDEX('TỒN KHO'!$D$11:$D$76,$L9)) -> Sơn nội thất siêu trắng Imperia IEW | E9: =IF($L9="","",INDEX('TỒN KHO'!$J$11:$J$76,$L9)) -> 3 | F9: =IF($L9="","",INDEX('TỒN KHO'!$L$11:$L$76,$L9)) -> 0.22222222 | G9: =IF($L9="","",INDEX('TỒN KHO'!$M$11:$M$76,$L9)) -> 13.5 | H9: =IF($L9="","",INDEX('TỒN KHO'!$N$11:$N$76,$L9)) -> 7 | I9: =IF($L9="","",INDEX('TỒN KHO'!$P$11:$P$76,$L9)) -> SẮP HẾT | L9: =IFERROR(MATCH(SMALL('TỒN KHO'!$Q$11:$Q$76,A9),'TỒN KHO'!$Q$11:$Q$76,0),"") -> 14
A10: 2 | B10: =IF($L10="","",INDEX('TỒN KHO'!$C$11:$C$76,$L10)) | C10: =IF($L10="","",INDEX('TỒN KHO'!$E$11:$E$76,$L10)) | D10: =IF($L10="","",INDEX('TỒN KHO'!$D$11:$D$76,$L10)) | E10: =IF($L10="","",INDEX('TỒN KHO'!$J$11:$J$76,$L10)) | F10: =IF($L10="","",INDEX('TỒN KHO'!$L$11:$L$76,$L10)) | G10: =IF($L10="","",INDEX('TỒN KHO'!$M$11:$M$76,$L10)) | H10: =IF($L10="","",INDEX('TỒN KHO'!$N$11:$N$76,$L10)) | I10: =IF($L10="","",INDEX('TỒN KHO'!$P$11:$P$76,$L10)) | L10: =IFERROR(MATCH(SMALL('TỒN KHO'!$Q$11:$Q$76,A10),'TỒN KHO'!$Q$11:$Q$76,0),"")
A11: 3 | B11: =IF($L11="","",INDEX('TỒN KHO'!$C$11:$C$76,$L11)) | C11: =IF($L11="","",INDEX('TỒN KHO'!$E$11:$E$76,$L11)) | D11: =IF($L11="","",INDEX('TỒN KHO'!$D$11:$D$76,$L11)) | E11: =IF($L11="","",INDEX('TỒN KHO'!$J$11:$J$76,$L11)) | F11: =IF($L11="","",INDEX('TỒN KHO'!$L$11:$L$76,$L11)) | G11: =IF($L11="","",INDEX('TỒN KHO'!$M$11:$M$76,$L11)) | H11: =IF($L11="","",INDEX('TỒN KHO'!$N$11:$N$76,$L11)) | I11: =IF($L11="","",INDEX('TỒN KHO'!$P$11:$P$76,$L11)) | L11: =IFERROR(MATCH(SMALL('TỒN KHO'!$Q$11:$Q$76,A11),'TỒN KHO'!$Q$11:$Q$76,0),"")
A12: 4 | B12: =IF($L12="","",INDEX('TỒN KHO'!$C$11:$C$76,$L12)) | C12: =IF($L12="","",INDEX('TỒN KHO'!$E$11:$E$76,$L12)) | D12: =IF($L12="","",INDEX('TỒN KHO'!$D$11:$D$76,$L12)) | E12: =IF($L12="","",INDEX('TỒN KHO'!$J$11:$J$76,$L12)) | F12: =IF($L12="","",INDEX('TỒN KHO'!$L$11:$L$76,$L12)) | G12: =IF($L12="","",INDEX('TỒN KHO'!$M$11:$M$76,$L12)) | H12: =IF($L12="","",INDEX('TỒN KHO'!$N$11:$N$76,$L12)) | I12: =IF($L12="","",INDEX('TỒN KHO'!$P$11:$P$76,$L12)) | L12: =IFERROR(MATCH(SMALL('TỒN KHO'!$Q$11:$Q$76,A12),'TỒN KHO'!$Q$11:$Q$76,0),"")
A13: 5 | B13: =IF($L13="","",INDEX('TỒN KHO'!$C$11:$C$76,$L13)) | C13: =IF($L13="","",INDEX('TỒN KHO'!$E$11:$E$76,$L13)) | D13: =IF($L13="","",INDEX('TỒN KHO'!$D$11:$D$76,$L13)) | E13: =IF($L13="","",INDEX('TỒN KHO'!$J$11:$J$76,$L13)) | F13: =IF($L13="","",INDEX('TỒN KHO'!$L$11:$L$76,$L13)) | G13: =IF($L13="","",INDEX('TỒN KHO'!$M$11:$M$76,$L13)) | H13: =IF($L13="","",INDEX('TỒN KHO'!$N$11:$N$76,$L13)) | I13: =IF($L13="","",INDEX('TỒN KHO'!$P$11:$P$76,$L13)) | L13: =IFERROR(MATCH(SMALL('TỒN KHO'!$Q$11:$Q$76,A13),'TỒN KHO'!$Q$11:$Q$76,0),"")
A14: 6 | B14: =IF($L14="","",INDEX('TỒN KHO'!$C$11:$C$76,$L14)) | C14: =IF($L14="","",INDEX('TỒN KHO'!$E$11:$E$76,$L14)) | D14: =IF($L14="","",INDEX('TỒN KHO'!$D$11:$D$76,$L14)) | E14: =IF($L14="","",INDEX('TỒN KHO'!$J$11:$J$76,$L14)) | F14: =IF($L14="","",INDEX('TỒN KHO'!$L$11:$L$76,$L14)) | G14: =IF($L14="","",INDEX('TỒN KHO'!$M$11:$M$76,$L14)) | H14: =IF($L14="","",INDEX('TỒN KHO'!$N$11:$N$76,$L14)) | I14: =IF($L14="","",INDEX('TỒN KHO'!$P$11:$P$76,$L14)) | L14: =IFERROR(MATCH(SMALL('TỒN KHO'!$Q$11:$Q$76,A14),'TỒN KHO'!$Q$11:$Q$76,0),"")
A15: 7 | B15: =IF($L15="","",INDEX('TỒN KHO'!$C$11:$C$76,$L15)) | C15: =IF($L15="","",INDEX('TỒN KHO'!$E$11:$E$76,$L15)) | D15: =IF($L15="","",INDEX('TỒN KHO'!$D$11:$D$76,$L15)) | E15: =IF($L15="","",INDEX('TỒN KHO'!$J$11:$J$76,$L15)) | F15: =IF($L15="","",INDEX('TỒN KHO'!$L$11:$L$76,$L15)) | G15: =IF($L15="","",INDEX('TỒN KHO'!$M$11:$M$76,$L15)) | H15: =IF($L15="","",INDEX('TỒN KHO'!$N$11:$N$76,$L15)) | I15: =IF($L15="","",INDEX('TỒN KHO'!$P$11:$P$76,$L15)) | L15: =IFERROR(MATCH(SMALL('TỒN KHO'!$Q$11:$Q$76,A15),'TỒN KHO'!$Q$11:$Q$76,0),"")
A16: 8 | B16: =IF($L16="","",INDEX('TỒN KHO'!$C$11:$C$76,$L16)) | C16: =IF($L16="","",INDEX('TỒN KHO'!$E$11:$E$76,$L16)) | D16: =IF($L16="","",INDEX('TỒN KHO'!$D$11:$D$76,$L16)) | E16: =IF($L16="","",INDEX('TỒN KHO'!$J$11:$J$76,$L16)) | F16: =IF($L16="","",INDEX('TỒN KHO'!$L$11:$L$76,$L16)) | G16: =IF($L16="","",INDEX('TỒN KHO'!$M$11:$M$76,$L16)) | H16: =IF($L16="","",INDEX('TỒN KHO'!$N$11:$N$76,$L16)) | I16: =IF($L16="","",INDEX('TỒN KHO'!$P$11:$P$76,$L16)) | L16: =IFERROR(MATCH(SMALL('TỒN KHO'!$Q$11:$Q$76,A16),'TỒN KHO'!$Q$11:$Q$76,0),"")
A17: 9 | B17: =IF($L17="","",INDEX('TỒN KHO'!$C$11:$C$76,$L17)) | C17: =IF($L17="","",INDEX('TỒN KHO'!$E$11:$E$76,$L17)) | D17: =IF($L17="","",INDEX('TỒN KHO'!$D$11:$D$76,$L17)) | E17: =IF($L17="","",INDEX('TỒN KHO'!$J$11:$J$76,$L17)) | F17: =IF($L17="","",INDEX('TỒN KHO'!$L$11:$L$76,$L17)) | G17: =IF($L17="","",INDEX('TỒN KHO'!$M$11:$M$76,$L17)) | H17: =IF($L17="","",INDEX('TỒN KHO'!$N$11:$N$76,$L17)) | I17: =IF($L17="","",INDEX('TỒN KHO'!$P$11:$P$76,$L17)) | L17: =IFERROR(MATCH(SMALL('TỒN KHO'!$Q$11:$Q$76,A17),'TỒN KHO'!$Q$11:$Q$76,0),"")
A18: 10 | B18: =IF($L18="","",INDEX('TỒN KHO'!$C$11:$C$76,$L18)) | C18: =IF($L18="","",INDEX('TỒN KHO'!$E$11:$E$76,$L18)) | D18: =IF($L18="","",INDEX('TỒN KHO'!$D$11:$D$76,$L18)) | E18: =IF($L18="","",INDEX('TỒN KHO'!$J$11:$J$76,$L18)) | F18: =IF($L18="","",INDEX('TỒN KHO'!$L$11:$L$76,$L18)) | G18: =IF($L18="","",INDEX('TỒN KHO'!$M$11:$M$76,$L18)) | H18: =IF($L18="","",INDEX('TỒN KHO'!$N$11:$N$76,$L18)) | I18: =IF($L18="","",INDEX('TỒN KHO'!$P$11:$P$76,$L18)) | L18: =IFERROR(MATCH(SMALL('TỒN KHO'!$Q$11:$Q$76,A18),'TỒN KHO'!$Q$11:$Q$76,0),"")
A19: 11 | B19: =IF($L19="","",INDEX('TỒN KHO'!$C$11:$C$76,$L19)) | C19: =IF($L19="","",INDEX('TỒN KHO'!$E$11:$E$76,$L19)) | D19: =IF($L19="","",INDEX('TỒN KHO'!$D$11:$D$76,$L19)) | E19: =IF($L19="","",INDEX('TỒN KHO'!$J$11:$J$76,$L19)) | F19: =IF($L19="","",INDEX('TỒN KHO'!$L$11:$L$76,$L19)) | G19: =IF($L19="","",INDEX('TỒN KHO'!$M$11:$M$76,$L19)) | H19: =IF($L19="","",INDEX('TỒN KHO'!$N$11:$N$76,$L19)) | I19: =IF($L19="","",INDEX('TỒN KHO'!$P$11:$P$76,$L19)) | L19: =IFERROR(MATCH(SMALL('TỒN KHO'!$Q$11:$Q$76,A19),'TỒN KHO'!$Q$11:$Q$76,0),"")
A20: 12 | B20: =IF($L20="","",INDEX('TỒN KHO'!$C$11:$C$76,$L20)) | C20: =IF($L20="","",INDEX('TỒN KHO'!$E$11:$E$76,$L20)) | D20: =IF($L20="","",INDEX('TỒN KHO'!$D$11:$D$76,$L20)) | E20: =IF($L20="","",INDEX('TỒN KHO'!$J$11:$J$76,$L20)) | F20: =IF($L20="","",INDEX('TỒN KHO'!$L$11:$L$76,$L20)) | G20: =IF($L20="","",INDEX('TỒN KHO'!$M$11:$M$76,$L20)) | H20: =IF($L20="","",INDEX('TỒN KHO'!$N$11:$N$76,$L20)) | I20: =IF($L20="","",INDEX('TỒN KHO'!$P$11:$P$76,$L20)) | L20: =IFERROR(MATCH(SMALL('TỒN KHO'!$Q$11:$Q$76,A20),'TỒN KHO'!$Q$11:$Q$76,0),"")
... A23: 15 | B23: =IF($L23="","",INDEX('TỒN KHO'!$C$11:$C$76,$L23)) | C23: =IF($L23="","",INDEX('TỒN KHO'!$E$11:$E$76,$L23)) | D23: =IF($L23="","",INDEX('TỒN KHO'!$D$11:$D$76,$L23)) | E23: =IF($L23="","",INDEX('TỒN KHO'!$J$11:$J$76,$L23)) | F23: =IF($L23="","",INDEX('TỒN KHO'!$L$11:$L$76,$L23)) | G23: =IF($L23="","",INDEX('TỒN KHO'!$M$11:$M$76,$L23)) | H23: =IF($L23="","",INDEX('TỒN KHO'!$N$11:$N$76,$L23)) | I23: =IF($L23="","",INDEX('TỒN KHO'!$P$11:$P$76,$L23)) | L23: =IFERROR(MATCH(SMALL('TỒN KHO'!$Q$11:$Q$76,A23),'TỒN KHO'!$Q$11:$Q$76,0),"")
A25: ▶ BÁN CHẠY NHẤT (theo số ngày tính tốc độ bán ở sheet TỒN KHO)
A26: # | B26: Mã SP | C26: Dung tích | D26: Tên sản phẩm | E26: Đã bán | F26: Tồn hiện tại | G26: Đủ bán (ngày) | H26: Trạng thái
A27: 1 | B27: =IF($L27="","",INDEX('TỒN KHO'!$C$11:$C$76,$L27)) -> IG05 | C27: =IF($L27="","",INDEX('TỒN KHO'!$E$11:$E$76,$L27)) -> 18L | D27: =IF($L27="","",INDEX('TỒN KHO'!$D$11:$D$76,$L27)) -> Sơn nội thất siêu bóng cao cấp Imperia IG05 | E27: =IF($L27="","",INDEX('TỒN KHO'!$K$11:$K$76,$L27)) -> 56 | F27: =IF($L27="","",INDEX('TỒN KHO'!$J$11:$J$76,$L27)) -> 107 | G27: =IF($L27="","",INDEX('TỒN KHO'!$M$11:$M$76,$L27)) -> 171.96429 | H27: =IF($L27="","",INDEX('TỒN KHO'!$P$11:$P$76,$L27)) -> Đủ hàng | L27: =IFERROR(MATCH(LARGE('TỒN KHO'!$R$11:$R$76,A27),'TỒN KHO'!$R$11:$R$76,0),"") -> 20
A28: 2 | B28: =IF($L28="","",INDEX('TỒN KHO'!$C$11:$C$76,$L28)) -> PI04 | C28: =IF($L28="","",INDEX('TỒN KHO'!$E$11:$E$76,$L28)) -> 18L | D28: =IF($L28="","",INDEX('TỒN KHO'!$D$11:$D$76,$L28)) -> Sơn lót nội thất kháng kiềm cao cấp Imperia PI04 | E28: =IF($L28="","",INDEX('TỒN KHO'!$K$11:$K$76,$L28)) -> 50 | F28: =IF($L28="","",INDEX('TỒN KHO'!$J$11:$J$76,$L28)) -> 117 | G28: =IF($L28="","",INDEX('TỒN KHO'!$M$11:$M$76,$L28)) -> 210.6 | H28: =IF($L28="","",INDEX('TỒN KHO'!$P$11:$P$76,$L28)) -> Đủ hàng | L28: =IFERROR(MATCH(LARGE('TỒN KHO'!$R$11:$R$76,A28),'TỒN KHO'!$R$11:$R$76,0),"") -> 2
A29: 3 | B29: =IF($L29="","",INDEX('TỒN KHO'!$C$11:$C$76,$L29)) -> ETM-309 | C29: =IF($L29="","",INDEX('TỒN KHO'!$E$11:$E$76,$L29)) -> 18L | D29: =IF($L29="","",INDEX('TỒN KHO'!$D$11:$D$76,$L29)) -> Sơn chống thấm màu ETM 309 (ghi đậm) | E29: =IF($L29="","",INDEX('TỒN KHO'!$K$11:$K$76,$L29)) -> 31 | F29: =IF($L29="","",INDEX('TỒN KHO'!$J$11:$J$76,$L29)) -> 81 | G29: =IF($L29="","",INDEX('TỒN KHO'!$M$11:$M$76,$L29)) -> 235.16129 | H29: =IF($L29="","",INDEX('TỒN KHO'!$P$11:$P$76,$L29)) -> Đủ hàng | L29: =IFERROR(MATCH(LARGE('TỒN KHO'!$R$11:$R$76,A29),'TỒN KHO'!$R$11:$R$76,0),"") -> 38
A30: 4 | B30: =IF($L30="","",INDEX('TỒN KHO'!$C$11:$C$76,$L30)) -> BA-NOI | C30: =IF($L30="","",INDEX('TỒN KHO'!$E$11:$E$76,$L30)) -> Bao | D30: =IF($L30="","",INDEX('TỒN KHO'!$D$11:$D$76,$L30)) -> Bột bả nội thất Imperia IP15 (40kg) | E30: =IF($L30="","",INDEX('TỒN KHO'!$K$11:$K$76,$L30)) -> 23 | F30: =IF($L30="","",INDEX('TỒN KHO'!$J$11:$J$76,$L30)) -> -21 | G30: =IF($L30="","",INDEX('TỒN KHO'!$M$11:$M$76,$L30)) -> 0 | H30: =IF($L30="","",INDEX('TỒN KHO'!$P$11:$P$76,$L30)) -> ÂM KHO – kiểm tra | L30: =IFERROR(MATCH(LARGE('TỒN KHO'!$R$11:$R$76,A30),'TỒN KHO'!$R$11:$R$76,0),"") -> 45
A31: 5 | B31: =IF($L31="","",INDEX('TỒN KHO'!$C$11:$C$76,$L31)) -> IEW | C31: =IF($L31="","",INDEX('TỒN KHO'!$E$11:$E$76,$L31)) -> 18L | D31: =IF($L31="","",INDEX('TỒN KHO'!$D$11:$D$76,$L31)) -> Sơn nội thất siêu trắng Imperia IEW | E31: =IF($L31="","",INDEX('TỒN KHO'!$K$11:$K$76,$L31)) -> 20 | F31: =IF($L31="","",INDEX('TỒN KHO'!$J$11:$J$76,$L31)) -> 3 | G31: =IF($L31="","",INDEX('TỒN KHO'!$M$11:$M$76,$L31)) -> 13.5 | H31: =IF($L31="","",INDEX('TỒN KHO'!$P$11:$P$76,$L31)) -> SẮP HẾT | L31: =IFERROR(MATCH(LARGE('TỒN KHO'!$R$11:$R$76,A31),'TỒN KHO'!$R$11:$R$76,0),"") -> 14
A32: 6 | B32: =IF($L32="","",INDEX('TỒN KHO'!$C$11:$C$76,$L32)) -> IL5 | C32: =IF($L32="","",INDEX('TỒN KHO'!$E$11:$E$76,$L32)) -> 18L | D32: =IF($L32="","",INDEX('TỒN KHO'!$D$11:$D$76,$L32)) -> Sơn lót nội thất kháng kiềm Silver IL5 | E32: =IF($L32="","",INDEX('TỒN KHO'!$K$11:$K$76,$L32)) -> 20 | F32: =IF($L32="","",INDEX('TỒN KHO'!$J$11:$J$76,$L32)) -> 62 | G32: =IF($L32="","",INDEX('TỒN KHO'!$M$11:$M$76,$L32)) -> 279 | H32: =IF($L32="","",INDEX('TỒN KHO'!$P$11:$P$76,$L32)) -> Đủ hàng | L32: =IFERROR(MATCH(LARGE('TỒN KHO'!$R$11:$R$76,A32),'TỒN KHO'!$R$11:$R$76,0),"") -> 10
A33: 7 | B33: =IF($L33="","",INDEX('TỒN KHO'!$C$11:$C$76,$L33)) -> PE02 | C33: =IF($L33="","",INDEX('TỒN KHO'!$E$11:$E$76,$L33)) -> 18L | D33: =IF($L33="","",INDEX('TỒN KHO'!$D$11:$D$76,$L33)) -> Sơn lót ngoại thất kháng kiềm cao cấp Imperia PE02 | E33: =IF($L33="","",INDEX('TỒN KHO'!$K$11:$K$76,$L33)) -> 18 | F33: =IF($L33="","",INDEX('TỒN KHO'!$J$11:$J$76,$L33)) -> 225 | G33: =IF($L33="","",INDEX('TỒN KHO'!$M$11:$M$76,$L33)) -> 1125 | H33: =IF($L33="","",INDEX('TỒN KHO'!$P$11:$P$76,$L33)) -> Đủ hàng | L33: =IFERROR(MATCH(LARGE('TỒN KHO'!$R$11:$R$76,A33),'TỒN KHO'!$R$11:$R$76,0),"") -> 4
A34: 8 | B34: =IF($L34="","",INDEX('TỒN KHO'!$C$11:$C$76,$L34)) -> EG09 | C34: =IF($L34="","",INDEX('TỒN KHO'!$E$11:$E$76,$L34)) -> 5L | D34: =IF($L34="","",INDEX('TỒN KHO'!$D$11:$D$76,$L34)) -> Sơn ngoại thất siêu bóng cao cấp Imperia EG09 | E34: =IF($L34="","",INDEX('TỒN KHO'!$K$11:$K$76,$L34)) -> 17 | F34: =IF($L34="","",INDEX('TỒN KHO'!$J$11:$J$76,$L34)) -> 203 | G34: =IF($L34="","",INDEX('TỒN KHO'!$M$11:$M$76,$L34)) -> 1074.7059 | H34: =IF($L34="","",INDEX('TỒN KHO'!$P$11:$P$76,$L34)) -> Đủ hàng | L34: =IFERROR(MATCH(LARGE('TỒN KHO'!$R$11:$R$76,A34),'TỒN KHO'!$R$11:$R$76,0),"") -> 31
A35: 9 | B35: =IF($L35="","",INDEX('TỒN KHO'!$C$11:$C$76,$L35)) -> ISG06 | C35: =IF($L35="","",INDEX('TỒN KHO'!$E$11:$E$76,$L35)) -> 18L | D35: =IF($L35="","",INDEX('TỒN KHO'!$D$11:$D$76,$L35)) -> Sơn nội thất cao cấp bóng mờ Imperia ISG06 | E35: =IF($L35="","",INDEX('TỒN KHO'!$K$11:$K$76,$L35)) -> 15 | F35: =IF($L35="","",INDEX('TỒN KHO'!$J$11:$J$76,$L35)) -> 29 | G35: =IF($L35="","",INDEX('TỒN KHO'!$M$11:$M$76,$L35)) -> 174 | H35: =IF($L35="","",INDEX('TỒN KHO'!$P$11:$P$76,$L35)) -> Đủ hàng | L35: =IFERROR(MATCH(LARGE('TỒN KHO'!$R$11:$R$76,A35),'TỒN KHO'!$R$11:$R$76,0),"") -> 18
A36: 10 | B36: =IF($L36="","",INDEX('TỒN KHO'!$C$11:$C$76,$L36)) -> CT12 | C36: =IF($L36="","",INDEX('TỒN KHO'!$E$11:$E$76,$L36)) -> 18L | D36: =IF($L36="","",INDEX('TỒN KHO'!$D$11:$D$76,$L36)) -> Sơn chống thấm đa năng Imperia CT12 | E36: =IF($L36="","",INDEX('TỒN KHO'!$K$11:$K$76,$L36)) -> 14 | F36: =IF($L36="","",INDEX('TỒN KHO'!$J$11:$J$76,$L36)) -> 23 | G36: =IF($L36="","",INDEX('TỒN KHO'!$M$11:$M$76,$L36)) -> 147.85714 | H36: =IF($L36="","",INDEX('TỒN KHO'!$P$11:$P$76,$L36)) -> Đủ hàng | L36: =IFERROR(MATCH(LARGE('TỒN KHO'!$R$11:$R$76,A36),'TỒN KHO'!$R$11:$R$76,0),"") -> 36
A39: ▶ TỒN THEO NHÓM HÀNG
B40: Nhóm | E40: Tồn (số lượng) | F40: Giá trị tồn (VNĐ) | G40: Số mã hết / sắp hết
B41: Sơn lót | E41: =SUMIFS('TỒN KHO'!$J$11:$J$76,'TỒN KHO'!$B$11:$B$76,$B41) -> 549 | F41: =SUMIFS('TỒN KHO'!$O$11:$O$76,'TỒN KHO'!$B$11:$B$76,$B41) -> 1793191000 | G41: =COUNTIFS('TỒN KHO'!$B$11:$B$76,$B41,'TỒN KHO'!$P$11:$P$76,"HẾT HÀNG")+COUNTIFS('TỒN KHO'!$B$11:$B$76,$B41,'TỒN KHO'!$P$11:$P$76,"SẮP HẾT") -> 0
B42: Nội thất | E42: =SUMIFS('TỒN KHO'!$J$11:$J$76,'TỒN KHO'!$B$11:$B$76,$B42) -> 398 | F42: =SUMIFS('TỒN KHO'!$O$11:$O$76,'TỒN KHO'!$B$11:$B$76,$B42) -> 1277705000 | G42: =COUNTIFS('TỒN KHO'!$B$11:$B$76,$B42,'TỒN KHO'!$P$11:$P$76,"HẾT HÀNG")+COUNTIFS('TỒN KHO'!$B$11:$B$76,$B42,'TỒN KHO'!$P$11:$P$76,"SẮP HẾT") -> 1
B43: Ngoại thất | E43: =SUMIFS('TỒN KHO'!$J$11:$J$76,'TỒN KHO'!$B$11:$B$76,$B43) -> 1055 | F43: =SUMIFS('TỒN KHO'!$O$11:$O$76,'TỒN KHO'!$B$11:$B$76,$B43) -> 2719271000 | G43: =COUNTIFS('TỒN KHO'!$B$11:$B$76,$B43,'TỒN KHO'!$P$11:$P$76,"HẾT HÀNG")+COUNTIFS('TỒN KHO'!$B$11:$B$76,$B43,'TỒN KHO'!$P$11:$P$76,"SẮP HẾT") -> 0
B44: Chống thấm | E44: =SUMIFS('TỒN KHO'!$J$11:$J$76,'TỒN KHO'!$B$11:$B$76,$B44) -> 158 | F44: =SUMIFS('TỒN KHO'!$O$11:$O$76,'TỒN KHO'!$B$11:$B$76,$B44) -> 596356000 | G44: =COUNTIFS('TỒN KHO'!$B$11:$B$76,$B44,'TỒN KHO'!$P$11:$P$76,"HẾT HÀNG")+COUNTIFS('TỒN KHO'!$B$11:$B$76,$B44,'TỒN KHO'!$P$11:$P$76,"SẮP HẾT") -> 0
B45: Bột bả | E45: =SUMIFS('TỒN KHO'!$J$11:$J$76,'TỒN KHO'!$B$11:$B$76,$B45) -> -17 | F45: =SUMIFS('TỒN KHO'!$O$11:$O$76,'TỒN KHO'!$B$11:$B$76,$B45) -> 2376000 | G45: =COUNTIFS('TỒN KHO'!$B$11:$B$76,$B45,'TỒN KHO'!$P$11:$P$76,"HẾT HÀNG")+COUNTIFS('TỒN KHO'!$B$11:$B$76,$B45,'TỒN KHO'!$P$11:$P$76,"SẮP HẾT") -> 0

Sheet TỒN KHO
A1: TỒN KHO – NHẬP / XUẤT / TỒN
A2: Tồn hiện tại = Tồn đầu kỳ + Nhập − Xuất (chỉ tính phiếu SAU ngày chốt tồn đầu kỳ). Các ô vàng là thông số chị có thể đổi.
A3: Ngày chốt báo cáo (tự lấy ngày phiếu mới nhất, có thể gõ đè) | E3: =MAX(MAX('XUẤT KHO'!$A$5:$A$2004),MAX('NHẬP KHO'!$A$5:$A$2004)) -> 46294
A4: Tồn đầu kỳ tính đến hết ngày | E4: 46180
A5: Tính tốc độ bán theo (số ngày gần nhất) | E5: 90
A6: Cảnh báo SẮP HẾT khi đủ bán dưới (ngày) | E6: 30
A7: Gợi ý đặt hàng để đủ bán (ngày) | E7: 45
G8: =IF(ABS(SUMIFS('XUẤT KHO'!$E$5:$E$2004,'XUẤT KHO'!$A$5:$A$2004,">"&$E$4)-I77)+ABS(SUMIFS('NHẬP KHO'!$E$5:$E$2004,'NHẬP KHO'!$A$5:$A$2004,">"&$E$4)-H77)>0,"⚠ Có phiếu XUẤT/NHẬP ghi mã hoặc dung tích chưa có trong bảng dưới (số lượng lệch: "&TEXT(SUMIFS('XUẤT KHO'!$E$5:$E$2004,'XUẤT KHO'!$A$5:$A$2004,">"&$E$4)-I77,"#,##0")&" xuất, "&TEXT(SUMIFS('NHẬP KHO'!$E$5:$E$2004,'NHẬP KHO'!$A$5:$A$2004,">"&$E$4)-H77,"#,##0")&" nhập) – thêm dòng mới ở TỒN KHO","")
A10: STT | B10: Nhóm | C10: Mã SP | D10: Tên sản phẩm | E10: Dung tích | F10: Giá KN (VNĐ) | G10: Tồn đầu kỳ | H10: Nhập | I10: Xuất | J10: TỒN HIỆN TẠI | K10: Xuất trong kỳ tính tốc độ | L10: Bán TB / ngày | M10: Đủ bán (ngày) | N10: Gợi ý đặt thêm | O10: Giá trị tồn (theo giá KN) | P10: TRẠNG THÁI | Q10: (hỗ trợ đặt hàng) | R10: (hỗ trợ bán chạy)
A11: =IF(C11="","",ROW()-10) -> 1 | B11: =IF(C11="","",IFERROR(INDEX('DANH MỤC'!$C$5:$C$200,MATCH(C11,'DANH MỤC'!$A$5:$A$200,0)),"⚠ Mã chưa có trong DANH MỤC")) -> Sơn lót | C11: PI04 | D11: =IF(C11="","",IFERROR(INDEX('DANH MỤC'!$B$5:$B$200,MATCH(C11,'DANH MỤC'!$A$5:$A$200,0)),"⚠ Mã chưa có trong DANH MỤC")) -> Sơn lót nội thất kháng kiềm cao cấp Imperia PI04 | E11: 5L | F11: 999000 | G11: =IF($C11="","",SUMIFS('TỒN ĐẦU KỲ'!$E$5:$E$123,'TỒN ĐẦU KỲ'!$B$5:$B$123,$C11,'TỒN ĐẦU KỲ'!$D$5:$D$123,$E11)) -> 6 | H11: =IF($C11="","",SUMIFS('NHẬP KHO'!$E$5:$E$2004,'NHẬP KHO'!$C$5:$C$2004,$C11,'NHẬP KHO'!$D$5:$D$2004,$E11,'NHẬP KHO'!$A$5:$A$2004,">"&$E$4)) -> 0 | I11: =IF($C11="","",SUMIFS('XUẤT KHO'!$E$5:$E$2004,'XUẤT KHO'!$C$5:$C$2004,$C11,'XUẤT KHO'!$D$5:$D$2004,$E11,'XUẤT KHO'!$A$5:$A$2004,">"&$E$4)) -> 4 | J11: =IF($C11="","",G11+H11-I11) -> 2 | K11: =IF($C11="","",SUMIFS('XUẤT KHO'!$E$5:$E$2004,'XUẤT KHO'!$C$5:$C$2004,$C11,'XUẤT KHO'!$D$5:$D$2004,$E11,'XUẤT KHO'!$A$5:$A$2004,">"&($E$3-$E$5),'XUẤT KHO'!$A$5:$A$2004,"<="&$E$3)) -> 0 | L11: =IF($C11="","",K11/$E$5) -> 0 | M11: =IF($C11="","",IF(L11=0,"-",IF(J11<=0,0,J11/L11))) -> - | N11: =IF($C11="","",IF(L11=0,0,MAX(0,ROUNDUP(L11*$E$7,0)-J11))) -> 0 | O11: =IF($C11="","",IF(F11="",0,MAX(J11,0)*F11)) -> 1998000 | P11: =IF($C11="","",IF(J11<0,"ÂM KHO – kiểm tra",IF(AND(J11=0,K11>0),"HẾT HÀNG",IF(J11=0,"Hết (ít bán)",IF(K11=0,"Chậm bán",IF(M11<$E$6,"SẮP HẾT","Đủ hàng")))))) -> Chậm bán | Q11: =IF(OR(P11="HẾT HÀNG",P11="SẮP HẾT"),IF(ISNUMBER(M11),M11,0)+ROW()/100000,"") | R11: =IF(N(K11)>0,K11+ROW()/100000,"")
A12: =IF(C12="","",ROW()-10) -> 2 | B12: =IF(C12="","",IFERROR(INDEX('DANH MỤC'!$C$5:$C$200,MATCH(C12,'DANH MỤC'!$A$5:$A$200,0)),"⚠ Mã chưa có trong DANH MỤC")) -> Sơn lót | C12: PI04 | D12: =IF(C12="","",IFERROR(INDEX('DANH MỤC'!$B$5:$B$200,MATCH(C12,'DANH MỤC'!$A$5:$A$200,0)),"⚠ Mã chưa có trong DANH MỤC")) -> Sơn lót nội thất kháng kiềm cao cấp Imperia PI04 | E12: 18L | F12: 3012000 | G12: =IF($C12="","",SUMIFS('TỒN ĐẦU KỲ'!$E$5:$E$123,'TỒN ĐẦU KỲ'!$B$5:$B$123,$C12,'TỒN ĐẦU KỲ'!$D$5:$D$123,$E12)) -> 195 | H12: =IF($C12="","",SUMIFS('NHẬP KHO'!$E$5:$E$2004,'NHẬP KHO'!$C$5:$C$2004,$C12,'NHẬP KHO'!$D$5:$D$2004,$E12,'NHẬP KHO'!$A$5:$A$2004,">"&$E$4)) -> 5 | I12: =IF($C12="","",SUMIFS('XUẤT KHO'!$E$5:$E$2004,'XUẤT KHO'!$C$5:$C$2004,$C12,'XUẤT KHO'!$D$5:$D$2004,$E12,'XUẤT KHO'!$A$5:$A$2004,">"&$E$4)) -> 83 | J12: =IF($C12="","",G12+H12-I12) -> 117 | K12: =IF($C12="","",SUMIFS('XUẤT KHO'!$E$5:$E$2004,'XUẤT KHO'!$C$5:$C$2004,$C12,'XUẤT KHO'!$D$5:$D$2004,$E12,'XUẤT KHO'!$A$5:$A$2004,">"&($E$3-$E$5),'XUẤT KHO'!$A$5:$A$2004,"<="&$E$3)) -> 50 | L12: =IF($C12="","",K12/$E$5) -> 0.55555556 | M12: =IF($C12="","",IF(L12=0,"-",IF(J12<=0,0,J12/L12))) -> 210.6 | N12: =IF($C12="","",IF(L12=0,0,MAX(0,ROUNDUP(L12*$E$7,0)-J12))) -> 0 | O12: =IF($C12="","",IF(F12="",0,MAX(J12,0)*F12)) -> 352404000 | P12: =IF($C12="","",IF(J12<0,"ÂM KHO – kiểm tra",IF(AND(J12=0,K12>0),"HẾT HÀNG",IF(J12=0,"Hết (ít bán)",IF(K12=0,"Chậm bán",IF(M12<$E$6,"SẮP HẾT","Đủ hàng")))))) -> Đủ hàng | Q12: =IF(OR(P12="HẾT HÀNG",P12="SẮP HẾT"),IF(ISNUMBER(M12),M12,0)+ROW()/100000,"") | R12: =IF(N(K12)>0,K12+ROW()/100000,"") -> 50.00012
A13: =IF(C13="","",ROW()-10) -> 3 | B13: =IF(C13="","",IFERROR(INDEX('DANH MỤC'!$C$5:$C$200,MATCH(C13,'DANH MỤC'!$A$5:$A$200,0)),"⚠ Mã chưa có trong DANH MỤC")) -> Sơn lót | C13: PE02 | D13: =IF(C13="","",IFERROR(INDEX('DANH MỤC'!$B$5:$B$200,MATCH(C13,'DANH MỤC'!$A$5:$A$200,0)),"⚠ Mã chưa có trong DANH MỤC")) -> Sơn lót ngoại thất kháng kiềm cao cấp Imperia PE02 | E13: 5L | F13: 1419000 | G13: =IF($C13="","",SUMIFS('TỒN ĐẦU KỲ'!$E$5:$E$123,'TỒN ĐẦU KỲ'!$B$5:$B$123,$C13,'TỒN ĐẦU KỲ'!$D$5:$D$123,$E13)) -> 0 | H13: =IF($C13="","",SUMIFS('NHẬP KHO'!$E$5:$E$2004,'NHẬP KHO'!$C$5:$C$2004,$C13,'NHẬP KHO'!$D$5:$D$2004,$E13,'NHẬP KHO'!$A$5:$A$2004,">"&$E$4)) -> 0 | I13: =IF($C13="","",SUMIFS('XUẤT KHO'!$E$5:$E$2004,'XUẤT KHO'!$C$5:$C$2004,$C13,'XUẤT KHO'!$D$5:$D$2004,$E13,'XUẤT KHO'!$A$5:$A$2004,">"&$E$4)) -> 4 | J13: =IF($C13="","",G13+H13-I13) -> -4 | K13: =IF($C13="","",SUMIFS('XUẤT KHO'!$E$5:$E$2004,'XUẤT KHO'!$C$5:$C$2004,$C13,'XUẤT KHO'!$D$5:$D$2004,$E13,'XUẤT KHO'!$A$5:$A$2004,">"&($E$3-$E$5),'XUẤT KHO'!$A$5:$A$2004,"<="&$E$3)) -> 4 | L13: =IF($C13="","",K13/$E$5) -> 0.044444444 | M13: =IF($C13="","",IF(L13=0,"-",IF(J13<=0,0,J13/L13))) -> 0 | N13: =IF($C13="","",IF(L13=0,0,MAX(0,ROUNDUP(L13*$E$7,0)-J13))) -> 6 | O13: =IF($C13="","",IF(F13="",0,MAX(J13,0)*F13)) -> 0 | P13: =IF($C13="","",IF(J13<0,"ÂM KHO – kiểm tra",IF(AND(J13=0,K13>0),"HẾT HÀNG",IF(J13=0,"Hết (ít bán)",IF(K13=0,"Chậm bán",IF(M13<$E$6,"SẮP HẾT","Đủ hàng")))))) -> ÂM KHO – kiểm tra | Q13: =IF(OR(P13="HẾT HÀNG",P13="SẮP HẾT"),IF(ISNUMBER(M13),M13,0)+ROW()/100000,"") | R13: =IF(N(K13)>0,K13+ROW()/100000,"") -> 4.00013
A14: =IF(C14="","",ROW()-10) -> 4 | B14: =IF(C14="","",IFERROR(INDEX('DANH MỤC'!$C$5:$C$200,MATCH(C14,'DANH MỤC'!$A$5:$A$200,0)),"⚠ Mã chưa có trong DANH MỤC")) -> Sơn lót | C14: PE02 | D14: =IF(C14="","",IFERROR(INDEX('DANH MỤC'!$B$5:$B$200,MATCH(C14,'DANH MỤC'!$A$5:$A$200,0)),"⚠ Mã chưa có trong DANH MỤC")) -> Sơn lót ngoại thất kháng kiềm cao cấp Imperia PE02 | E14: 18L | F14: 4106000 | G14: =IF($C14="","",SUMIFS('TỒN ĐẦU KỲ'!$E$5:$E$123,'TỒN ĐẦU KỲ'!$B$5:$B$123,$C14,'TỒN ĐẦU KỲ'!$D$5:$D$123,$E14)) -> 253 | H14: =IF($C14="","",SUMIFS('NHẬP KHO'!$E$5:$E$2004,'NHẬP KHO'!$C$5:$C$2004,$C14,'NHẬP KHO'!$D$5:$D$2004,$E14,'NHẬP KHO'!$A$5:$A$2004,">"&$E$4)) -> 1 | I14: =IF($C14="","",SUMIFS('XUẤT KHO'!$E$5:$E$2004,'XUẤT KHO'!$C$5:$C$2004,$C14,'XUẤT KHO'!$D$5:$D$2004,$E14,'XUẤT KHO'!$A$5:$A$2004,">"&$E$4)) -> 29 | J14: =IF($C14="","",G14+H14-I14) -> 225 | K14: =IF($C14="","",SUMIFS('XUẤT KHO'!$E$5:$E$2004,'XUẤT KHO'!$C$5:$C$2004,$C14,'XUẤT KHO'!$D$5:$D$2004,$E14,'XUẤT KHO'!$A$5:$A$2004,">"&($E$3-$E$5),'XUẤT KHO'!$A$5:$A$2004,"<="&$E$3)) -> 18 | L14: =IF($C14="","",K14/$E$5) -> 0.2 | M14: =IF($C14="","",IF(L14=0,"-",IF(J14<=0,0,J14/L14))) -> 1125 | N14: =IF($C14="","",IF(L14=0,0,MAX(0,ROUNDUP(L14*$E$7,0)-J14))) -> 0 | O14: =IF($C14="","",IF(F14="",0,MAX(J14,0)*F14)) -> 923850000 | P14: =IF($C14="","",IF(J14<0,"ÂM KHO – kiểm tra",IF(AND(J14=0,K14>0),"HẾT HÀNG",IF(J14=0,"Hết (ít bán)",IF(K14=0,"Chậm bán",IF(M14<$E$6,"SẮP HẾT","Đủ hàng")))))) -> Đủ hàng | Q14: =IF(OR(P14="HẾT HÀNG",P14="SẮP HẾT"),IF(ISNUMBER(M14),M14,0)+ROW()/100000,"") | R14: =IF(N(K14)>0,K14+ROW()/100000,"") -> 18.00014
A15: =IF(C15="","",ROW()-10) -> 5 | B15: =IF(C15="","",IFERROR(INDEX('DANH MỤC'!$C$5:$C$200,MATCH(C15,'DANH MỤC'!$A$5:$A$200,0)),"⚠ Mã chưa có trong DANH MỤC")) -> Sơn lót | C15: SPI03 | D15: =IF(C15="","",IFERROR(INDEX('DANH MỤC'!$B$5:$B$200,MATCH(C15,'DANH MỤC'!$A$5:$A$200,0)),"⚠ Mã chưa có trong DANH MỤC")) -> Sơn lót nội thất kháng kiềm siêu cao cấp SPI03 | E15: 5L | F15: 1181000 | G15: =IF($C15="","",SUMIFS('TỒN ĐẦU KỲ'!$E$5:$E$123,'TỒN ĐẦU KỲ'!$B$5:$B$123,$C15,'TỒN ĐẦU KỲ'!$D$5:$D$123,$E15)) -> 7 | H15: =IF($C15="","",SUMIFS('NHẬP KHO'!$E$5:$E$2004,'NHẬP KHO'!$C$5:$C$2004,$C15,'NHẬP KHO'!$D$5:$D$2004,$E15,'NHẬP KHO'!$A$5:$A$2004,">"&$E$4)) -> 0 | I15: =IF($C15="","",SUMIFS('XUẤT KHO'!$E$5:$E$2004,'XUẤT KHO'!$C$5:$C$2004,$C15,'XUẤT KHO'!$D$5:$D$2004,$E15,'XUẤT KHO'!$A$5:$A$2004,">"&$E$4)) -> 0 | J15: =IF($C15="","",G15+H15-I15) -> 7 | K15: =IF($C15="","",SUMIFS('XUẤT KHO'!$E$5:$E$2004,'XUẤT KHO'!$C$5:$C$2004,$C15,'XUẤT KHO'!$D$5:$D$2004,$E15,'XUẤT KHO'!$A$5:$A$2004,">"&($E$3-$E$5),'XUẤT KHO'!$A$5:$A$2004,"<="&$E$3)) -> 0 | L15: =IF($C15="","",K15/$E$5) -> 0 | M15: =IF($C15="","",IF(L15=0,"-",IF(J15<=0,0,J15/L15))) -> - | N15: =IF($C15="","",IF(L15=0,0,MAX(0,ROUNDUP(L15*$E$7,0)-J15))) -> 0 | O15: =IF($C15="","",IF(F15="",0,MAX(J15,0)*F15)) -> 8267000 | P15: =IF($C15="","",IF(J15<0,"ÂM KHO – kiểm tra",IF(AND(J15=0,K15>0),"HẾT HÀNG",IF(J15=0,"Hết (ít bán)",IF(K15=0,"Chậm bán",IF(M15<$E$6,"SẮP HẾT","Đủ hàng")))))) -> Chậm bán | Q15: =IF(OR(P15="HẾT HÀNG",P15="SẮP HẾT"),IF(ISNUMBER(M15),M15,0)+ROW()/100000,"") | R15: =IF(N(K15)>0,K15+ROW()/100000,"")
A16: =IF(C16="","",ROW()-10) -> 6 | B16: =IF(C16="","",IFERROR(INDEX('DANH MỤC'!$C$5:$C$200,MATCH(C16,'DANH MỤC'!$A$5:$A$200,0)),"⚠ Mã chưa có trong DANH MỤC")) -> Sơn lót | C16: SPI03 | D16: =IF(C16="","",IFERROR(INDEX('DANH MỤC'!$B$5:$B$200,MATCH(C16,'DANH MỤC'!$A$5:$A$200,0)),"⚠ Mã chưa có trong DANH MỤC")) -> Sơn lót nội thất kháng kiềm siêu cao cấp SPI03 | E16: 18L | F16: 3596000 | G16: =IF($C16="","",SUMIFS('TỒN ĐẦU KỲ'!$E$5:$E$123,'TỒN ĐẦU KỲ'!$B$5:$B$123,$C16,'TỒN ĐẦU KỲ'!$D$5:$D$123,$E16)) -> 25 | H16: =IF($C16="","",SUMIFS('NHẬP KHO'!$E$5:$E$2004,'NHẬP KHO'!$C$5:$C$2004,$C16,'NHẬP KHO'!$D$5:$D$2004,$E16,'NHẬP KHO'!$A$5:$A$2004,">"&$E$4)) -> 0 | I16: =IF($C16="","",SUMIFS('XUẤT KHO'!$E$5:$E$2004,'XUẤT KHO'!$C$5:$C$2004,$C16,'XUẤT KHO'!$D$5:$D$2004,$E16,'XUẤT KHO'!$A$5:$A$2004,">"&$E$4)) -> 0 | J16: =IF($C16="","",G16+H16-I16) -> 25 | K16: =IF($C16="","",SUMIFS('XUẤT KHO'!$E$5:$E$2004,'XUẤT KHO'!$C$5:$C$2004,$C16,'XUẤT KHO'!$D$5:$D$2004,$E16,'XUẤT KHO'!$A$5:$A$2004,">"&($E$3-$E$5),'XUẤT KHO'!$A$5:$A$2004,"<="&$E$3)) -> 0 | L16: =IF($C16="","",K16/$E$5) -> 0 | M16: =IF($C16="","",IF(L16=0,"-",IF(J16<=0,0,J16/L16))) -> - | N16: =IF($C16="","",IF(L16=0,0,MAX(0,ROUNDUP(L16*$E$7,0)-J16))) -> 0 | O16: =IF($C16="","",IF(F16="",0,MAX(J16,0)*F16)) -> 89900000 | P16: =IF($C16="","",IF(J16<0,"ÂM KHO – kiểm tra",IF(AND(J16=0,K16>0),"HẾT HÀNG",IF(J16=0,"Hết (ít bán)",IF(K16=0,"Chậm bán",IF(M16<$E$6,"SẮP HẾT","Đủ hàng")))))) -> Chậm bán | Q16: =IF(OR(P16="HẾT HÀNG",P16="SẮP HẾT"),IF(ISNUMBER(M16),M16,0)+ROW()/100000,"") | R16: =IF(N(K16)>0,K16+ROW()/100000,"")
A17: =IF(C17="","",ROW()-10) -> 7 | B17: =IF(C17="","",IFERROR(INDEX('DANH MỤC'!$C$5:$C$200,MATCH(C17,'DANH MỤC'!$A$5:$A$200,0)),"⚠ Mã chưa có trong DANH MỤC")) -> Sơn lót | C17: SPE01 | D17: =IF(C17="","",IFERROR(INDEX('DANH MỤC'!$B$5:$B$200,MATCH(C17,'DANH MỤC'!$A$5:$A$200,0)),"⚠ Mã chưa có trong DANH MỤC")) -> Sơn lót ngoại thất kháng kiềm siêu cao cấp SPE01 | E17: 5L | F17: 1555000 | G17: =IF($C17="","",SUMIFS('TỒN ĐẦU KỲ'!$E$5:$E$123,'TỒN ĐẦU KỲ'!$B$5:$B$123,$C17,'TỒN ĐẦU KỲ'!$D$5:$D$123,$E17)) -> 4 | H17: =IF($C17="","",SUMIFS('NHẬP KHO'!$E$5:$E$2004,'NHẬP KHO'!$C$5:$C$2004,$C17,'NHẬP KHO'!$D$5:$D$2004,$E17,'NHẬP KHO'!$A$5:$A$2004,">"&$E$4)) -> 0 | I17: =IF($C17="","",SUMIFS('XUẤT KHO'!$E$5:$E$2004,'XUẤT KHO'!$C$5:$C$2004,$C17,'XUẤT KHO'!$D$5:$D$2004,$E17,'XUẤT KHO'!$A$5:$A$2004,">"&$E$4)) -> 0 | J17: =IF($C17="","",G17+H17-I17) -> 4 | K17: =IF($C17="","",SUMIFS('XUẤT KHO'!$E$5:$E$2004,'XUẤT KHO'!$C$5:$C$2004,$C17,'XUẤT KHO'!$D$5:$D$2004,$E17,'XUẤT KHO'!$A$5:$A$2004,">"&($E$3-$E$5),'XUẤT KHO'!$A$5:$A$2004,"<="&$E$3)) -> 0 | L17: =IF($C17="","",K17/$E$5) -> 0 | M17: =IF($C17="","",IF(L17=0,"-",IF(J17<=0,0,J17/L17))) -> - | N17: =IF($C17="","",IF(L17=0,0,MAX(0,ROUNDUP(L17*$E$7,0)-J17))) -> 0 | O17: =IF($C17="","",IF(F17="",0,MAX(J17,0)*F17)) -> 6220000 | P17: =IF($C17="","",IF(J17<0,"ÂM KHO – kiểm tra",IF(AND(J17=0,K17>0),"HẾT HÀNG",IF(J17=0,"Hết (ít bán)",IF(K17=0,"Chậm bán",IF(M17<$E$6,"SẮP HẾT","Đủ hàng")))))) -> Chậm bán | Q17: =IF(OR(P17="HẾT HÀNG",P17="SẮP HẾT"),IF(ISNUMBER(M17),M17,0)+ROW()/100000,"") | R17: =IF(N(K17)>0,K17+ROW()/100000,"")
A18: =IF(C18="","",ROW()-10) -> 8 | B18: =IF(C18="","",IFERROR(INDEX('DANH MỤC'!$C$5:$C$200,MATCH(C18,'DANH MỤC'!$A$5:$A$200,0)),"⚠ Mã chưa có trong DANH MỤC")) -> Sơn lót | C18: SPE01 | D18: =IF(C18="","",IFERROR(INDEX('DANH MỤC'!$B$5:$B$200,MATCH(C18,'DANH MỤC'!$A$5:$A$200,0)),"⚠ Mã chưa có trong DANH MỤC")) -> Sơn lót ngoại thất kháng kiềm siêu cao cấp SPE01 | E18: 18L | F18: 4725000 | G18: =IF($C18="","",SUMIFS('TỒN ĐẦU KỲ'!$E$5:$E$123,'TỒN ĐẦU KỲ'!$B$5:$B$123,$C18,'TỒN ĐẦU KỲ'!$D$5:$D$123,$E18)) -> 14 | H18: =IF($C18="","",SUMIFS('NHẬP KHO'!$E$5:$E$2004,'NHẬP KHO'!$C$5:$C$2004,$C18,'NHẬP KHO'!$D$5:$D$2004,$E18,'NHẬP KHO'!$A$5:$A$2004,">"&$E$4)) -> 0 | I18: =IF($C18="","",SUMIFS('XUẤT KHO'!$E$5:$E$2004,'XUẤT KHO'!$C$5:$C$2004,$C18,'XUẤT KHO'!$D$5:$D$2004,$E18,'XUẤT KHO'!$A$5:$A$2004,">"&$E$4)) -> 0 | J18: =IF($C18="","",G18+H18-I18) -> 14 | K18: =IF($C18="","",SUMIFS('XUẤT KHO'!$E$5:$E$2004,'XUẤT KHO'!$C$5:$C$2004,$C18,'XUẤT KHO'!$D$5:$D$2004,$E18,'XUẤT KHO'!$A$5:$A$2004,">"&($E$3-$E$5),'XUẤT KHO'!$A$5:$A$2004,"<="&$E$3)) -> 0 | L18: =IF($C18="","",K18/$E$5) -> 0 | M18: =IF($C18="","",IF(L18=0,"-",IF(J18<=0,0,J18/L18))) -> - | N18: =IF($C18="","",IF(L18=0,0,MAX(0,ROUNDUP(L18*$E$7,0)-J18))) -> 0 | O18: =IF($C18="","",IF(F18="",0,MAX(J18,0)*F18)) -> 66150000 | P18: =IF($C18="","",IF(J18<0,"ÂM KHO – kiểm tra",IF(AND(J18=0,K18>0),"HẾT HÀNG",IF(J18=0,"Hết (ít bán)",IF(K18=0,"Chậm bán",IF(M18<$E$6,"SẮP HẾT","Đủ hàng")))))) -> Chậm bán | Q18: =IF(OR(P18="HẾT HÀNG",P18="SẮP HẾT"),IF(ISNUMBER(M18),M18,0)+ROW()/100000,"") | R18: =IF(N(K18)>0,K18+ROW()/100000,"")
A19: =IF(C19="","",ROW()-10) -> 9 | B19: =IF(C19="","",IFERROR(INDEX('DANH MỤC'!$C$5:$C$200,MATCH(C19,'DANH MỤC'!$A$5:$A$200,0)),"⚠ Mã chưa có trong DANH MỤC")) -> Sơn lót | C19: IL5 | D19: =IF(C19="","",IFERROR(INDEX('DANH MỤC'!$B$5:$B$200,MATCH(C19,'DANH MỤC'!$A$5:$A$200,0)),"⚠ Mã chưa có trong DANH MỤC")) -> Sơn lót nội thất kháng kiềm Silver IL5 | E19: 5L | F19: 767000 | G19: =IF($C19="","",SUMIFS('TỒN ĐẦU KỲ'!$E$5:$E$123,'TỒN ĐẦU KỲ'!$B$5:$B$123,$C19,'TỒN ĐẦU KỲ'!$D$5:$D$123,$E19)) -> 21 | H19: =IF($C19="","",SUMIFS('NHẬP KHO'!$E$5:$E$2004,'NHẬP KHO'!$C$5:$C$2004,$C19,'NHẬP KHO'!$D$5:$D$2004,$E19,'NHẬP KHO'!$A$5:$A$2004,">"&$E$4)) -> 0 | I19: =IF($C19="","",SUMIFS('XUẤT KHO'!$E$5:$E$2004,'XUẤT KHO'!$C$5:$C$2004,$C19,'XUẤT KHO'!$D$5:$D$2004,$E19,'XUẤT KHO'!$A$5:$A$2004,">"&$E$4)) -> 1 | J19: =IF($C19="","",G19+H19-I19) -> 20 | K19: =IF($C19="","",SUMIFS('XUẤT KHO'!$E$5:$E$2004,'XUẤT KHO'!$C$5:$C$2004,$C19,'XUẤT KHO'!$D$5:$D$2004,$E19,'XUẤT KHO'!$A$5:$A$2004,">"&($E$3-$E$5),'XUẤT KHO'!$A$5:$A$2004,"<="&$E$3)) -> 0 | L19: =IF($C19="","",K19/$E$5) -> 0 | M19: =IF($C19="","",IF(L19=0,"-",IF(J19<=0,0,J19/L19))) -> - | N19: =IF($C19="","",IF(L19=0,0,MAX(0,ROUNDUP(L19*$E$7,0)-J19))) -> 0 | O19: =IF($C19="","",IF(F19="",0,MAX(J19,0)*F19)) -> 15340000 | P19: =IF($C19="","",IF(J19<0,"ÂM KHO – kiểm tra",IF(AND(J19=0,K19>0),"HẾT HÀNG",IF(J19=0,"Hết (ít bán)",IF(K19=0,"Chậm bán",IF(M19<$E$6,"SẮP HẾT","Đủ hàng")))))) -> Chậm bán | Q19: =IF(OR(P19="HẾT HÀNG",P19="SẮP HẾT"),IF(ISNUMBER(M19),M19,0)+ROW()/100000,"") | R19: =IF(N(K19)>0,K19+ROW()/100000,"")
A20: =IF(C20="","",ROW()-10) -> 10 | B20: =IF(C20="","",IFERROR(INDEX('DANH MỤC'!$C$5:$C$200,MATCH(C20,'DANH MỤC'!$A$5:$A$200,0)),"⚠ Mã chưa có trong DANH MỤC")) -> Sơn lót | C20: IL5 | D20: =IF(C20="","",IFERROR(INDEX('DANH MỤC'!$B$5:$B$200,MATCH(C20,'DANH MỤC'!$A$5:$A$200,0)),"⚠ Mã chưa có trong DANH MỤC")) -> Sơn lót nội thất kháng kiềm Silver IL5 | E20: 18L | F20: 2185000 | G20: =IF($C20="","",SUMIFS('TỒN ĐẦU KỲ'!$E$5:$E$123,'TỒN ĐẦU KỲ'!$B$5:$B$123,$C20,'TỒN ĐẦU KỲ'!$D$5:$D$123,$E20)) -> 94 | H20: =IF($C20="","",SUMIFS('NHẬP KHO'!$E$5:$E$2004,'NHẬP KHO'!$C$5:$C$2004,$C20,'NHẬP KHO'!$D$5:$D$2004,$E20,'NHẬP KHO'!$A$5:$A$2004,">"&$E$4)) -> 0 | I20: =IF($C20="","",SUMIFS('XUẤT KHO'!$E$5:$E$2004,'XUẤT KHO'!$C$5:$C$2004,$C20,'XUẤT KHO'!$D$5:$D$2004,$E20,'XUẤT KHO'!$A$5:$A$2004,">"&$E$4)) -> 32 | J20: =IF($C20="","",G20+H20-I20) -> 62 | K20: =IF($C20="","",SUMIFS('XUẤT KHO'!$E$5:$E$2004,'XUẤT KHO'!$C$5:$C$2004,$C20,'XUẤT KHO'!$D$5:$D$2004,$E20,'XUẤT KHO'!$A$5:$A$2004,">"&($E$3-$E$5),'XUẤT KHO'!$A$5:$A$2004,"<="&$E$3)) -> 20 | L20: =IF($C20="","",K20/$E$5) -> 0.22222222 | M20: =IF($C20="","",IF(L20=0,"-",IF(J20<=0,0,J20/L20))) -> 279 | N20: =IF($C20="","",IF(L20=0,0,MAX(0,ROUNDUP(L20*$E$7,0)-J20))) -> 0 | O20: =IF($C20="","",IF(F20="",0,MAX(J20,0)*F20)) -> 135470000 | P20: =IF($C20="","",IF(J20<0,"ÂM KHO – kiểm tra",IF(AND(J20=0,K20>0),"HẾT HÀNG",IF(J20=0,"Hết (ít bán)",IF(K20=0,"Chậm bán",IF(M20<$E$6,"SẮP HẾT","Đủ hàng")))))) -> Đủ hàng | Q20: =IF(OR(P20="HẾT HÀNG",P20="SẮP HẾT"),IF(ISNUMBER(M20),M20,0)+ROW()/100000,"") | R20: =IF(N(K20)>0,K20+ROW()/100000,"") -> 20.0002
A21: =IF(C21="","",ROW()-10) -> 11 | B21: =IF(C21="","",IFERROR(INDEX('DANH MỤC'!$C$5:$C$200,MATCH(C21,'DANH MỤC'!$A$5:$A$200,0)),"⚠ Mã chưa có trong DANH MỤC")) -> Sơn lót | C21: EL5 | D21: =IF(C21="","",IFERROR(INDEX('DANH MỤC'!$B$5:$B$200,MATCH(C21,'DANH MỤC'!$A$5:$A$200,0)),"⚠ Mã chưa có trong DANH MỤC")) -> Sơn lót ngoại thất kháng kiềm Silver EL5 | E21: 5L | F21: 960000 | G21: =IF($C21="","",SUMIFS('TỒN ĐẦU KỲ'!$E$5:$E$123,'TỒN ĐẦU KỲ'!$B$5:$B$123,$C21,'TỒN ĐẦU KỲ'!$D$5:$D$123,$E21)) -> 21 | H21: =IF($C21="","",SUMIFS('NHẬP KHO'!$E$5:$E$2004,'NHẬP KHO'!$C$5:$C$2004,$C21,'NHẬP KHO'!$D$5:$D$2004,$E21,'NHẬP KHO'!$A$5:$A$2004,">"&$E$4)) -> 2 | I21: =IF($C21="","",SUMIFS('XUẤT KHO'!$E$5:$E$2004,'XUẤT KHO'!$C$5:$C$2004,$C21,'XUẤT KHO'!$D$5:$D$2004,$E21,'XUẤT KHO'!$A$5:$A$2004,">"&$E$4)) -> 2 | J21: =IF($C21="","",G21+H21-I21) -> 21 | K21: =IF($C21="","",SUMIFS('XUẤT KHO'!$E$5:$E$2004,'XUẤT KHO'!$C$5:$C$2004,$C21,'XUẤT KHO'!$D$5:$D$2004,$E21,'XUẤT KHO'!$A$5:$A$2004,">"&($E$3-$E$5),'XUẤT KHO'!$A$5:$A$2004,"<="&$E$3)) -> 0 | L21: =IF($C21="","",K21/$E$5) -> 0 | M21: =IF($C21="","",IF(L21=0,"-",IF(J21<=0,0,J21/L21))) -> - | N21: =IF($C21="","",IF(L21=0,0,MAX(0,ROUNDUP(L21*$E$7,0)-J21))) -> 0 | O21: =IF($C21="","",IF(F21="",0,MAX(J21,0)*F21)) -> 20160000 | P21: =IF($C21="","",IF(J21<0,"ÂM KHO – kiểm tra",IF(AND(J21=0,K21>0),"HẾT HÀNG",IF(J21=0,"Hết (ít bán)",IF(K21=0,"Chậm bán",IF(M21<$E$6,"SẮP HẾT","Đủ hàng")))))) -> Chậm bán | Q21: =IF(OR(P21="HẾT HÀNG",P21="SẮP HẾT"),IF(ISNUMBER(M21),M21,0)+ROW()/100000,"") | R21: =IF(N(K21)>0,K21+ROW()/100000,"")
A22: =IF(C22="","",ROW()-10) -> 12 | B22: =IF(C22="","",IFERROR(INDEX('DANH MỤC'!$C$5:$C$200,MATCH(C22,'DANH MỤC'!$A$5:$A$200,0)),"⚠ Mã chưa có trong DANH MỤC")) -> Sơn lót | C22: EL5 | D22: =IF(C22="","",IFERROR(INDEX('DANH MỤC'!$B$5:$B$200,MATCH(C22,'DANH MỤC'!$A$5:$A$200,0)),"⚠ Mã chưa có trong DANH MỤC")) -> Sơn lót ngoại thất kháng kiềm Silver EL5 | E22: 18L | F22: 3097000 | G22: =IF($C22="","",SUMIFS('TỒN ĐẦU KỲ'!$E$5:$E$123,'TỒN ĐẦU KỲ'!$B$5:$B$123,$C22,'TỒN ĐẦU KỲ'!$D$5:$D$123,$E22)) -> 68 | H22: =IF($C22="","",SUMIFS('NHẬP KHO'!$E$5:$E$2004,'NHẬP KHO'!$C$5:$C$2004,$C22,'NHẬP KHO'!$D$5:$D$2004,$E22,'NHẬP KHO'!$A$5:$A$2004,">"&$E$4)) -> 0 | I22: =IF($C22="","",SUMIFS('XUẤT KHO'!$E$5:$E$2004,'XUẤT KHO'!$C$5:$C$2004,$C22,'XUẤT KHO'!$D$5:$D$2004,$E22,'XUẤT KHO'!$A$5:$A$2004,">"&$E$4)) -> 12 | J22: =IF($C22="","",G22+H22-I22) -> 56 | K22: =IF($C22="","",SUMIFS('XUẤT KHO'!$E$5:$E$2004,'XUẤT KHO'!$C$5:$C$2004,$C22,'XUẤT KHO'!$D$5:$D$2004,$E22,'XUẤT KHO'!$A$5:$A$2004,">"&($E$3-$E$5),'XUẤT KHO'!$A$5:$A$2004,"<="&$E$3)) -> 10 | L22: =IF($C22="","",K22/$E$5) -> 0.11111111 | M22: =IF($C22="","",IF(L22=0,"-",IF(J22<=0,0,J22/L22))) -> 504 | N22: =IF($C22="","",IF(L22=0,0,MAX(0,ROUNDUP(L22*$E$7,0)-J22))) -> 0 | O22: =IF($C22="","",IF(F22="",0,MAX(J22,0)*F22)) -> 173432000 | P22: =IF($C22="","",IF(J22<0,"ÂM KHO – kiểm tra",IF(AND(J22=0,K22>0),"HẾT HÀNG",IF(J22=0,"Hết (ít bán)",IF(K22=0,"Chậm bán",IF(M22<$E$6,"SẮP HẾT","Đủ hàng")))))) -> Đủ hàng | Q22: =IF(OR(P22="HẾT HÀNG",P22="SẮP HẾT"),IF(ISNUMBER(M22),M22,0)+ROW()/100000,"") | R22: =IF(N(K22)>0,K22+ROW()/100000,"") -> 10.00022
... A56: =IF(C56="","",ROW()-10) -> 46 | B56: =IF(C56="","",IFERROR(INDEX('DANH MỤC'!$C$5:$C$200,MATCH(C56,'DANH MỤC'!$A$5:$A$200,0)),"⚠ Mã chưa có trong DANH MỤC")) -> Bột bả | C56: BA-NGOAI | D56: =IF(C56="","",IFERROR(INDEX('DANH MỤC'!$B$5:$B$200,MATCH(C56,'DANH MỤC'!$A$5:$A$200,0)),"⚠ Mã chưa có trong DANH MỤC")) -> Bột bả ngoại thất Imperia EP14 (40kg) | E56: Bao | F56: 594000 | G56: =IF($C56="","",SUMIFS('TỒN ĐẦU KỲ'!$E$5:$E$123,'TỒN ĐẦU KỲ'!$B$5:$B$123,$C56,'TỒN ĐẦU KỲ'!$D$5:$D$123,$E56)) -> 13 | H56: =IF($C56="","",SUMIFS('NHẬP KHO'!$E$5:$E$2004,'NHẬP KHO'!$C$5:$C$2004,$C56,'NHẬP KHO'!$D$5:$D$2004,$E56,'NHẬP KHO'!$A$5:$A$2004,">"&$E$4)) -> 0 | I56: =IF($C56="","",SUMIFS('XUẤT KHO'!$E$5:$E$2004,'XUẤT KHO'!$C$5:$C$2004,$C56,'XUẤT KHO'!$D$5:$D$2004,$E56,'XUẤT KHO'!$A$5:$A$2004,">"&$E$4)) -> 9 | J56: =IF($C56="","",G56+H56-I56) -> 4 | K56: =IF($C56="","",SUMIFS('XUẤT KHO'!$E$5:$E$2004,'XUẤT KHO'!$C$5:$C$2004,$C56,'XUẤT KHO'!$D$5:$D$2004,$E56,'XUẤT KHO'!$A$5:$A$2004,">"&($E$3-$E$5),'XUẤT KHO'!$A$5:$A$2004,"<="&$E$3)) -> 9 | L56: =IF($C56="","",K56/$E$5) -> 0.1 | M56: =IF($C56="","",IF(L56=0,"-",IF(J56<=0,0,J56/L56))) -> 40 | N56: =IF($C56="","",IF(L56=0,0,MAX(0,ROUNDUP(L56*$E$7,0)-J56))) -> 1 | O56: =IF($C56="","",IF(F56="",0,MAX(J56,0)*F56)) -> 2376000 | P56: =IF($C56="","",IF(J56<0,"ÂM KHO – kiểm tra",IF(AND(J56=0,K56>0),"HẾT HÀNG",IF(J56=0,"Hết (ít bán)",IF(K56=0,"Chậm bán",IF(M56<$E$6,"SẮP HẾT","Đủ hàng")))))) -> Đủ hàng | Q56: =IF(OR(P56="HẾT HÀNG",P56="SẮP HẾT"),IF(ISNUMBER(M56),M56,0)+ROW()/100000,"") | R56: =IF(N(K56)>0,K56+ROW()/100000,"") -> 9.00056
A57: =IF(C57="","",ROW()-10) | B57: =IF(C57="","",IFERROR(INDEX('DANH MỤC'!$C$5:$C$200,MATCH(C57,'DANH MỤC'!$A$5:$A$200,0)),"⚠ Mã chưa có trong DANH MỤC")) | D57: =IF(C57="","",IFERROR(INDEX('DANH MỤC'!$B$5:$B$200,MATCH(C57,'DANH MỤC'!$A$5:$A$200,0)),"⚠ Mã chưa có trong DANH MỤC")) | G57: =IF($C57="","",SUMIFS('TỒN ĐẦU KỲ'!$E$5:$E$123,'TỒN ĐẦU KỲ'!$B$5:$B$123,$C57,'TỒN ĐẦU KỲ'!$D$5:$D$123,$E57)) | H57: =IF($C57="","",SUMIFS('NHẬP KHO'!$E$5:$E$2004,'NHẬP KHO'!$C$5:$C$2004,$C57,'NHẬP KHO'!$D$5:$D$2004,$E57,'NHẬP KHO'!$A$5:$A$2004,">"&$E$4)) | I57: =IF($C57="","",SUMIFS('XUẤT KHO'!$E$5:$E$2004,'XUẤT KHO'!$C$5:$C$2004,$C57,'XUẤT KHO'!$D$5:$D$2004,$E57,'XUẤT KHO'!$A$5:$A$2004,">"&$E$4)) | J57: =IF($C57="","",G57+H57-I57) | K57: =IF($C57="","",SUMIFS('XUẤT KHO'!$E$5:$E$2004,'XUẤT KHO'!$C$5:$C$2004,$C57,'XUẤT KHO'!$D$5:$D$2004,$E57,'XUẤT KHO'!$A$5:$A$2004,">"&($E$3-$E$5),'XUẤT KHO'!$A$5:$A$2004,"<="&$E$3)) | L57: =IF($C57="","",K57/$E$5) | M57: =IF($C57="","",IF(L57=0,"-",IF(J57<=0,0,J57/L57))) | N57: =IF($C57="","",IF(L57=0,0,MAX(0,ROUNDUP(L57*$E$7,0)-J57))) | O57: =IF($C57="","",IF(F57="",0,MAX(J57,0)*F57)) | P57: =IF($C57="","",IF(J57<0,"ÂM KHO – kiểm tra",IF(AND(J57=0,K57>0),"HẾT HÀNG",IF(J57=0,"Hết (ít bán)",IF(K57=0,"Chậm bán",IF(M57<$E$6,"SẮP HẾT","Đủ hàng")))))) | Q57: =IF(OR(P57="HẾT HÀNG",P57="SẮP HẾT"),IF(ISNUMBER(M57),M57,0)+ROW()/100000,"") | R57: =IF(N(K57)>0,K57+ROW()/100000,"")
A58: =IF(C58="","",ROW()-10) | B58: =IF(C58="","",IFERROR(INDEX('DANH MỤC'!$C$5:$C$200,MATCH(C58,'DANH MỤC'!$A$5:$A$200,0)),"⚠ Mã chưa có trong DANH MỤC")) | D58: =IF(C58="","",IFERROR(INDEX('DANH MỤC'!$B$5:$B$200,MATCH(C58,'DANH MỤC'!$A$5:$A$200,0)),"⚠ Mã chưa có trong DANH MỤC")) | G58: =IF($C58="","",SUMIFS('TỒN ĐẦU KỲ'!$E$5:$E$123,'TỒN ĐẦU KỲ'!$B$5:$B$123,$C58,'TỒN ĐẦU KỲ'!$D$5:$D$123,$E58)) | H58: =IF($C58="","",SUMIFS('NHẬP KHO'!$E$5:$E$2004,'NHẬP KHO'!$C$5:$C$2004,$C58,'NHẬP KHO'!$D$5:$D$2004,$E58,'NHẬP KHO'!$A$5:$A$2004,">"&$E$4)) | I58: =IF($C58="","",SUMIFS('XUẤT KHO'!$E$5:$E$2004,'XUẤT KHO'!$C$5:$C$2004,$C58,'XUẤT KHO'!$D$5:$D$2004,$E58,'XUẤT KHO'!$A$5:$A$2004,">"&$E$4)) | J58: =IF($C58="","",G58+H58-I58) | K58: =IF($C58="","",SUMIFS('XUẤT KHO'!$E$5:$E$2004,'XUẤT KHO'!$C$5:$C$2004,$C58,'XUẤT KHO'!$D$5:$D$2004,$E58,'XUẤT KHO'!$A$5:$A$2004,">"&($E$3-$E$5),'XUẤT KHO'!$A$5:$A$2004,"<="&$E$3)) | L58: =IF($C58="","",K58/$E$5) | M58: =IF($C58="","",IF(L58=0,"-",IF(J58<=0,0,J58/L58))) | N58: =IF($C58="","",IF(L58=0,0,MAX(0,ROUNDUP(L58*$E$7,0)-J58))) | O58: =IF($C58="","",IF(F58="",0,MAX(J58,0)*F58)) | P58: =IF($C58="","",IF(J58<0,"ÂM KHO – kiểm tra",IF(AND(J58=0,K58>0),"HẾT HÀNG",IF(J58=0,"Hết (ít bán)",IF(K58=0,"Chậm bán",IF(M58<$E$6,"SẮP HẾT","Đủ hàng")))))) | Q58: =IF(OR(P58="HẾT HÀNG",P58="SẮP HẾT"),IF(ISNUMBER(M58),M58,0)+ROW()/100000,"") | R58: =IF(N(K58)>0,K58+ROW()/100000,"")
A59: =IF(C59="","",ROW()-10) | B59: =IF(C59="","",IFERROR(INDEX('DANH MỤC'!$C$5:$C$200,MATCH(C59,'DANH MỤC'!$A$5:$A$200,0)),"⚠ Mã chưa có trong DANH MỤC")) | D59: =IF(C59="","",IFERROR(INDEX('DANH MỤC'!$B$5:$B$200,MATCH(C59,'DANH MỤC'!$A$5:$A$200,0)),"⚠ Mã chưa có trong DANH MỤC")) | G59: =IF($C59="","",SUMIFS('TỒN ĐẦU KỲ'!$E$5:$E$123,'TỒN ĐẦU KỲ'!$B$5:$B$123,$C59,'TỒN ĐẦU KỲ'!$D$5:$D$123,$E59)) | H59: =IF($C59="","",SUMIFS('NHẬP KHO'!$E$5:$E$2004,'NHẬP KHO'!$C$5:$C$2004,$C59,'NHẬP KHO'!$D$5:$D$2004,$E59,'NHẬP KHO'!$A$5:$A$2004,">"&$E$4)) | I59: =IF($C59="","",SUMIFS('XUẤT KHO'!$E$5:$E$2004,'XUẤT KHO'!$C$5:$C$2004,$C59,'XUẤT KHO'!$D$5:$D$2004,$E59,'XUẤT KHO'!$A$5:$A$2004,">"&$E$4)) | J59: =IF($C59="","",G59+H59-I59) | K59: =IF($C59="","",SUMIFS('XUẤT KHO'!$E$5:$E$2004,'XUẤT KHO'!$C$5:$C$2004,$C59,'XUẤT KHO'!$D$5:$D$2004,$E59,'XUẤT KHO'!$A$5:$A$2004,">"&($E$3-$E$5),'XUẤT KHO'!$A$5:$A$2004,"<="&$E$3)) | L59: =IF($C59="","",K59/$E$5) | M59: =IF($C59="","",IF(L59=0,"-",IF(J59<=0,0,J59/L59))) | N59: =IF($C59="","",IF(L59=0,0,MAX(0,ROUNDUP(L59*$E$7,0)-J59))) | O59: =IF($C59="","",IF(F59="",0,MAX(J59,0)*F59)) | P59: =IF($C59="","",IF(J59<0,"ÂM KHO – kiểm tra",IF(AND(J59=0,K59>0),"HẾT HÀNG",IF(J59=0,"Hết (ít bán)",IF(K59=0,"Chậm bán",IF(M59<$E$6,"SẮP HẾT","Đủ hàng")))))) | Q59: =IF(OR(P59="HẾT HÀNG",P59="SẮP HẾT"),IF(ISNUMBER(M59),M59,0)+ROW()/100000,"") | R59: =IF(N(K59)>0,K59+ROW()/100000,"")
A60: =IF(C60="","",ROW()-10) | B60: =IF(C60="","",IFERROR(INDEX('DANH MỤC'!$C$5:$C$200,MATCH(C60,'DANH MỤC'!$A$5:$A$200,0)),"⚠ Mã chưa có trong DANH MỤC")) | D60: =IF(C60="","",IFERROR(INDEX('DANH MỤC'!$B$5:$B$200,MATCH(C60,'DANH MỤC'!$A$5:$A$200,0)),"⚠ Mã chưa có trong DANH MỤC")) | G60: =IF($C60="","",SUMIFS('TỒN ĐẦU KỲ'!$E$5:$E$123,'TỒN ĐẦU KỲ'!$B$5:$B$123,$C60,'TỒN ĐẦU KỲ'!$D$5:$D$123,$E60)) | H60: =IF($C60="","",SUMIFS('NHẬP KHO'!$E$5:$E$2004,'NHẬP KHO'!$C$5:$C$2004,$C60,'NHẬP KHO'!$D$5:$D$2004,$E60,'NHẬP KHO'!$A$5:$A$2004,">"&$E$4)) | I60: =IF($C60="","",SUMIFS('XUẤT KHO'!$E$5:$E$2004,'XUẤT KHO'!$C$5:$C$2004,$C60,'XUẤT KHO'!$D$5:$D$2004,$E60,'XUẤT KHO'!$A$5:$A$2004,">"&$E$4)) | J60: =IF($C60="","",G60+H60-I60) | K60: =IF($C60="","",SUMIFS('XUẤT KHO'!$E$5:$E$2004,'XUẤT KHO'!$C$5:$C$2004,$C60,'XUẤT KHO'!$D$5:$D$2004,$E60,'XUẤT KHO'!$A$5:$A$2004,">"&($E$3-$E$5),'XUẤT KHO'!$A$5:$A$2004,"<="&$E$3)) | L60: =IF($C60="","",K60/$E$5) | M60: =IF($C60="","",IF(L60=0,"-",IF(J60<=0,0,J60/L60))) | N60: =IF($C60="","",IF(L60=0,0,MAX(0,ROUNDUP(L60*$E$7,0)-J60))) | O60: =IF($C60="","",IF(F60="",0,MAX(J60,0)*F60)) | P60: =IF($C60="","",IF(J60<0,"ÂM KHO – kiểm tra",IF(AND(J60=0,K60>0),"HẾT HÀNG",IF(J60=0,"Hết (ít bán)",IF(K60=0,"Chậm bán",IF(M60<$E$6,"SẮP HẾT","Đủ hàng")))))) | Q60: =IF(OR(P60="HẾT HÀNG",P60="SẮP HẾT"),IF(ISNUMBER(M60),M60,0)+ROW()/100000,"") | R60: =IF(N(K60)>0,K60+ROW()/100000,"")
A61: =IF(C61="","",ROW()-10) | B61: =IF(C61="","",IFERROR(INDEX('DANH MỤC'!$C$5:$C$200,MATCH(C61,'DANH MỤC'!$A$5:$A$200,0)),"⚠ Mã chưa có trong DANH MỤC")) | D61: =IF(C61="","",IFERROR(INDEX('DANH MỤC'!$B$5:$B$200,MATCH(C61,'DANH MỤC'!$A$5:$A$200,0)),"⚠ Mã chưa có trong DANH MỤC")) | G61: =IF($C61="","",SUMIFS('TỒN ĐẦU KỲ'!$E$5:$E$123,'TỒN ĐẦU KỲ'!$B$5:$B$123,$C61,'TỒN ĐẦU KỲ'!$D$5:$D$123,$E61)) | H61: =IF($C61="","",SUMIFS('NHẬP KHO'!$E$5:$E$2004,'NHẬP KHO'!$C$5:$C$2004,$C61,'NHẬP KHO'!$D$5:$D$2004,$E61,'NHẬP KHO'!$A$5:$A$2004,">"&$E$4)) | I61: =IF($C61="","",SUMIFS('XUẤT KHO'!$E$5:$E$2004,'XUẤT KHO'!$C$5:$C$2004,$C61,'XUẤT KHO'!$D$5:$D$2004,$E61,'XUẤT KHO'!$A$5:$A$2004,">"&$E$4)) | J61: =IF($C61="","",G61+H61-I61) | K61: =IF($C61="","",SUMIFS('XUẤT KHO'!$E$5:$E$2004,'XUẤT KHO'!$C$5:$C$2004,$C61,'XUẤT KHO'!$D$5:$D$2004,$E61,'XUẤT KHO'!$A$5:$A$2004,">"&($E$3-$E$5),'XUẤT KHO'!$A$5:$A$2004,"<="&$E$3)) | L61: =IF($C61="","",K61/$E$5) | M61: =IF($C61="","",IF(L61=0,"-",IF(J61<=0,0,J61/L61))) | N61: =IF($C61="","",IF(L61=0,0,MAX(0,ROUNDUP(L61*$E$7,0)-J61))) | O61: =IF($C61="","",IF(F61="",0,MAX(J61,0)*F61)) | P61: =IF($C61="","",IF(J61<0,"ÂM KHO – kiểm tra",IF(AND(J61=0,K61>0),"HẾT HÀNG",IF(J61=0,"Hết (ít bán)",IF(K61=0,"Chậm bán",IF(M61<$E$6,"SẮP HẾT","Đủ hàng")))))) | Q61: =IF(OR(P61="HẾT HÀNG",P61="SẮP HẾT"),IF(ISNUMBER(M61),M61,0)+ROW()/100000,"") | R61: =IF(N(K61)>0,K61+ROW()/100000,"")
A62: =IF(C62="","",ROW()-10) | B62: =IF(C62="","",IFERROR(INDEX('DANH MỤC'!$C$5:$C$200,MATCH(C62,'DANH MỤC'!$A$5:$A$200,0)),"⚠ Mã chưa có trong DANH MỤC")) | D62: =IF(C62="","",IFERROR(INDEX('DANH MỤC'!$B$5:$B$200,MATCH(C62,'DANH MỤC'!$A$5:$A$200,0)),"⚠ Mã chưa có trong DANH MỤC")) | G62: =IF($C62="","",SUMIFS('TỒN ĐẦU KỲ'!$E$5:$E$123,'TỒN ĐẦU KỲ'!$B$5:$B$123,$C62,'TỒN ĐẦU KỲ'!$D$5:$D$123,$E62)) | H62: =IF($C62="","",SUMIFS('NHẬP KHO'!$E$5:$E$2004,'NHẬP KHO'!$C$5:$C$2004,$C62,'NHẬP KHO'!$D$5:$D$2004,$E62,'NHẬP KHO'!$A$5:$A$2004,">"&$E$4)) | I62: =IF($C62="","",SUMIFS('XUẤT KHO'!$E$5:$E$2004,'XUẤT KHO'!$C$5:$C$2004,$C62,'XUẤT KHO'!$D$5:$D$2004,$E62,'XUẤT KHO'!$A$5:$A$2004,">"&$E$4)) | J62: =IF($C62="","",G62+H62-I62) | K62: =IF($C62="","",SUMIFS('XUẤT KHO'!$E$5:$E$2004,'XUẤT KHO'!$C$5:$C$2004,$C62,'XUẤT KHO'!$D$5:$D$2004,$E62,'XUẤT KHO'!$A$5:$A$2004,">"&($E$3-$E$5),'XUẤT KHO'!$A$5:$A$2004,"<="&$E$3)) | L62: =IF($C62="","",K62/$E$5) | M62: =IF($C62="","",IF(L62=0,"-",IF(J62<=0,0,J62/L62))) | N62: =IF($C62="","",IF(L62=0,0,MAX(0,ROUNDUP(L62*$E$7,0)-J62))) | O62: =IF($C62="","",IF(F62="",0,MAX(J62,0)*F62)) | P62: =IF($C62="","",IF(J62<0,"ÂM KHO – kiểm tra",IF(AND(J62=0,K62>0),"HẾT HÀNG",IF(J62=0,"Hết (ít bán)",IF(K62=0,"Chậm bán",IF(M62<$E$6,"SẮP HẾT","Đủ hàng")))))) | Q62: =IF(OR(P62="HẾT HÀNG",P62="SẮP HẾT"),IF(ISNUMBER(M62),M62,0)+ROW()/100000,"") | R62: =IF(N(K62)>0,K62+ROW()/100000,"")
A63: =IF(C63="","",ROW()-10) | B63: =IF(C63="","",IFERROR(INDEX('DANH MỤC'!$C$5:$C$200,MATCH(C63,'DANH MỤC'!$A$5:$A$200,0)),"⚠ Mã chưa có trong DANH MỤC")) | D63: =IF(C63="","",IFERROR(INDEX('DANH MỤC'!$B$5:$B$200,MATCH(C63,'DANH MỤC'!$A$5:$A$200,0)),"⚠ Mã chưa có trong DANH MỤC")) | G63: =IF($C63="","",SUMIFS('TỒN ĐẦU KỲ'!$E$5:$E$123,'TỒN ĐẦU KỲ'!$B$5:$B$123,$C63,'TỒN ĐẦU KỲ'!$D$5:$D$123,$E63)) | H63: =IF($C63="","",SUMIFS('NHẬP KHO'!$E$5:$E$2004,'NHẬP KHO'!$C$5:$C$2004,$C63,'NHẬP KHO'!$D$5:$D$2004,$E63,'NHẬP KHO'!$A$5:$A$2004,">"&$E$4)) | I63: =IF($C63="","",SUMIFS('XUẤT KHO'!$E$5:$E$2004,'XUẤT KHO'!$C$5:$C$2004,$C63,'XUẤT KHO'!$D$5:$D$2004,$E63,'XUẤT KHO'!$A$5:$A$2004,">"&$E$4)) | J63: =IF($C63="","",G63+H63-I63) | K63: =IF($C63="","",SUMIFS('XUẤT KHO'!$E$5:$E$2004,'XUẤT KHO'!$C$5:$C$2004,$C63,'XUẤT KHO'!$D$5:$D$2004,$E63,'XUẤT KHO'!$A$5:$A$2004,">"&($E$3-$E$5),'XUẤT KHO'!$A$5:$A$2004,"<="&$E$3)) | L63: =IF($C63="","",K63/$E$5) | M63: =IF($C63="","",IF(L63=0,"-",IF(J63<=0,0,J63/L63))) | N63: =IF($C63="","",IF(L63=0,0,MAX(0,ROUNDUP(L63*$E$7,0)-J63))) | O63: =IF($C63="","",IF(F63="",0,MAX(J63,0)*F63)) | P63: =IF($C63="","",IF(J63<0,"ÂM KHO – kiểm tra",IF(AND(J63=0,K63>0),"HẾT HÀNG",IF(J63=0,"Hết (ít bán)",IF(K63=0,"Chậm bán",IF(M63<$E$6,"SẮP HẾT","Đủ hàng")))))) | Q63: =IF(OR(P63="HẾT HÀNG",P63="SẮP HẾT"),IF(ISNUMBER(M63),M63,0)+ROW()/100000,"") | R63: =IF(N(K63)>0,K63+ROW()/100000,"")
A64: =IF(C64="","",ROW()-10) | B64: =IF(C64="","",IFERROR(INDEX('DANH MỤC'!$C$5:$C$200,MATCH(C64,'DANH MỤC'!$A$5:$A$200,0)),"⚠ Mã chưa có trong DANH MỤC")) | D64: =IF(C64="","",IFERROR(INDEX('DANH MỤC'!$B$5:$B$200,MATCH(C64,'DANH MỤC'!$A$5:$A$200,0)),"⚠ Mã chưa có trong DANH MỤC")) | G64: =IF($C64="","",SUMIFS('TỒN ĐẦU KỲ'!$E$5:$E$123,'TỒN ĐẦU KỲ'!$B$5:$B$123,$C64,'TỒN ĐẦU KỲ'!$D$5:$D$123,$E64)) | H64: =IF($C64="","",SUMIFS('NHẬP KHO'!$E$5:$E$2004,'NHẬP KHO'!$C$5:$C$2004,$C64,'NHẬP KHO'!$D$5:$D$2004,$E64,'NHẬP KHO'!$A$5:$A$2004,">"&$E$4)) | I64: =IF($C64="","",SUMIFS('XUẤT KHO'!$E$5:$E$2004,'XUẤT KHO'!$C$5:$C$2004,$C64,'XUẤT KHO'!$D$5:$D$2004,$E64,'XUẤT KHO'!$A$5:$A$2004,">"&$E$4)) | J64: =IF($C64="","",G64+H64-I64) | K64: =IF($C64="","",SUMIFS('XUẤT KHO'!$E$5:$E$2004,'XUẤT KHO'!$C$5:$C$2004,$C64,'XUẤT KHO'!$D$5:$D$2004,$E64,'XUẤT KHO'!$A$5:$A$2004,">"&($E$3-$E$5),'XUẤT KHO'!$A$5:$A$2004,"<="&$E$3)) | L64: =IF($C64="","",K64/$E$5) | M64: =IF($C64="","",IF(L64=0,"-",IF(J64<=0,0,J64/L64))) | N64: =IF($C64="","",IF(L64=0,0,MAX(0,ROUNDUP(L64*$E$7,0)-J64))) | O64: =IF($C64="","",IF(F64="",0,MAX(J64,0)*F64)) | P64: =IF($C64="","",IF(J64<0,"ÂM KHO – kiểm tra",IF(AND(J64=0,K64>0),"HẾT HÀNG",IF(J64=0,"Hết (ít bán)",IF(K64=0,"Chậm bán",IF(M64<$E$6,"SẮP HẾT","Đủ hàng")))))) | Q64: =IF(OR(P64="HẾT HÀNG",P64="SẮP HẾT"),IF(ISNUMBER(M64),M64,0)+ROW()/100000,"") | R64: =IF(N(K64)>0,K64+ROW()/100000,"")
A65: =IF(C65="","",ROW()-10) | B65: =IF(C65="","",IFERROR(INDEX('DANH MỤC'!$C$5:$C$200,MATCH(C65,'DANH MỤC'!$A$5:$A$200,0)),"⚠ Mã chưa có trong DANH MỤC")) | D65: =IF(C65="","",IFERROR(INDEX('DANH MỤC'!$B$5:$B$200,MATCH(C65,'DANH MỤC'!$A$5:$A$200,0)),"⚠ Mã chưa có trong DANH MỤC")) | G65: =IF($C65="","",SUMIFS('TỒN ĐẦU KỲ'!$E$5:$E$123,'TỒN ĐẦU KỲ'!$B$5:$B$123,$C65,'TỒN ĐẦU KỲ'!$D$5:$D$123,$E65)) | H65: =IF($C65="","",SUMIFS('NHẬP KHO'!$E$5:$E$2004,'NHẬP KHO'!$C$5:$C$2004,$C65,'NHẬP KHO'!$D$5:$D$2004,$E65,'NHẬP KHO'!$A$5:$A$2004,">"&$E$4)) | I65: =IF($C65="","",SUMIFS('XUẤT KHO'!$E$5:$E$2004,'XUẤT KHO'!$C$5:$C$2004,$C65,'XUẤT KHO'!$D$5:$D$2004,$E65,'XUẤT KHO'!$A$5:$A$2004,">"&$E$4)) | J65: =IF($C65="","",G65+H65-I65) | K65: =IF($C65="","",SUMIFS('XUẤT KHO'!$E$5:$E$2004,'XUẤT KHO'!$C$5:$C$2004,$C65,'XUẤT KHO'!$D$5:$D$2004,$E65,'XUẤT KHO'!$A$5:$A$2004,">"&($E$3-$E$5),'XUẤT KHO'!$A$5:$A$2004,"<="&$E$3)) | L65: =IF($C65="","",K65/$E$5) | M65: =IF($C65="","",IF(L65=0,"-",IF(J65<=0,0,J65/L65))) | N65: =IF($C65="","",IF(L65=0,0,MAX(0,ROUNDUP(L65*$E$7,0)-J65))) | O65: =IF($C65="","",IF(F65="",0,MAX(J65,0)*F65)) | P65: =IF($C65="","",IF(J65<0,"ÂM KHO – kiểm tra",IF(AND(J65=0,K65>0),"HẾT HÀNG",IF(J65=0,"Hết (ít bán)",IF(K65=0,"Chậm bán",IF(M65<$E$6,"SẮP HẾT","Đủ hàng")))))) | Q65: =IF(OR(P65="HẾT HÀNG",P65="SẮP HẾT"),IF(ISNUMBER(M65),M65,0)+ROW()/100000,"") | R65: =IF(N(K65)>0,K65+ROW()/100000,"")
A66: =IF(C66="","",ROW()-10) | B66: =IF(C66="","",IFERROR(INDEX('DANH MỤC'!$C$5:$C$200,MATCH(C66,'DANH MỤC'!$A$5:$A$200,0)),"⚠ Mã chưa có trong DANH MỤC")) | D66: =IF(C66="","",IFERROR(INDEX('DANH MỤC'!$B$5:$B$200,MATCH(C66,'DANH MỤC'!$A$5:$A$200,0)),"⚠ Mã chưa có trong DANH MỤC")) | G66: =IF($C66="","",SUMIFS('TỒN ĐẦU KỲ'!$E$5:$E$123,'TỒN ĐẦU KỲ'!$B$5:$B$123,$C66,'TỒN ĐẦU KỲ'!$D$5:$D$123,$E66)) | H66: =IF($C66="","",SUMIFS('NHẬP KHO'!$E$5:$E$2004,'NHẬP KHO'!$C$5:$C$2004,$C66,'NHẬP KHO'!$D$5:$D$2004,$E66,'NHẬP KHO'!$A$5:$A$2004,">"&$E$4)) | I66: =IF($C66="","",SUMIFS('XUẤT KHO'!$E$5:$E$2004,'XUẤT KHO'!$C$5:$C$2004,$C66,'XUẤT KHO'!$D$5:$D$2004,$E66,'XUẤT KHO'!$A$5:$A$2004,">"&$E$4)) | J66: =IF($C66="","",G66+H66-I66) | K66: =IF($C66="","",SUMIFS('XUẤT KHO'!$E$5:$E$2004,'XUẤT KHO'!$C$5:$C$2004,$C66,'XUẤT KHO'!$D$5:$D$2004,$E66,'XUẤT KHO'!$A$5:$A$2004,">"&($E$3-$E$5),'XUẤT KHO'!$A$5:$A$2004,"<="&$E$3)) | L66: =IF($C66="","",K66/$E$5) | M66: =IF($C66="","",IF(L66=0,"-",IF(J66<=0,0,J66/L66))) | N66: =IF($C66="","",IF(L66=0,0,MAX(0,ROUNDUP(L66*$E$7,0)-J66))) | O66: =IF($C66="","",IF(F66="",0,MAX(J66,0)*F66)) | P66: =IF($C66="","",IF(J66<0,"ÂM KHO – kiểm tra",IF(AND(J66=0,K66>0),"HẾT HÀNG",IF(J66=0,"Hết (ít bán)",IF(K66=0,"Chậm bán",IF(M66<$E$6,"SẮP HẾT","Đủ hàng")))))) | Q66: =IF(OR(P66="HẾT HÀNG",P66="SẮP HẾT"),IF(ISNUMBER(M66),M66,0)+ROW()/100000,"") | R66: =IF(N(K66)>0,K66+ROW()/100000,"")
A67: =IF(C67="","",ROW()-10) | B67: =IF(C67="","",IFERROR(INDEX('DANH MỤC'!$C$5:$C$200,MATCH(C67,'DANH MỤC'!$A$5:$A$200,0)),"⚠ Mã chưa có trong DANH MỤC")) | D67: =IF(C67="","",IFERROR(INDEX('DANH MỤC'!$B$5:$B$200,MATCH(C67,'DANH MỤC'!$A$5:$A$200,0)),"⚠ Mã chưa có trong DANH MỤC")) | G67: =IF($C67="","",SUMIFS('TỒN ĐẦU KỲ'!$E$5:$E$123,'TỒN ĐẦU KỲ'!$B$5:$B$123,$C67,'TỒN ĐẦU KỲ'!$D$5:$D$123,$E67)) | H67: =IF($C67="","",SUMIFS('NHẬP KHO'!$E$5:$E$2004,'NHẬP KHO'!$C$5:$C$2004,$C67,'NHẬP KHO'!$D$5:$D$2004,$E67,'NHẬP KHO'!$A$5:$A$2004,">"&$E$4)) | I67: =IF($C67="","",SUMIFS('XUẤT KHO'!$E$5:$E$2004,'XUẤT KHO'!$C$5:$C$2004,$C67,'XUẤT KHO'!$D$5:$D$2004,$E67,'XUẤT KHO'!$A$5:$A$2004,">"&$E$4)) | J67: =IF($C67="","",G67+H67-I67) | K67: =IF($C67="","",SUMIFS('XUẤT KHO'!$E$5:$E$2004,'XUẤT KHO'!$C$5:$C$2004,$C67,'XUẤT KHO'!$D$5:$D$2004,$E67,'XUẤT KHO'!$A$5:$A$2004,">"&($E$3-$E$5),'XUẤT KHO'!$A$5:$A$2004,"<="&$E$3)) | L67: =IF($C67="","",K67/$E$5) | M67: =IF($C67="","",IF(L67=0,"-",IF(J67<=0,0,J67/L67))) | N67: =IF($C67="","",IF(L67=0,0,MAX(0,ROUNDUP(L67*$E$7,0)-J67))) | O67: =IF($C67="","",IF(F67="",0,MAX(J67,0)*F67)) | P67: =IF($C67="","",IF(J67<0,"ÂM KHO – kiểm tra",IF(AND(J67=0,K67>0),"HẾT HÀNG",IF(J67=0,"Hết (ít bán)",IF(K67=0,"Chậm bán",IF(M67<$E$6,"SẮP HẾT","Đủ hàng")))))) | Q67: =IF(OR(P67="HẾT HÀNG",P67="SẮP HẾT"),IF(ISNUMBER(M67),M67,0)+ROW()/100000,"") | R67: =IF(N(K67)>0,K67+ROW()/100000,"")
A68: =IF(C68="","",ROW()-10) | B68: =IF(C68="","",IFERROR(INDEX('DANH MỤC'!$C$5:$C$200,MATCH(C68,'DANH MỤC'!$A$5:$A$200,0)),"⚠ Mã chưa có trong DANH MỤC")) | D68: =IF(C68="","",IFERROR(INDEX('DANH MỤC'!$B$5:$B$200,MATCH(C68,'DANH MỤC'!$A$5:$A$200,0)),"⚠ Mã chưa có trong DANH MỤC")) | G68: =IF($C68="","",SUMIFS('TỒN ĐẦU KỲ'!$E$5:$E$123,'TỒN ĐẦU KỲ'!$B$5:$B$123,$C68,'TỒN ĐẦU KỲ'!$D$5:$D$123,$E68)) | H68: =IF($C68="","",SUMIFS('NHẬP KHO'!$E$5:$E$2004,'NHẬP KHO'!$C$5:$C$2004,$C68,'NHẬP KHO'!$D$5:$D$2004,$E68,'NHẬP KHO'!$A$5:$A$2004,">"&$E$4)) | I68: =IF($C68="","",SUMIFS('XUẤT KHO'!$E$5:$E$2004,'XUẤT KHO'!$C$5:$C$2004,$C68,'XUẤT KHO'!$D$5:$D$2004,$E68,'XUẤT KHO'!$A$5:$A$2004,">"&$E$4)) | J68: =IF($C68="","",G68+H68-I68) | K68: =IF($C68="","",SUMIFS('XUẤT KHO'!$E$5:$E$2004,'XUẤT KHO'!$C$5:$C$2004,$C68,'XUẤT KHO'!$D$5:$D$2004,$E68,'XUẤT KHO'!$A$5:$A$2004,">"&($E$3-$E$5),'XUẤT KHO'!$A$5:$A$2004,"<="&$E$3)) | L68: =IF($C68="","",K68/$E$5) | M68: =IF($C68="","",IF(L68=0,"-",IF(J68<=0,0,J68/L68))) | N68: =IF($C68="","",IF(L68=0,0,MAX(0,ROUNDUP(L68*$E$7,0)-J68))) | O68: =IF($C68="","",IF(F68="",0,MAX(J68,0)*F68)) | P68: =IF($C68="","",IF(J68<0,"ÂM KHO – kiểm tra",IF(AND(J68=0,K68>0),"HẾT HÀNG",IF(J68=0,"Hết (ít bán)",IF(K68=0,"Chậm bán",IF(M68<$E$6,"SẮP HẾT","Đủ hàng")))))) | Q68: =IF(OR(P68="HẾT HÀNG",P68="SẮP HẾT"),IF(ISNUMBER(M68),M68,0)+ROW()/100000,"") | R68: =IF(N(K68)>0,K68+ROW()/100000,"")
... A76: =IF(C76="","",ROW()-10) | B76: =IF(C76="","",IFERROR(INDEX('DANH MỤC'!$C$5:$C$200,MATCH(C76,'DANH MỤC'!$A$5:$A$200,0)),"⚠ Mã chưa có trong DANH MỤC")) | D76: =IF(C76="","",IFERROR(INDEX('DANH MỤC'!$B$5:$B$200,MATCH(C76,'DANH MỤC'!$A$5:$A$200,0)),"⚠ Mã chưa có trong DANH MỤC")) | G76: =IF($C76="","",SUMIFS('TỒN ĐẦU KỲ'!$E$5:$E$123,'TỒN ĐẦU KỲ'!$B$5:$B$123,$C76,'TỒN ĐẦU KỲ'!$D$5:$D$123,$E76)) | H76: =IF($C76="","",SUMIFS('NHẬP KHO'!$E$5:$E$2004,'NHẬP KHO'!$C$5:$C$2004,$C76,'NHẬP KHO'!$D$5:$D$2004,$E76,'NHẬP KHO'!$A$5:$A$2004,">"&$E$4)) | I76: =IF($C76="","",SUMIFS('XUẤT KHO'!$E$5:$E$2004,'XUẤT KHO'!$C$5:$C$2004,$C76,'XUẤT KHO'!$D$5:$D$2004,$E76,'XUẤT KHO'!$A$5:$A$2004,">"&$E$4)) | J76: =IF($C76="","",G76+H76-I76) | K76: =IF($C76="","",SUMIFS('XUẤT KHO'!$E$5:$E$2004,'XUẤT KHO'!$C$5:$C$2004,$C76,'XUẤT KHO'!$D$5:$D$2004,$E76,'XUẤT KHO'!$A$5:$A$2004,">"&($E$3-$E$5),'XUẤT KHO'!$A$5:$A$2004,"<="&$E$3)) | L76: =IF($C76="","",K76/$E$5) | M76: =IF($C76="","",IF(L76=0,"-",IF(J76<=0,0,J76/L76))) | N76: =IF($C76="","",IF(L76=0,0,MAX(0,ROUNDUP(L76*$E$7,0)-J76))) | O76: =IF($C76="","",IF(F76="",0,MAX(J76,0)*F76)) | P76: =IF($C76="","",IF(J76<0,"ÂM KHO – kiểm tra",IF(AND(J76=0,K76>0),"HẾT HÀNG",IF(J76=0,"Hết (ít bán)",IF(K76=0,"Chậm bán",IF(M76<$E$6,"SẮP HẾT","Đủ hàng")))))) | Q76: =IF(OR(P76="HẾT HÀNG",P76="SẮP HẾT"),IF(ISNUMBER(M76),M76,0)+ROW()/100000,"") | R76: =IF(N(K76)>0,K76+ROW()/100000,"")
B77: TỔNG | G77: =SUM(G11:G76) -> 2730 | H77: =SUM(H11:H76) -> 19 | I77: =SUM(I11:I76) -> 606 | J77: =SUM(J11:J76) -> 2143 | K77: =SUM(K11:K76) -> 375 | O77: =SUM(O11:O76) -> 6388899000
A79: Giá trị tồn tính theo giá khuyến nghị 01/4/2026 (không phải giá vốn). Tồn chỉ trừ phiếu xuất sau ngày chốt đầu kỳ; hàng về thì ghi ở sheet NHẬP KHO.
A80: Sản phẩm / dung tích mới: nhập Mã SP + Dung tích + Giá ở một trong 20 dòng vàng bên trên (mã phải có trong DANH MỤC). Tên và nhóm tự hiện.

Sheet NXT THÁNG
A1: BÁO CÁO NHẬP – XUẤT – TỒN THEO THÁNG
A2: Chọn tháng ở 2 ô vàng, bảng tự tính: tồn đầu tháng + nhập − xuất = tồn cuối tháng. Sang tháng mới chị chỉ cần đổi tháng.
A3: Tháng | B3: 9 | D3: Từ ngày | E3: =DATE($B$4,$B$3,1) -> 46266 | G3: =IF($E$3<='TỒN KHO'!$E$4,"Lưu ý: tồn đầu kỳ chốt hết ngày "&TEXT('TỒN KHO'!$E$4,"dd/mm/yyyy")&" nên tháng này chỉ tính phiếu sau ngày đó.","")
A4: Năm | B4: 2026 | D4: Đến ngày | E4: =EOMONTH(E3,0) -> 46295
A7: STT | B7: Nhóm | C7: Mã SP | D7: Tên hàng hoá | E7: Dung tích | F7: TỒN ĐẦU THÁNG | G7: Nhập trong tháng | H7: Xuất trong tháng | I7: TỒN CUỐI THÁNG | J7: Giá KN (VNĐ) | K7: Giá trị tồn cuối tháng | L7: Doanh thu xuất (VNĐ)
A8: =IF('TỒN KHO'!$C11="","",'TỒN KHO'!A11) -> 1 | B8: =IF('TỒN KHO'!$C11="","",'TỒN KHO'!B11) -> Sơn lót | C8: =IF('TỒN KHO'!$C11="","",'TỒN KHO'!C11) -> PI04 | D8: =IF('TỒN KHO'!$C11="","",'TỒN KHO'!D11) -> Sơn lót nội thất kháng kiềm cao cấp Imperia PI04 | E8: =IF('TỒN KHO'!$C11="","",'TỒN KHO'!E11) -> 5L | F8: =IF($C8="","",'TỒN KHO'!G11+SUMIFS('NHẬP KHO'!$E$5:$E$2004,'NHẬP KHO'!$C$5:$C$2004,$C8,'NHẬP KHO'!$D$5:$D$2004,$E8,'NHẬP KHO'!$A$5:$A$2004,">"&'TỒN KHO'!$E$4,'NHẬP KHO'!$A$5:$A$2004,"<"&$E$3)-SUMIFS('XUẤT KHO'!$E$5:$E$2004,'XUẤT KHO'!$C$5:$C$2004,$C8,'XUẤT KHO'!$D$5:$D$2004,$E8,'XUẤT KHO'!$A$5:$A$2004,">"&'TỒN KHO'!$E$4,'XUẤT KHO'!$A$5:$A$2004,"<"&$E$3)) -> 2 | G8: =IF($C8="","",SUMIFS('NHẬP KHO'!$E$5:$E$2004,'NHẬP KHO'!$C$5:$C$2004,$C8,'NHẬP KHO'!$D$5:$D$2004,$E8,'NHẬP KHO'!$A$5:$A$2004,">"&MAX($E$3-1,'TỒN KHO'!$E$4),'NHẬP KHO'!$A$5:$A$2004,"<"&EDATE($E$3,1))) -> 0 | H8: =IF($C8="","",SUMIFS('XUẤT KHO'!$E$5:$E$2004,'XUẤT KHO'!$C$5:$C$2004,$C8,'XUẤT KHO'!$D$5:$D$2004,$E8,'XUẤT KHO'!$A$5:$A$2004,">"&MAX($E$3-1,'TỒN KHO'!$E$4),'XUẤT KHO'!$A$5:$A$2004,"<"&EDATE($E$3,1))) -> 0 | I8: =IF($C8="","",F8+G8-H8) -> 2 | J8: =IF($C8="","",IF('TỒN KHO'!F11="","",'TỒN KHO'!F11)) -> 999000 | K8: =IF($C8="","",IF(J8="",0,MAX(I8,0)*J8)) -> 1998000 | L8: =IF($C8="","",SUMIFS('XUẤT KHO'!$H$5:$H$2004,'XUẤT KHO'!$C$5:$C$2004,$C8,'XUẤT KHO'!$D$5:$D$2004,$E8,'XUẤT KHO'!$A$5:$A$2004,">="&$E$3,'XUẤT KHO'!$A$5:$A$2004,"<"&EDATE($E$3,1))) -> 0
A9: =IF('TỒN KHO'!$C12="","",'TỒN KHO'!A12) -> 2 | B9: =IF('TỒN KHO'!$C12="","",'TỒN KHO'!B12) -> Sơn lót | C9: =IF('TỒN KHO'!$C12="","",'TỒN KHO'!C12) -> PI04 | D9: =IF('TỒN KHO'!$C12="","",'TỒN KHO'!D12) -> Sơn lót nội thất kháng kiềm cao cấp Imperia PI04 | E9: =IF('TỒN KHO'!$C12="","",'TỒN KHO'!E12) -> 18L | F9: =IF($C9="","",'TỒN KHO'!G12+SUMIFS('NHẬP KHO'!$E$5:$E$2004,'NHẬP KHO'!$C$5:$C$2004,$C9,'NHẬP KHO'!$D$5:$D$2004,$E9,'NHẬP KHO'!$A$5:$A$2004,">"&'TỒN KHO'!$E$4,'NHẬP KHO'!$A$5:$A$2004,"<"&$E$3)-SUMIFS('XUẤT KHO'!$E$5:$E$2004,'XUẤT KHO'!$C$5:$C$2004,$C9,'XUẤT KHO'!$D$5:$D$2004,$E9,'XUẤT KHO'!$A$5:$A$2004,">"&'TỒN KHO'!$E$4,'XUẤT KHO'!$A$5:$A$2004,"<"&$E$3)) -> 129 | G9: =IF($C9="","",SUMIFS('NHẬP KHO'!$E$5:$E$2004,'NHẬP KHO'!$C$5:$C$2004,$C9,'NHẬP KHO'!$D$5:$D$2004,$E9,'NHẬP KHO'!$A$5:$A$2004,">"&MAX($E$3-1,'TỒN KHO'!$E$4),'NHẬP KHO'!$A$5:$A$2004,"<"&EDATE($E$3,1))) -> 0 | H9: =IF($C9="","",SUMIFS('XUẤT KHO'!$E$5:$E$2004,'XUẤT KHO'!$C$5:$C$2004,$C9,'XUẤT KHO'!$D$5:$D$2004,$E9,'XUẤT KHO'!$A$5:$A$2004,">"&MAX($E$3-1,'TỒN KHO'!$E$4),'XUẤT KHO'!$A$5:$A$2004,"<"&EDATE($E$3,1))) -> 12 | I9: =IF($C9="","",F9+G9-H9) -> 117 | J9: =IF($C9="","",IF('TỒN KHO'!F12="","",'TỒN KHO'!F12)) -> 3012000 | K9: =IF($C9="","",IF(J9="",0,MAX(I9,0)*J9)) -> 352404000 | L9: =IF($C9="","",SUMIFS('XUẤT KHO'!$H$5:$H$2004,'XUẤT KHO'!$C$5:$C$2004,$C9,'XUẤT KHO'!$D$5:$D$2004,$E9,'XUẤT KHO'!$A$5:$A$2004,">="&$E$3,'XUẤT KHO'!$A$5:$A$2004,"<"&EDATE($E$3,1))) -> 33132000
A10: =IF('TỒN KHO'!$C13="","",'TỒN KHO'!A13) -> 3 | B10: =IF('TỒN KHO'!$C13="","",'TỒN KHO'!B13) -> Sơn lót | C10: =IF('TỒN KHO'!$C13="","",'TỒN KHO'!C13) -> PE02 | D10: =IF('TỒN KHO'!$C13="","",'TỒN KHO'!D13) -> Sơn lót ngoại thất kháng kiềm cao cấp Imperia PE02 | E10: =IF('TỒN KHO'!$C13="","",'TỒN KHO'!E13) -> 5L | F10: =IF($C10="","",'TỒN KHO'!G13+SUMIFS('NHẬP KHO'!$E$5:$E$2004,'NHẬP KHO'!$C$5:$C$2004,$C10,'NHẬP KHO'!$D$5:$D$2004,$E10,'NHẬP KHO'!$A$5:$A$2004,">"&'TỒN KHO'!$E$4,'NHẬP KHO'!$A$5:$A$2004,"<"&$E$3)-SUMIFS('XUẤT KHO'!$E$5:$E$2004,'XUẤT KHO'!$C$5:$C$2004,$C10,'XUẤT KHO'!$D$5:$D$2004,$E10,'XUẤT KHO'!$A$5:$A$2004,">"&'TỒN KHO'!$E$4,'XUẤT KHO'!$A$5:$A$2004,"<"&$E$3)) -> -1 | G10: =IF($C10="","",SUMIFS('NHẬP KHO'!$E$5:$E$2004,'NHẬP KHO'!$C$5:$C$2004,$C10,'NHẬP KHO'!$D$5:$D$2004,$E10,'NHẬP KHO'!$A$5:$A$2004,">"&MAX($E$3-1,'TỒN KHO'!$E$4),'NHẬP KHO'!$A$5:$A$2004,"<"&EDATE($E$3,1))) -> 0 | H10: =IF($C10="","",SUMIFS('XUẤT KHO'!$E$5:$E$2004,'XUẤT KHO'!$C$5:$C$2004,$C10,'XUẤT KHO'!$D$5:$D$2004,$E10,'XUẤT KHO'!$A$5:$A$2004,">"&MAX($E$3-1,'TỒN KHO'!$E$4),'XUẤT KHO'!$A$5:$A$2004,"<"&EDATE($E$3,1))) -> 3 | I10: =IF($C10="","",F10+G10-H10) -> -4 | J10: =IF($C10="","",IF('TỒN KHO'!F13="","",'TỒN KHO'!F13)) -> 1419000 | K10: =IF($C10="","",IF(J10="",0,MAX(I10,0)*J10)) -> 0 | L10: =IF($C10="","",SUMIFS('XUẤT KHO'!$H$5:$H$2004,'XUẤT KHO'!$C$5:$C$2004,$C10,'XUẤT KHO'!$D$5:$D$2004,$E10,'XUẤT KHO'!$A$5:$A$2004,">="&$E$3,'XUẤT KHO'!$A$5:$A$2004,"<"&EDATE($E$3,1))) -> 4257000
A11: =IF('TỒN KHO'!$C14="","",'TỒN KHO'!A14) -> 4 | B11: =IF('TỒN KHO'!$C14="","",'TỒN KHO'!B14) -> Sơn lót | C11: =IF('TỒN KHO'!$C14="","",'TỒN KHO'!C14) -> PE02 | D11: =IF('TỒN KHO'!$C14="","",'TỒN KHO'!D14) -> Sơn lót ngoại thất kháng kiềm cao cấp Imperia PE02 | E11: =IF('TỒN KHO'!$C14="","",'TỒN KHO'!E14) -> 18L | F11: =IF($C11="","",'TỒN KHO'!G14+SUMIFS('NHẬP KHO'!$E$5:$E$2004,'NHẬP KHO'!$C$5:$C$2004,$C11,'NHẬP KHO'!$D$5:$D$2004,$E11,'NHẬP KHO'!$A$5:$A$2004,">"&'TỒN KHO'!$E$4,'NHẬP KHO'!$A$5:$A$2004,"<"&$E$3)-SUMIFS('XUẤT KHO'!$E$5:$E$2004,'XUẤT KHO'!$C$5:$C$2004,$C11,'XUẤT KHO'!$D$5:$D$2004,$E11,'XUẤT KHO'!$A$5:$A$2004,">"&'TỒN KHO'!$E$4,'XUẤT KHO'!$A$5:$A$2004,"<"&$E$3)) -> 229 | G11: =IF($C11="","",SUMIFS('NHẬP KHO'!$E$5:$E$2004,'NHẬP KHO'!$C$5:$C$2004,$C11,'NHẬP KHO'!$D$5:$D$2004,$E11,'NHẬP KHO'!$A$5:$A$2004,">"&MAX($E$3-1,'TỒN KHO'!$E$4),'NHẬP KHO'!$A$5:$A$2004,"<"&EDATE($E$3,1))) -> 0 | H11: =IF($C11="","",SUMIFS('XUẤT KHO'!$E$5:$E$2004,'XUẤT KHO'!$C$5:$C$2004,$C11,'XUẤT KHO'!$D$5:$D$2004,$E11,'XUẤT KHO'!$A$5:$A$2004,">"&MAX($E$3-1,'TỒN KHO'!$E$4),'XUẤT KHO'!$A$5:$A$2004,"<"&EDATE($E$3,1))) -> 4 | I11: =IF($C11="","",F11+G11-H11) -> 225 | J11: =IF($C11="","",IF('TỒN KHO'!F14="","",'TỒN KHO'!F14)) -> 4106000 | K11: =IF($C11="","",IF(J11="",0,MAX(I11,0)*J11)) -> 923850000 | L11: =IF($C11="","",SUMIFS('XUẤT KHO'!$H$5:$H$2004,'XUẤT KHO'!$C$5:$C$2004,$C11,'XUẤT KHO'!$D$5:$D$2004,$E11,'XUẤT KHO'!$A$5:$A$2004,">="&$E$3,'XUẤT KHO'!$A$5:$A$2004,"<"&EDATE($E$3,1))) -> 16424000
A12: =IF('TỒN KHO'!$C15="","",'TỒN KHO'!A15) -> 5 | B12: =IF('TỒN KHO'!$C15="","",'TỒN KHO'!B15) -> Sơn lót | C12: =IF('TỒN KHO'!$C15="","",'TỒN KHO'!C15) -> SPI03 | D12: =IF('TỒN KHO'!$C15="","",'TỒN KHO'!D15) -> Sơn lót nội thất kháng kiềm siêu cao cấp SPI03 | E12: =IF('TỒN KHO'!$C15="","",'TỒN KHO'!E15) -> 5L | F12: =IF($C12="","",'TỒN KHO'!G15+SUMIFS('NHẬP KHO'!$E$5:$E$2004,'NHẬP KHO'!$C$5:$C$2004,$C12,'NHẬP KHO'!$D$5:$D$2004,$E12,'NHẬP KHO'!$A$5:$A$2004,">"&'TỒN KHO'!$E$4,'NHẬP KHO'!$A$5:$A$2004,"<"&$E$3)-SUMIFS('XUẤT KHO'!$E$5:$E$2004,'XUẤT KHO'!$C$5:$C$2004,$C12,'XUẤT KHO'!$D$5:$D$2004,$E12,'XUẤT KHO'!$A$5:$A$2004,">"&'TỒN KHO'!$E$4,'XUẤT KHO'!$A$5:$A$2004,"<"&$E$3)) -> 7 | G12: =IF($C12="","",SUMIFS('NHẬP KHO'!$E$5:$E$2004,'NHẬP KHO'!$C$5:$C$2004,$C12,'NHẬP KHO'!$D$5:$D$2004,$E12,'NHẬP KHO'!$A$5:$A$2004,">"&MAX($E$3-1,'TỒN KHO'!$E$4),'NHẬP KHO'!$A$5:$A$2004,"<"&EDATE($E$3,1))) -> 0 | H12: =IF($C12="","",SUMIFS('XUẤT KHO'!$E$5:$E$2004,'XUẤT KHO'!$C$5:$C$2004,$C12,'XUẤT KHO'!$D$5:$D$2004,$E12,'XUẤT KHO'!$A$5:$A$2004,">"&MAX($E$3-1,'TỒN KHO'!$E$4),'XUẤT KHO'!$A$5:$A$2004,"<"&EDATE($E$3,1))) -> 0 | I12: =IF($C12="","",F12+G12-H12) -> 7 | J12: =IF($C12="","",IF('TỒN KHO'!F15="","",'TỒN KHO'!F15)) -> 1181000 | K12: =IF($C12="","",IF(J12="",0,MAX(I12,0)*J12)) -> 8267000 | L12: =IF($C12="","",SUMIFS('XUẤT KHO'!$H$5:$H$2004,'XUẤT KHO'!$C$5:$C$2004,$C12,'XUẤT KHO'!$D$5:$D$2004,$E12,'XUẤT KHO'!$A$5:$A$2004,">="&$E$3,'XUẤT KHO'!$A$5:$A$2004,"<"&EDATE($E$3,1))) -> 0
A13: =IF('TỒN KHO'!$C16="","",'TỒN KHO'!A16) -> 6 | B13: =IF('TỒN KHO'!$C16="","",'TỒN KHO'!B16) -> Sơn lót | C13: =IF('TỒN KHO'!$C16="","",'TỒN KHO'!C16) -> SPI03 | D13: =IF('TỒN KHO'!$C16="","",'TỒN KHO'!D16) -> Sơn lót nội thất kháng kiềm siêu cao cấp SPI03 | E13: =IF('TỒN KHO'!$C16="","",'TỒN KHO'!E16) -> 18L | F13: =IF($C13="","",'TỒN KHO'!G16+SUMIFS('NHẬP KHO'!$E$5:$E$2004,'NHẬP KHO'!$C$5:$C$2004,$C13,'NHẬP KHO'!$D$5:$D$2004,$E13,'NHẬP KHO'!$A$5:$A$2004,">"&'TỒN KHO'!$E$4,'NHẬP KHO'!$A$5:$A$2004,"<"&$E$3)-SUMIFS('XUẤT KHO'!$E$5:$E$2004,'XUẤT KHO'!$C$5:$C$2004,$C13,'XUẤT KHO'!$D$5:$D$2004,$E13,'XUẤT KHO'!$A$5:$A$2004,">"&'TỒN KHO'!$E$4,'XUẤT KHO'!$A$5:$A$2004,"<"&$E$3)) -> 25 | G13: =IF($C13="","",SUMIFS('NHẬP KHO'!$E$5:$E$2004,'NHẬP KHO'!$C$5:$C$2004,$C13,'NHẬP KHO'!$D$5:$D$2004,$E13,'NHẬP KHO'!$A$5:$A$2004,">"&MAX($E$3-1,'TỒN KHO'!$E$4),'NHẬP KHO'!$A$5:$A$2004,"<"&EDATE($E$3,1))) -> 0 | H13: =IF($C13="","",SUMIFS('XUẤT KHO'!$E$5:$E$2004,'XUẤT KHO'!$C$5:$C$2004,$C13,'XUẤT KHO'!$D$5:$D$2004,$E13,'XUẤT KHO'!$A$5:$A$2004,">"&MAX($E$3-1,'TỒN KHO'!$E$4),'XUẤT KHO'!$A$5:$A$2004,"<"&EDATE($E$3,1))) -> 0 | I13: =IF($C13="","",F13+G13-H13) -> 25 | J13: =IF($C13="","",IF('TỒN KHO'!F16="","",'TỒN KHO'!F16)) -> 3596000 | K13: =IF($C13="","",IF(J13="",0,MAX(I13,0)*J13)) -> 89900000 | L13: =IF($C13="","",SUMIFS('XUẤT KHO'!$H$5:$H$2004,'XUẤT KHO'!$C$5:$C$2004,$C13,'XUẤT KHO'!$D$5:$D$2004,$E13,'XUẤT KHO'!$A$5:$A$2004,">="&$E$3,'XUẤT KHO'!$A$5:$A$2004,"<"&EDATE($E$3,1))) -> 0
A14: =IF('TỒN KHO'!$C17="","",'TỒN KHO'!A17) -> 7 | B14: =IF('TỒN KHO'!$C17="","",'TỒN KHO'!B17) -> Sơn lót | C14: =IF('TỒN KHO'!$C17="","",'TỒN KHO'!C17) -> SPE01 | D14: =IF('TỒN KHO'!$C17="","",'TỒN KHO'!D17) -> Sơn lót ngoại thất kháng kiềm siêu cao cấp SPE01 | E14: =IF('TỒN KHO'!$C17="","",'TỒN KHO'!E17) -> 5L | F14: =IF($C14="","",'TỒN KHO'!G17+SUMIFS('NHẬP KHO'!$E$5:$E$2004,'NHẬP KHO'!$C$5:$C$2004,$C14,'NHẬP KHO'!$D$5:$D$2004,$E14,'NHẬP KHO'!$A$5:$A$2004,">"&'TỒN KHO'!$E$4,'NHẬP KHO'!$A$5:$A$2004,"<"&$E$3)-SUMIFS('XUẤT KHO'!$E$5:$E$2004,'XUẤT KHO'!$C$5:$C$2004,$C14,'XUẤT KHO'!$D$5:$D$2004,$E14,'XUẤT KHO'!$A$5:$A$2004,">"&'TỒN KHO'!$E$4,'XUẤT KHO'!$A$5:$A$2004,"<"&$E$3)) -> 4 | G14: =IF($C14="","",SUMIFS('NHẬP KHO'!$E$5:$E$2004,'NHẬP KHO'!$C$5:$C$2004,$C14,'NHẬP KHO'!$D$5:$D$2004,$E14,'NHẬP KHO'!$A$5:$A$2004,">"&MAX($E$3-1,'TỒN KHO'!$E$4),'NHẬP KHO'!$A$5:$A$2004,"<"&EDATE($E$3,1))) -> 0 | H14: =IF($C14="","",SUMIFS('XUẤT KHO'!$E$5:$E$2004,'XUẤT KHO'!$C$5:$C$2004,$C14,'XUẤT KHO'!$D$5:$D$2004,$E14,'XUẤT KHO'!$A$5:$A$2004,">"&MAX($E$3-1,'TỒN KHO'!$E$4),'XUẤT KHO'!$A$5:$A$2004,"<"&EDATE($E$3,1))) -> 0 | I14: =IF($C14="","",F14+G14-H14) -> 4 | J14: =IF($C14="","",IF('TỒN KHO'!F17="","",'TỒN KHO'!F17)) -> 1555000 | K14: =IF($C14="","",IF(J14="",0,MAX(I14,0)*J14)) -> 6220000 | L14: =IF($C14="","",SUMIFS('XUẤT KHO'!$H$5:$H$2004,'XUẤT KHO'!$C$5:$C$2004,$C14,'XUẤT KHO'!$D$5:$D$2004,$E14,'XUẤT KHO'!$A$5:$A$2004,">="&$E$3,'XUẤT KHO'!$A$5:$A$2004,"<"&EDATE($E$3,1))) -> 0
A15: =IF('TỒN KHO'!$C18="","",'TỒN KHO'!A18) -> 8 | B15: =IF('TỒN KHO'!$C18="","",'TỒN KHO'!B18) -> Sơn lót | C15: =IF('TỒN KHO'!$C18="","",'TỒN KHO'!C18) -> SPE01 | D15: =IF('TỒN KHO'!$C18="","",'TỒN KHO'!D18) -> Sơn lót ngoại thất kháng kiềm siêu cao cấp SPE01 | E15: =IF('TỒN KHO'!$C18="","",'TỒN KHO'!E18) -> 18L | F15: =IF($C15="","",'TỒN KHO'!G18+SUMIFS('NHẬP KHO'!$E$5:$E$2004,'NHẬP KHO'!$C$5:$C$2004,$C15,'NHẬP KHO'!$D$5:$D$2004,$E15,'NHẬP KHO'!$A$5:$A$2004,">"&'TỒN KHO'!$E$4,'NHẬP KHO'!$A$5:$A$2004,"<"&$E$3)-SUMIFS('XUẤT KHO'!$E$5:$E$2004,'XUẤT KHO'!$C$5:$C$2004,$C15,'XUẤT KHO'!$D$5:$D$2004,$E15,'XUẤT KHO'!$A$5:$A$2004,">"&'TỒN KHO'!$E$4,'XUẤT KHO'!$A$5:$A$2004,"<"&$E$3)) -> 14 | G15: =IF($C15="","",SUMIFS('NHẬP KHO'!$E$5:$E$2004,'NHẬP KHO'!$C$5:$C$2004,$C15,'NHẬP KHO'!$D$5:$D$2004,$E15,'NHẬP KHO'!$A$5:$A$2004,">"&MAX($E$3-1,'TỒN KHO'!$E$4),'NHẬP KHO'!$A$5:$A$2004,"<"&EDATE($E$3,1))) -> 0 | H15: =IF($C15="","",SUMIFS('XUẤT KHO'!$E$5:$E$2004,'XUẤT KHO'!$C$5:$C$2004,$C15,'XUẤT KHO'!$D$5:$D$2004,$E15,'XUẤT KHO'!$A$5:$A$2004,">"&MAX($E$3-1,'TỒN KHO'!$E$4),'XUẤT KHO'!$A$5:$A$2004,"<"&EDATE($E$3,1))) -> 0 | I15: =IF($C15="","",F15+G15-H15) -> 14 | J15: =IF($C15="","",IF('TỒN KHO'!F18="","",'TỒN KHO'!F18)) -> 4725000 | K15: =IF($C15="","",IF(J15="",0,MAX(I15,0)*J15)) -> 66150000 | L15: =IF($C15="","",SUMIFS('XUẤT KHO'!$H$5:$H$2004,'XUẤT KHO'!$C$5:$C$2004,$C15,'XUẤT KHO'!$D$5:$D$2004,$E15,'XUẤT KHO'!$A$5:$A$2004,">="&$E$3,'XUẤT KHO'!$A$5:$A$2004,"<"&EDATE($E$3,1))) -> 0
A16: =IF('TỒN KHO'!$C19="","",'TỒN KHO'!A19) -> 9 | B16: =IF('TỒN KHO'!$C19="","",'TỒN KHO'!B19) -> Sơn lót | C16: =IF('TỒN KHO'!$C19="","",'TỒN KHO'!C19) -> IL5 | D16: =IF('TỒN KHO'!$C19="","",'TỒN KHO'!D19) -> Sơn lót nội thất kháng kiềm Silver IL5 | E16: =IF('TỒN KHO'!$C19="","",'TỒN KHO'!E19) -> 5L | F16: =IF($C16="","",'TỒN KHO'!G19+SUMIFS('NHẬP KHO'!$E$5:$E$2004,'NHẬP KHO'!$C$5:$C$2004,$C16,'NHẬP KHO'!$D$5:$D$2004,$E16,'NHẬP KHO'!$A$5:$A$2004,">"&'TỒN KHO'!$E$4,'NHẬP KHO'!$A$5:$A$2004,"<"&$E$3)-SUMIFS('XUẤT KHO'!$E$5:$E$2004,'XUẤT KHO'!$C$5:$C$2004,$C16,'XUẤT KHO'!$D$5:$D$2004,$E16,'XUẤT KHO'!$A$5:$A$2004,">"&'TỒN KHO'!$E$4,'XUẤT KHO'!$A$5:$A$2004,"<"&$E$3)) -> 20 | G16: =IF($C16="","",SUMIFS('NHẬP KHO'!$E$5:$E$2004,'NHẬP KHO'!$C$5:$C$2004,$C16,'NHẬP KHO'!$D$5:$D$2004,$E16,'NHẬP KHO'!$A$5:$A$2004,">"&MAX($E$3-1,'TỒN KHO'!$E$4),'NHẬP KHO'!$A$5:$A$2004,"<"&EDATE($E$3,1))) -> 0 | H16: =IF($C16="","",SUMIFS('XUẤT KHO'!$E$5:$E$2004,'XUẤT KHO'!$C$5:$C$2004,$C16,'XUẤT KHO'!$D$5:$D$2004,$E16,'XUẤT KHO'!$A$5:$A$2004,">"&MAX($E$3-1,'TỒN KHO'!$E$4),'XUẤT KHO'!$A$5:$A$2004,"<"&EDATE($E$3,1))) -> 0 | I16: =IF($C16="","",F16+G16-H16) -> 20 | J16: =IF($C16="","",IF('TỒN KHO'!F19="","",'TỒN KHO'!F19)) -> 767000 | K16: =IF($C16="","",IF(J16="",0,MAX(I16,0)*J16)) -> 15340000 | L16: =IF($C16="","",SUMIFS('XUẤT KHO'!$H$5:$H$2004,'XUẤT KHO'!$C$5:$C$2004,$C16,'XUẤT KHO'!$D$5:$D$2004,$E16,'XUẤT KHO'!$A$5:$A$2004,">="&$E$3,'XUẤT KHO'!$A$5:$A$2004,"<"&EDATE($E$3,1))) -> 0
A17: =IF('TỒN KHO'!$C20="","",'TỒN KHO'!A20) -> 10 | B17: =IF('TỒN KHO'!$C20="","",'TỒN KHO'!B20) -> Sơn lót | C17: =IF('TỒN KHO'!$C20="","",'TỒN KHO'!C20) -> IL5 | D17: =IF('TỒN KHO'!$C20="","",'TỒN KHO'!D20) -> Sơn lót nội thất kháng kiềm Silver IL5 | E17: =IF('TỒN KHO'!$C20="","",'TỒN KHO'!E20) -> 18L | F17: =IF($C17="","",'TỒN KHO'!G20+SUMIFS('NHẬP KHO'!$E$5:$E$2004,'NHẬP KHO'!$C$5:$C$2004,$C17,'NHẬP KHO'!$D$5:$D$2004,$E17,'NHẬP KHO'!$A$5:$A$2004,">"&'TỒN KHO'!$E$4,'NHẬP KHO'!$A$5:$A$2004,"<"&$E$3)-SUMIFS('XUẤT KHO'!$E$5:$E$2004,'XUẤT KHO'!$C$5:$C$2004,$C17,'XUẤT KHO'!$D$5:$D$2004,$E17,'XUẤT KHO'!$A$5:$A$2004,">"&'TỒN KHO'!$E$4,'XUẤT KHO'!$A$5:$A$2004,"<"&$E$3)) -> 70 | G17: =IF($C17="","",SUMIFS('NHẬP KHO'!$E$5:$E$2004,'NHẬP KHO'!$C$5:$C$2004,$C17,'NHẬP KHO'!$D$5:$D$2004,$E17,'NHẬP KHO'!$A$5:$A$2004,">"&MAX($E$3-1,'TỒN KHO'!$E$4),'NHẬP KHO'!$A$5:$A$2004,"<"&EDATE($E$3,1))) -> 0 | H17: =IF($C17="","",SUMIFS('XUẤT KHO'!$E$5:$E$2004,'XUẤT KHO'!$C$5:$C$2004,$C17,'XUẤT KHO'!$D$5:$D$2004,$E17,'XUẤT KHO'!$A$5:$A$2004,">"&MAX($E$3-1,'TỒN KHO'!$E$4),'XUẤT KHO'!$A$5:$A$2004,"<"&EDATE($E$3,1))) -> 8 | I17: =IF($C17="","",F17+G17-H17) -> 62 | J17: =IF($C17="","",IF('TỒN KHO'!F20="","",'TỒN KHO'!F20)) -> 2185000 | K17: =IF($C17="","",IF(J17="",0,MAX(I17,0)*J17)) -> 135470000 | L17: =IF($C17="","",SUMIFS('XUẤT KHO'!$H$5:$H$2004,'XUẤT KHO'!$C$5:$C$2004,$C17,'XUẤT KHO'!$D$5:$D$2004,$E17,'XUẤT KHO'!$A$5:$A$2004,">="&$E$3,'XUẤT KHO'!$A$5:$A$2004,"<"&EDATE($E$3,1))) -> 17480000
A18: =IF('TỒN KHO'!$C21="","",'TỒN KHO'!A21) -> 11 | B18: =IF('TỒN KHO'!$C21="","",'TỒN KHO'!B21) -> Sơn lót | C18: =IF('TỒN KHO'!$C21="","",'TỒN KHO'!C21) -> EL5 | D18: =IF('TỒN KHO'!$C21="","",'TỒN KHO'!D21) -> Sơn lót ngoại thất kháng kiềm Silver EL5 | E18: =IF('TỒN KHO'!$C21="","",'TỒN KHO'!E21) -> 5L | F18: =IF($C18="","",'TỒN KHO'!G21+SUMIFS('NHẬP KHO'!$E$5:$E$2004,'NHẬP KHO'!$C$5:$C$2004,$C18,'NHẬP KHO'!$D$5:$D$2004,$E18,'NHẬP KHO'!$A$5:$A$2004,">"&'TỒN KHO'!$E$4,'NHẬP KHO'!$A$5:$A$2004,"<"&$E$3)-SUMIFS('XUẤT KHO'!$E$5:$E$2004,'XUẤT KHO'!$C$5:$C$2004,$C18,'XUẤT KHO'!$D$5:$D$2004,$E18,'XUẤT KHO'!$A$5:$A$2004,">"&'TỒN KHO'!$E$4,'XUẤT KHO'!$A$5:$A$2004,"<"&$E$3)) -> 21 | G18: =IF($C18="","",SUMIFS('NHẬP KHO'!$E$5:$E$2004,'NHẬP KHO'!$C$5:$C$2004,$C18,'NHẬP KHO'!$D$5:$D$2004,$E18,'NHẬP KHO'!$A$5:$A$2004,">"&MAX($E$3-1,'TỒN KHO'!$E$4),'NHẬP KHO'!$A$5:$A$2004,"<"&EDATE($E$3,1))) -> 0 | H18: =IF($C18="","",SUMIFS('XUẤT KHO'!$E$5:$E$2004,'XUẤT KHO'!$C$5:$C$2004,$C18,'XUẤT KHO'!$D$5:$D$2004,$E18,'XUẤT KHO'!$A$5:$A$2004,">"&MAX($E$3-1,'TỒN KHO'!$E$4),'XUẤT KHO'!$A$5:$A$2004,"<"&EDATE($E$3,1))) -> 0 | I18: =IF($C18="","",F18+G18-H18) -> 21 | J18: =IF($C18="","",IF('TỒN KHO'!F21="","",'TỒN KHO'!F21)) -> 960000 | K18: =IF($C18="","",IF(J18="",0,MAX(I18,0)*J18)) -> 20160000 | L18: =IF($C18="","",SUMIFS('XUẤT KHO'!$H$5:$H$2004,'XUẤT KHO'!$C$5:$C$2004,$C18,'XUẤT KHO'!$D$5:$D$2004,$E18,'XUẤT KHO'!$A$5:$A$2004,">="&$E$3,'XUẤT KHO'!$A$5:$A$2004,"<"&EDATE($E$3,1))) -> 0
A19: =IF('TỒN KHO'!$C22="","",'TỒN KHO'!A22) -> 12 | B19: =IF('TỒN KHO'!$C22="","",'TỒN KHO'!B22) -> Sơn lót | C19: =IF('TỒN KHO'!$C22="","",'TỒN KHO'!C22) -> EL5 | D19: =IF('TỒN KHO'!$C22="","",'TỒN KHO'!D22) -> Sơn lót ngoại thất kháng kiềm Silver EL5 | E19: =IF('TỒN KHO'!$C22="","",'TỒN KHO'!E22) -> 18L | F19: =IF($C19="","",'TỒN KHO'!G22+SUMIFS('NHẬP KHO'!$E$5:$E$2004,'NHẬP KHO'!$C$5:$C$2004,$C19,'NHẬP KHO'!$D$5:$D$2004,$E19,'NHẬP KHO'!$A$5:$A$2004,">"&'TỒN KHO'!$E$4,'NHẬP KHO'!$A$5:$A$2004,"<"&$E$3)-SUMIFS('XUẤT KHO'!$E$5:$E$2004,'XUẤT KHO'!$C$5:$C$2004,$C19,'XUẤT KHO'!$D$5:$D$2004,$E19,'XUẤT KHO'!$A$5:$A$2004,">"&'TỒN KHO'!$E$4,'XUẤT KHO'!$A$5:$A$2004,"<"&$E$3)) -> 61 | G19: =IF($C19="","",SUMIFS('NHẬP KHO'!$E$5:$E$2004,'NHẬP KHO'!$C$5:$C$2004,$C19,'NHẬP KHO'!$D$5:$D$2004,$E19,'NHẬP KHO'!$A$5:$A$2004,">"&MAX($E$3-1,'TỒN KHO'!$E$4),'NHẬP KHO'!$A$5:$A$2004,"<"&EDATE($E$3,1))) -> 0 | H19: =IF($C19="","",SUMIFS('XUẤT KHO'!$E$5:$E$2004,'XUẤT KHO'!$C$5:$C$2004,$C19,'XUẤT KHO'!$D$5:$D$2004,$E19,'XUẤT KHO'!$A$5:$A$2004,">"&MAX($E$3-1,'TỒN KHO'!$E$4),'XUẤT KHO'!$A$5:$A$2004,"<"&EDATE($E$3,1))) -> 5 | I19: =IF($C19="","",F19+G19-H19) -> 56 | J19: =IF($C19="","",IF('TỒN KHO'!F22="","",'TỒN KHO'!F22)) -> 3097000 | K19: =IF($C19="","",IF(J19="",0,MAX(I19,0)*J19)) -> 173432000 | L19: =IF($C19="","",SUMIFS('XUẤT KHO'!$H$5:$H$2004,'XUẤT KHO'!$C$5:$C$2004,$C19,'XUẤT KHO'!$D$5:$D$2004,$E19,'XUẤT KHO'!$A$5:$A$2004,">="&$E$3,'XUẤT KHO'!$A$5:$A$2004,"<"&EDATE($E$3,1))) -> 15485000
... A73: =IF('TỒN KHO'!$C76="","",'TỒN KHO'!A76) | B73: =IF('TỒN KHO'!$C76="","",'TỒN KHO'!B76) | C73: =IF('TỒN KHO'!$C76="","",'TỒN KHO'!C76) | D73: =IF('TỒN KHO'!$C76="","",'TỒN KHO'!D76) | E73: =IF('TỒN KHO'!$C76="","",'TỒN KHO'!E76) | F73: =IF($C73="","",'TỒN KHO'!G76+SUMIFS('NHẬP KHO'!$E$5:$E$2004,'NHẬP KHO'!$C$5:$C$2004,$C73,'NHẬP KHO'!$D$5:$D$2004,$E73,'NHẬP KHO'!$A$5:$A$2004,">"&'TỒN KHO'!$E$4,'NHẬP KHO'!$A$5:$A$2004,"<"&$E$3)-SUMIFS('XUẤT KHO'!$E$5:$E$2004,'XUẤT KHO'!$C$5:$C$2004,$C73,'XUẤT KHO'!$D$5:$D$2004,$E73,'XUẤT KHO'!$A$5:$A$2004,">"&'TỒN KHO'!$E$4,'XUẤT KHO'!$A$5:$A$2004,"<"&$E$3)) | G73: =IF($C73="","",SUMIFS('NHẬP KHO'!$E$5:$E$2004,'NHẬP KHO'!$C$5:$C$2004,$C73,'NHẬP KHO'!$D$5:$D$2004,$E73,'NHẬP KHO'!$A$5:$A$2004,">"&MAX($E$3-1,'TỒN KHO'!$E$4),'NHẬP KHO'!$A$5:$A$2004,"<"&EDATE($E$3,1))) | H73: =IF($C73="","",SUMIFS('XUẤT KHO'!$E$5:$E$2004,'XUẤT KHO'!$C$5:$C$2004,$C73,'XUẤT KHO'!$D$5:$D$2004,$E73,'XUẤT KHO'!$A$5:$A$2004,">"&MAX($E$3-1,'TỒN KHO'!$E$4),'XUẤT KHO'!$A$5:$A$2004,"<"&EDATE($E$3,1))) | I73: =IF($C73="","",F73+G73-H73) | J73: =IF($C73="","",IF('TỒN KHO'!F76="","",'TỒN KHO'!F76)) | K73: =IF($C73="","",IF(J73="",0,MAX(I73,0)*J73)) | L73: =IF($C73="","",SUMIFS('XUẤT KHO'!$H$5:$H$2004,'XUẤT KHO'!$C$5:$C$2004,$C73,'XUẤT KHO'!$D$5:$D$2004,$E73,'XUẤT KHO'!$A$5:$A$2004,">="&$E$3,'XUẤT KHO'!$A$5:$A$2004,"<"&EDATE($E$3,1)))
B74: TỔNG | F74: =SUM(F8:F73) -> 2266 | G74: =SUM(G8:G73) -> 0 | H74: =SUM(H8:H73) -> 123 | I74: =SUM(I8:I73) -> 2143 | K74: =SUM(K8:K73) -> 6388899000 | L74: =SUM(L8:L73) -> 368195300

Sheet XUẤT KHO
A1: NHẬT KÝ XUẤT KHO
A2: Mỗi dòng = một mặt hàng bán ra. Thêm dòng mới ngay dưới dòng cuối. Cột xám (Tháng, Thành tiền) tự tính.
A4: Ngày | B4: Tháng | C4: Mã SP | D4: Dung tích | E4: Số lượng | F4: Đơn giá (VNĐ) | G4: Hệ số (màu * / **) | H4: Thành tiền (VNĐ) | I4: Tên hàng hoá (tự hiện) | J4: Mã màu / Ghi chú | K4: Nguồn (sheet gốc) | L4: Kiểm tra / lưu ý
A5: 46176 | B5: =IF(A5="","",MONTH(A5)) -> 6 | C5: EG09 | D5: 18L | E5: 1 | F5: 6504000 | G5: 1 | H5: =IF(E5="","",E5*N(F5)*IF(G5="",1,G5)) -> 6504000 | I5: =IF(C5="","",IFERROR(INDEX('DANH MỤC'!$B$5:$B$200,MATCH(C5,'DANH MỤC'!$A$5:$A$200,0)),"⚠ Mã chưa có trong DANH MỤC")) -> Sơn ngoại thất siêu bóng cao cấp Imperia EG09 | J5: 332 | K5: XK T6 d.98
A6: 46176 | B6: =IF(A6="","",MONTH(A6)) -> 6 | C6: IG05 | D6: 18L | E6: 1 | F6: 5530000 | G6: 1 | H6: =IF(E6="","",E6*N(F6)*IF(G6="",1,G6)) -> 5530000 | I6: =IF(C6="","",IFERROR(INDEX('DANH MỤC'!$B$5:$B$200,MATCH(C6,'DANH MỤC'!$A$5:$A$200,0)),"⚠ Mã chưa có trong DANH MỤC")) -> Sơn nội thất siêu bóng cao cấp Imperia IG05 | J6: 134 | K6: XK T6 d.99
A7: 46176 | B7: =IF(A7="","",MONTH(A7)) -> 6 | C7: IG05 | D7: 18L | E7: 1 | F7: 5530000 | G7: 1 | H7: =IF(E7="","",E7*N(F7)*IF(G7="",1,G7)) -> 5530000 | I7: =IF(C7="","",IFERROR(INDEX('DANH MỤC'!$B$5:$B$200,MATCH(C7,'DANH MỤC'!$A$5:$A$200,0)),"⚠ Mã chưa có trong DANH MỤC")) -> Sơn nội thất siêu bóng cao cấp Imperia IG05 | J7: trắng trần | K7: XK T6 d.100
A8: 46176 | B8: =IF(A8="","",MONTH(A8)) -> 6 | C8: IG05 | D8: 5L | E8: 1 | F8: 1874000 | G8: 1 | H8: =IF(E8="","",E8*N(F8)*IF(G8="",1,G8)) -> 1874000 | I8: =IF(C8="","",IFERROR(INDEX('DANH MỤC'!$B$5:$B$200,MATCH(C8,'DANH MỤC'!$A$5:$A$200,0)),"⚠ Mã chưa có trong DANH MỤC")) -> Sơn nội thất siêu bóng cao cấp Imperia IG05 | J8: 0.16 | K8: XK T6 d.101
A9: 46176 | B9: =IF(A9="","",MONTH(A9)) -> 6 | C9: IG05 | D9: 5L | E9: 1 | F9: 1874000 | G9: 1 | H9: =IF(E9="","",E9*N(F9)*IF(G9="",1,G9)) -> 1874000 | I9: =IF(C9="","",IFERROR(INDEX('DANH MỤC'!$B$5:$B$200,MATCH(C9,'DANH MỤC'!$A$5:$A$200,0)),"⚠ Mã chưa có trong DANH MỤC")) -> Sơn nội thất siêu bóng cao cấp Imperia IG05 | J9: 0.67 | K9: XK T6 d.102
A10: 46176 | B10: =IF(A10="","",MONTH(A10)) -> 6 | C10: EG09 | D10: 5L | E10: 1 | F10: 2089000 | G10: 1.15 | H10: =IF(E10="","",E10*N(F10)*IF(G10="",1,G10)) -> 2402350 | I10: =IF(C10="","",IFERROR(INDEX('DANH MỤC'!$B$5:$B$200,MATCH(C10,'DANH MỤC'!$A$5:$A$200,0)),"⚠ Mã chưa có trong DANH MỤC")) -> Sơn ngoại thất siêu bóng cao cấp Imperia EG09 | J10: 209-b3 (**) | K10: XK T6 d.103
A11: 46176 | B11: =IF(A11="","",MONTH(A11)) -> 6 | C11: ETM-309 | D11: 18L | E11: 7 | F11: 4382000 | G11: 1 | H11: =IF(E11="","",E11*N(F11)*IF(G11="",1,G11)) -> 30674000 | I11: =IF(C11="","",IFERROR(INDEX('DANH MỤC'!$B$5:$B$200,MATCH(C11,'DANH MỤC'!$A$5:$A$200,0)),"⚠ Mã chưa có trong DANH MỤC")) -> Sơn chống thấm màu ETM 309 (ghi đậm) | K11: XK T6 d.111
A12: 46176 | B12: =IF(A12="","",MONTH(A12)) -> 6 | C12: PI04 | D12: 18L | E12: 3 | F12: 2738000 | G12: 1 | H12: =IF(E12="","",E12*N(F12)*IF(G12="",1,G12)) -> 8214000 | I12: =IF(C12="","",IFERROR(INDEX('DANH MỤC'!$B$5:$B$200,MATCH(C12,'DANH MỤC'!$A$5:$A$200,0)),"⚠ Mã chưa có trong DANH MỤC")) -> Sơn lót nội thất kháng kiềm cao cấp Imperia PI04 | K12: XK T6 d.112
A13: 46176 | B13: =IF(A13="","",MONTH(A13)) -> 6 | C13: PE02 | D13: 18L | E13: 1 | F13: 3732000 | G13: 1 | H13: =IF(E13="","",E13*N(F13)*IF(G13="",1,G13)) -> 3732000 | I13: =IF(C13="","",IFERROR(INDEX('DANH MỤC'!$B$5:$B$200,MATCH(C13,'DANH MỤC'!$A$5:$A$200,0)),"⚠ Mã chưa có trong DANH MỤC")) -> Sơn lót ngoại thất kháng kiềm cao cấp Imperia PE02 | K13: XK T6 d.113
A14: 46176 | B14: =IF(A14="","",MONTH(A14)) -> 6 | C14: IG05 | D14: 18L | E14: 4 | F14: 5530000 | G14: 1 | H14: =IF(E14="","",E14*N(F14)*IF(G14="",1,G14)) -> 22120000 | I14: =IF(C14="","",IFERROR(INDEX('DANH MỤC'!$B$5:$B$200,MATCH(C14,'DANH MỤC'!$A$5:$A$200,0)),"⚠ Mã chưa có trong DANH MỤC")) -> Sơn nội thất siêu bóng cao cấp Imperia IG05 | J14: 360 | K14: XK T6 d.134
A15: 46176 | B15: =IF(A15="","",MONTH(A15)) -> 6 | C15: EG09 | D15: 18L | E15: 1 | F15: 6504000 | G15: 1 | H15: =IF(E15="","",E15*N(F15)*IF(G15="",1,G15)) -> 6504000 | I15: =IF(C15="","",IFERROR(INDEX('DANH MỤC'!$B$5:$B$200,MATCH(C15,'DANH MỤC'!$A$5:$A$200,0)),"⚠ Mã chưa có trong DANH MỤC")) -> Sơn ngoại thất siêu bóng cao cấp Imperia EG09 | J15: 360 | K15: XK T6 d.135
A16: 46176 | B16: =IF(A16="","",MONTH(A16)) -> 6 | C16: EG09 | D16: 5L | E16: 1 | F16: 2089000 | G16: 1.1 | H16: =IF(E16="","",E16*N(F16)*IF(G16="",1,G16)) -> 2297900 | I16: =IF(C16="","",IFERROR(INDEX('DANH MỤC'!$B$5:$B$200,MATCH(C16,'DANH MỤC'!$A$5:$A$200,0)),"⚠ Mã chưa có trong DANH MỤC")) -> Sơn ngoại thất siêu bóng cao cấp Imperia EG09 | J16: 069B2 (*) | K16: XK T6 d.136
A17: 46176 | B17: =IF(A17="","",MONTH(A17)) -> 6 | C17: ESG10 | D17: 1L | E17: 1 | F17: 409000 | G17: 1 | H17: =IF(E17="","",E17*N(F17)*IF(G17="",1,G17)) -> 409000 | I17: =IF(C17="","",IFERROR(INDEX('DANH MỤC'!$B$5:$B$200,MATCH(C17,'DANH MỤC'!$A$5:$A$200,0)),"⚠ Mã chưa có trong DANH MỤC")) -> Sơn ngoại thất cao cấp bóng mờ Imperia ESG10 | J17: T Sứ | K17: XK T6 d.137
A18: 46177 | B18: =IF(A18="","",MONTH(A18)) -> 6 | C18: ETM-309 | D18: 18L | E18: 3 | F18: 4821000 | G18: 1 | H18: =IF(E18="","",E18*N(F18)*IF(G18="",1,G18)) -> 14463000 | I18: =IF(C18="","",IFERROR(INDEX('DANH MỤC'!$B$5:$B$200,MATCH(C18,'DANH MỤC'!$A$5:$A$200,0)),"⚠ Mã chưa có trong DANH MỤC")) -> Sơn chống thấm màu ETM 309 (ghi đậm) | K18: XK T6 d.75
A19: 46177 | B19: =IF(A19="","",MONTH(A19)) -> 6 | C19: PI04 | D19: 18L | E19: 3 | F19: 3012000 | G19: 1 | H19: =IF(E19="","",E19*N(F19)*IF(G19="",1,G19)) -> 9036000 | I19: =IF(C19="","",IFERROR(INDEX('DANH MỤC'!$B$5:$B$200,MATCH(C19,'DANH MỤC'!$A$5:$A$200,0)),"⚠ Mã chưa có trong DANH MỤC")) -> Sơn lót nội thất kháng kiềm cao cấp Imperia PI04 | K19: XK T6 d.76
A20: 46177 | B20: =IF(A20="","",MONTH(A20)) -> 6 | C20: PE02 | D20: 18L | E20: 1 | F20: 4106000 | G20: 1 | H20: =IF(E20="","",E20*N(F20)*IF(G20="",1,G20)) -> 4106000 | I20: =IF(C20="","",IFERROR(INDEX('DANH MỤC'!$B$5:$B$200,MATCH(C20,'DANH MỤC'!$A$5:$A$200,0)),"⚠ Mã chưa có trong DANH MỤC")) -> Sơn lót ngoại thất kháng kiềm cao cấp Imperia PE02 | K20: XK T6 d.77
A21: 46177 | B21: =IF(A21="","",MONTH(A21)) -> 6 | C21: IG05 | D21: 18L | E21: 2 | F21: 5530000 | G21: 1 | H21: =IF(E21="","",E21*N(F21)*IF(G21="",1,G21)) -> 11060000 | I21: =IF(C21="","",IFERROR(INDEX('DANH MỤC'!$B$5:$B$200,MATCH(C21,'DANH MỤC'!$A$5:$A$200,0)),"⚠ Mã chưa có trong DANH MỤC")) -> Sơn nội thất siêu bóng cao cấp Imperia IG05 | J21: 333 | K21: XK T6 d.78
A22: 46177 | B22: =IF(A22="","",MONTH(A22)) -> 6 | C22: IG05 | D22: 18L | E22: 1 | F22: 5530000 | G22: 1 | H22: =IF(E22="","",E22*N(F22)*IF(G22="",1,G22)) -> 5530000 | I22: =IF(C22="","",IFERROR(INDEX('DANH MỤC'!$B$5:$B$200,MATCH(C22,'DANH MỤC'!$A$5:$A$200,0)),"⚠ Mã chưa có trong DANH MỤC")) -> Sơn nội thất siêu bóng cao cấp Imperia IG05 | J22: B1 | K22: XK T6 d.79
A23: 46177 | B23: =IF(A23="","",MONTH(A23)) -> 6 | C23: EG09 | D23: 18L | E23: 1 | F23: 6504000 | G23: 1 | H23: =IF(E23="","",E23*N(F23)*IF(G23="",1,G23)) -> 6504000 | I23: =IF(C23="","",IFERROR(INDEX('DANH MỤC'!$B$5:$B$200,MATCH(C23,'DANH MỤC'!$A$5:$A$200,0)),"⚠ Mã chưa có trong DANH MỤC")) -> Sơn ngoại thất siêu bóng cao cấp Imperia EG09 | J23: 343 | K23: XK T6 d.80
A24: 46177 | B24: =IF(A24="","",MONTH(A24)) -> 6 | C24: EG09 | D24: 5L | E24: 1 | F24: 2089000 | G24: 1.1 | H24: =IF(E24="","",E24*N(F24)*IF(G24="",1,G24)) -> 2297900 | I24: =IF(C24="","",IFERROR(INDEX('DANH MỤC'!$B$5:$B$200,MATCH(C24,'DANH MỤC'!$A$5:$A$200,0)),"⚠ Mã chưa có trong DANH MỤC")) -> Sơn ngoại thất siêu bóng cao cấp Imperia EG09 | J24: 069- B2 | K24: XK T6 d.81
A25: 46177 | B25: =IF(A25="","",MONTH(A25)) -> 6 | C25: EG09 | D25: 1L | E25: 2 | F25: 479000 | G25: 1 | H25: =IF(E25="","",E25*N(F25)*IF(G25="",1,G25)) -> 958000 | I25: =IF(C25="","",IFERROR(INDEX('DANH MỤC'!$B$5:$B$200,MATCH(C25,'DANH MỤC'!$A$5:$A$200,0)),"⚠ Mã chưa có trong DANH MỤC")) -> Sơn ngoại thất siêu bóng cao cấp Imperia EG09 | J25: 350 | K25: XK T6 d.82
A26: 46177 | B26: =IF(A26="","",MONTH(A26)) -> 6 | C26: EG09 | D26: 1L | E26: 2 | F26: 479000 | G26: 1.2 | H26: =IF(E26="","",E26*N(F26)*IF(G26="",1,G26)) -> 1149600 | I26: =IF(C26="","",IFERROR(INDEX('DANH MỤC'!$B$5:$B$200,MATCH(C26,'DANH MỤC'!$A$5:$A$200,0)),"⚠ Mã chưa có trong DANH MỤC")) -> Sơn ngoại thất siêu bóng cao cấp Imperia EG09 | J26: 216-B4 (*) | K26: XK T6 d.83
A27: 46178 | B27: =IF(A27="","",MONTH(A27)) -> 6 | C27: PI04 | D27: 18L | E27: 3 | F27: 2738000 | G27: 1 | H27: =IF(E27="","",E27*N(F27)*IF(G27="",1,G27)) -> 8214000 | I27: =IF(C27="","",IFERROR(INDEX('DANH MỤC'!$B$5:$B$200,MATCH(C27,'DANH MỤC'!$A$5:$A$200,0)),"⚠ Mã chưa có trong DANH MỤC")) -> Sơn lót nội thất kháng kiềm cao cấp Imperia PI04 | K27: XK T6 d.114
A28: 46178 | B28: =IF(A28="","",MONTH(A28)) -> 6 | C28: EG09 | D28: 1L | E28: 3 | F28: 479000 | G28: 1.1 | H28: =IF(E28="","",E28*N(F28)*IF(G28="",1,G28)) -> 1580700 | I28: =IF(C28="","",IFERROR(INDEX('DANH MỤC'!$B$5:$B$200,MATCH(C28,'DANH MỤC'!$A$5:$A$200,0)),"⚠ Mã chưa có trong DANH MỤC")) -> Sơn ngoại thất siêu bóng cao cấp Imperia EG09 | J28: 069B2 (*) | K28: XK T6 d.138
A29: 46180 | B29: =IF(A29="","",MONTH(A29)) -> 6 | C29: PI04 | D29: 18L | E29: 1 | F29: 3012000 | G29: 1 | H29: =IF(E29="","",E29*N(F29)*IF(G29="",1,G29)) -> 3012000 | I29: =IF(C29="","",IFERROR(INDEX('DANH MỤC'!$B$5:$B$200,MATCH(C29,'DANH MỤC'!$A$5:$A$200,0)),"⚠ Mã chưa có trong DANH MỤC")) -> Sơn lót nội thất kháng kiềm cao cấp Imperia PI04 | K29: XK T6 d.84
A30: 46180 | B30: =IF(A30="","",MONTH(A30)) -> 6 | C30: IG05 | D30: 18L | E30: 2 | F30: 5530000 | G30: 1 | H30: =IF(E30="","",E30*N(F30)*IF(G30="",1,G30)) -> 11060000 | I30: =IF(C30="","",IFERROR(INDEX('DANH MỤC'!$B$5:$B$200,MATCH(C30,'DANH MỤC'!$A$5:$A$200,0)),"⚠ Mã chưa có trong DANH MỤC")) -> Sơn nội thất siêu bóng cao cấp Imperia IG05 | J30: 333 | K30: XK T6 d.85
A31: 46180 | B31: =IF(A31="","",MONTH(A31)) -> 6 | C31: EG09 | D31: 1L | E31: 2 | F31: 479000 | G31: 1 | H31: =IF(E31="","",E31*N(F31)*IF(G31="",1,G31)) -> 958000 | I31: =IF(C31="","",IFERROR(INDEX('DANH MỤC'!$B$5:$B$200,MATCH(C31,'DANH MỤC'!$A$5:$A$200,0)),"⚠ Mã chưa có trong DANH MỤC")) -> Sơn ngoại thất siêu bóng cao cấp Imperia EG09 | J31: 350-b1 | K31: XK T6 d.86
A32: 46180 | B32: =IF(A32="","",MONTH(A32)) -> 6 | C32: ETM-309 | D32: 18L | E32: 3 | F32: 4382000 | G32: 1 | H32: =IF(E32="","",E32*N(F32)*IF(G32="",1,G32)) -> 13146000 | I32: =IF(C32="","",IFERROR(INDEX('DANH MỤC'!$B$5:$B$200,MATCH(C32,'DANH MỤC'!$A$5:$A$200,0)),"⚠ Mã chưa có trong DANH MỤC")) -> Sơn chống thấm màu ETM 309 (ghi đậm) | J32: 309 | K32: XK T6 d.115
A33: 46181 | B33: =IF(A33="","",MONTH(A33)) -> 6 | C33: ETM-309 | D33: 5L | E33: 2 | F33: 1447000 | G33: 1 | H33: =IF(E33="","",E33*N(F33)*IF(G33="",1,G33)) -> 2894000 | I33: =IF(C33="","",IFERROR(INDEX('DANH MỤC'!$B$5:$B$200,MATCH(C33,'DANH MỤC'!$A$5:$A$200,0)),"⚠ Mã chưa có trong DANH MỤC")) -> Sơn chống thấm màu ETM 309 (ghi đậm) | J33: 309 | K33: XK T6 d.104
A34: 46181 | B34: =IF(A34="","",MONTH(A34)) -> 6 | C34: IG05 | D34: 5L | E34: 1 | F34: 1874000 | G34: 1 | H34: =IF(E34="","",E34*N(F34)*IF(G34="",1,G34)) -> 1874000 | I34: =IF(C34="","",IFERROR(INDEX('DANH MỤC'!$B$5:$B$200,MATCH(C34,'DANH MỤC'!$A$5:$A$200,0)),"⚠ Mã chưa có trong DANH MỤC")) -> Sơn nội thất siêu bóng cao cấp Imperia IG05 | J34: 134 | K34: XK T6 d.105
A35: 46181 | B35: =IF(A35="","",MONTH(A35)) -> 6 | C35: ETM-309 | D35: 5L | E35: 2 | F35: 1315000 | G35: 1 | H35: =IF(E35="","",E35*N(F35)*IF(G35="",1,G35)) -> 2630000 | I35: =IF(C35="","",IFERROR(INDEX('DANH MỤC'!$B$5:$B$200,MATCH(C35,'DANH MỤC'!$A$5:$A$200,0)),"⚠ Mã chưa có trong DANH MỤC")) -> Sơn chống thấm màu ETM 309 (ghi đậm) | J35: 309 | K35: XK T6 d.116
A36: 46183 | B36: =IF(A36="","",MONTH(A36)) -> 6 | C36: BA-NOI | D36: Bao | E36: 8 | F36: 481000 | G36: 1 | H36: =IF(E36="","",E36*N(F36)*IF(G36="",1,G36)) -> 3848000 | I36: =IF(C36="","",IFERROR(INDEX('DANH MỤC'!$B$5:$B$200,MATCH(C36,'DANH MỤC'!$A$5:$A$200,0)),"⚠ Mã chưa có trong DANH MỤC")) -> Bột bả nội thất Imperia IP15 (40kg) | K36: XK T6 d.43
A37: 46183 | B37: =IF(A37="","",MONTH(A37)) -> 6 | C37: IL5 | D37: 18L | E37: 10 | F37: 2185000 | G37: 1 | H37: =IF(E37="","",E37*N(F37)*IF(G37="",1,G37)) -> 21850000 | I37: =IF(C37="","",IFERROR(INDEX('DANH MỤC'!$B$5:$B$200,MATCH(C37,'DANH MỤC'!$A$5:$A$200,0)),"⚠ Mã chưa có trong DANH MỤC")) -> Sơn lót nội thất kháng kiềm Silver IL5 | K37: XK T6 d.44
A38: 46183 | B38: =IF(A38="","",MONTH(A38)) -> 6 | C38: ISI | D38: 18L | E38: 7 | F38: 2128000 | G38: 1 | H38: =IF(E38="","",E38*N(F38)*IF(G38="",1,G38)) -> 14896000 | I38: =IF(C38="","",IFERROR(INDEX('DANH MỤC'!$B$5:$B$200,MATCH(C38,'DANH MỤC'!$A$5:$A$200,0)),"⚠ Mã chưa có trong DANH MỤC")) -> Sơn nội thất bền màu Silver ISI | K38: XK T6 d.45
A39: 46183 | B39: =IF(A39="","",MONTH(A39)) -> 6 | C39: IEW | D39: 18L | E39: 3 | F39: 2712000 | G39: 1 | H39: =IF(E39="","",E39*N(F39)*IF(G39="",1,G39)) -> 8136000 | I39: =IF(C39="","",IFERROR(INDEX('DANH MỤC'!$B$5:$B$200,MATCH(C39,'DANH MỤC'!$A$5:$A$200,0)),"⚠ Mã chưa có trong DANH MỤC")) -> Sơn nội thất siêu trắng Imperia IEW | K39: XK T6 d.46
A40: 46183 | B40: =IF(A40="","",MONTH(A40)) -> 6 | C40: ESI | D40: 18L | E40: 1 | F40: 3131000 | G40: 1 | H40: =IF(E40="","",E40*N(F40)*IF(G40="",1,G40)) -> 3131000 | I40: =IF(C40="","",IFERROR(INDEX('DANH MỤC'!$B$5:$B$200,MATCH(C40,'DANH MỤC'!$A$5:$A$200,0)),"⚠ Mã chưa có trong DANH MỤC")) -> Sơn ngoại thất bền màu Silver ESI | J40: T.sứ | K40: XK T6 d.47
A41: 46183 | B41: =IF(A41="","",MONTH(A41)) -> 6 | C41: EL5 | D41: 18L | E41: 1 | F41: 3097000 | G41: 1 | H41: =IF(E41="","",E41*N(F41)*IF(G41="",1,G41)) -> 3097000 | I41: =IF(C41="","",IFERROR(INDEX('DANH MỤC'!$B$5:$B$200,MATCH(C41,'DANH MỤC'!$A$5:$A$200,0)),"⚠ Mã chưa có trong DANH MỤC")) -> Sơn lót ngoại thất kháng kiềm Silver EL5 | K41: XK T6 d.48
A42: 46183 | B42: =IF(A42="","",MONTH(A42)) -> 6 | C42: CT12 | D42: 18L | E42: 2 | F42: 4106000 | G42: 1 | H42: =IF(E42="","",E42*N(F42)*IF(G42="",1,G42)) -> 8212000 | I42: =IF(C42="","",IFERROR(INDEX('DANH MỤC'!$B$5:$B$200,MATCH(C42,'DANH MỤC'!$A$5:$A$200,0)),"⚠ Mã chưa có trong DANH MỤC")) -> Sơn chống thấm đa năng Imperia CT12 | K42: XK T6 d.49
A43: 46183 | B43: =IF(A43="","",MONTH(A43)) -> 6 | C43: ISI | D43: 18L | E43: 1 | F43: 2128000 | G43: 1 | H43: =IF(E43="","",E43*N(F43)*IF(G43="",1,G43)) -> 2128000 | I43: =IF(C43="","",IFERROR(INDEX('DANH MỤC'!$B$5:$B$200,MATCH(C43,'DANH MỤC'!$A$5:$A$200,0)),"⚠ Mã chưa có trong DANH MỤC")) -> Sơn nội thất bền màu Silver ISI | J43: T SỨ | K43: XK T6 d.50
A44: 46183 | B44: =IF(A44="","",MONTH(A44)) -> 6 | C44: IG05 | D44: 5L | E44: 1 | F44: 1874000 | G44: 1 | H44: =IF(E44="","",E44*N(F44)*IF(G44="",1,G44)) -> 1874000 | I44: =IF(C44="","",IFERROR(INDEX('DANH MỤC'!$B$5:$B$200,MATCH(C44,'DANH MỤC'!$A$5:$A$200,0)),"⚠ Mã chưa có trong DANH MỤC")) -> Sơn nội thất siêu bóng cao cấp Imperia IG05 | K44: XK T6 d.87
A45: 46183 | B45: =IF(A45="","",MONTH(A45)) -> 6 | C45: EG09 | D45: 1L | E45: 2 | F45: 479000 | G45: 1 | H45: =IF(E45="","",E45*N(F45)*IF(G45="",1,G45)) -> 958000 | I45: =IF(C45="","",IFERROR(INDEX('DANH MỤC'!$B$5:$B$200,MATCH(C45,'DANH MỤC'!$A$5:$A$200,0)),"⚠ Mã chưa có trong DANH MỤC")) -> Sơn ngoại thất siêu bóng cao cấp Imperia EG09 | K45: XK T6 d.88
A46: 46183 | B46: =IF(A46="","",MONTH(A46)) -> 6 | C46: EG09 | D46: 1L | E46: 1 | F46: 479000 | G46: 1 | H46: =IF(E46="","",E46*N(F46)*IF(G46="",1,G46)) -> 479000 | I46: =IF(C46="","",IFERROR(INDEX('DANH MỤC'!$B$5:$B$200,MATCH(C46,'DANH MỤC'!$A$5:$A$200,0)),"⚠ Mã chưa có trong DANH MỤC")) -> Sơn ngoại thất siêu bóng cao cấp Imperia EG09 | J46: 243 | K46: XK T6 d.106
A47: 46183 | B47: =IF(A47="","",MONTH(A47)) -> 6 | C47: EG09 | D47: 1L | E47: 1 | F47: 479000 | G47: 1 | H47: =IF(E47="","",E47*N(F47)*IF(G47="",1,G47)) -> 479000 | I47: =IF(C47="","",IFERROR(INDEX('DANH MỤC'!$B$5:$B$200,MATCH(C47,'DANH MỤC'!$A$5:$A$200,0)),"⚠ Mã chưa có trong DANH MỤC")) -> Sơn ngoại thất siêu bóng cao cấp Imperia EG09 | J47: 119 | K47: XK T6 d.107
A48: 46184 | B48: =IF(A48="","",MONTH(A48)) -> 6 | C48: EG09 | D48: 5L | E48: 1 | F48: 2089000 | G48: 1 | H48: =IF(E48="","",E48*N(F48)*IF(G48="",1,G48)) -> 2089000 | I48: =IF(C48="","",IFERROR(INDEX('DANH MỤC'!$B$5:$B$200,MATCH(C48,'DANH MỤC'!$A$5:$A$200,0)),"⚠ Mã chưa có trong DANH MỤC")) -> Sơn ngoại thất siêu bóng cao cấp Imperia EG09 | J48: 343 | K48: XK T6 d.89
A49: 46184 | B49: =IF(A49="","",MONTH(A49)) -> 6 | C49: IG05 | D49: 18L | E49: 2 | F49: 5027000 | G49: 1 | H49: =IF(E49="","",E49*N(F49)*IF(G49="",1,G49)) -> 10054000 | I49: =IF(C49="","",IFERROR(INDEX('DANH MỤC'!$B$5:$B$200,MATCH(C49,'DANH MỤC'!$A$5:$A$200,0)),"⚠ Mã chưa có trong DANH MỤC")) -> Sơn nội thất siêu bóng cao cấp Imperia IG05 | J49: 333 | K49: XK T6 d.117
A50: 46184 | B50: =IF(A50="","",MONTH(A50)) -> 6 | C50: IG05 | D50: 18L | E50: 1 | F50: 5027000 | G50: 1 | H50: =IF(E50="","",E50*N(F50)*IF(G50="",1,G50)) -> 5027000 | I50: =IF(C50="","",IFERROR(INDEX('DANH MỤC'!$B$5:$B$200,MATCH(C50,'DANH MỤC'!$A$5:$A$200,0)),"⚠ Mã chưa có trong DANH MỤC")) -> Sơn nội thất siêu bóng cao cấp Imperia IG05 | J50: BASE | K50: XK T6 d.118
A51: 46184 | B51: =IF(A51="","",MONTH(A51)) -> 6 | C51: PI04 | D51: 18L | E51: 2 | F51: 2738000 | G51: 1 | H51: =IF(E51="","",E51*N(F51)*IF(G51="",1,G51)) -> 5476000 | I51: =IF(C51="","",IFERROR(INDEX('DANH MỤC'!$B$5:$B$200,MATCH(C51,'DANH MỤC'!$A$5:$A$200,0)),"⚠ Mã chưa có trong DANH MỤC")) -> Sơn lót nội thất kháng kiềm cao cấp Imperia PI04 | K51: XK T6 d.119
A52: 46184 | B52: =IF(A52="","",MONTH(A52)) -> 6 | C52: IG05 | D52: 5L | E52: 1 | F52: 1703000 | G52: 1 | H52: =IF(E52="","",E52*N(F52)*IF(G52="",1,G52)) -> 1703000 | I52: =IF(C52="","",IFERROR(INDEX('DANH MỤC'!$B$5:$B$200,MATCH(C52,'DANH MỤC'!$A$5:$A$200,0)),"⚠ Mã chưa có trong DANH MỤC")) -> Sơn nội thất siêu bóng cao cấp Imperia IG05 | J52: 338 | K52: XK T6 d.120
A53: 46184 | B53: =IF(A53="","",MONTH(A53)) -> 6 | C53: EG09 | D53: 5L | E53: 1 | F53: 1899000 | G53: 1.15 | H53: =IF(E53="","",E53*N(F53)*IF(G53="",1,G53)) -> 2183850 | I53: =IF(C53="","",IFERROR(INDEX('DANH MỤC'!$B$5:$B$200,MATCH(C53,'DANH MỤC'!$A$5:$A$200,0)),"⚠ Mã chưa có trong DANH MỤC")) -> Sơn ngoại thất siêu bóng cao cấp Imperia EG09 | J53: 128-4 (**) | K53: XK T6 d.121
A54: 46185 | B54: =IF(A54="","",MONTH(A54)) -> 6 | C54: EG09 | D54: 18L | E54: 1 | F54: 5912000 | G54: 1 | H54: =IF(E54="","",E54*N(F54)*IF(G54="",1,G54)) -> 5912000 | I54: =IF(C54="","",IFERROR(INDEX('DANH MỤC'!$B$5:$B$200,MATCH(C54,'DANH MỤC'!$A$5:$A$200,0)),"⚠ Mã chưa có trong DANH MỤC")) -> Sơn ngoại thất siêu bóng cao cấp Imperia EG09 | J54: Trắng sứ | K54: XK T6 d.122
A55: 46185 | B55: =IF(A55="","",MONTH(A55)) -> 6 | C55: IG05 | D55: 18L | E55: 1 | F55: 5027000 | G55: 1 | H55: =IF(E55="","",E55*N(F55)*IF(G55="",1,G55)) -> 5027000 | I55: =IF(C55="","",IFERROR(INDEX('DANH MỤC'!$B$5:$B$200,MATCH(C55,'DANH MỤC'!$A$5:$A$200,0)),"⚠ Mã chưa có trong DANH MỤC")) -> Sơn nội thất siêu bóng cao cấp Imperia IG05 | J55: 333 | K55: XK T6 d.123
A56: 46185 | B56: =IF(A56="","",MONTH(A56)) -> 6 | C56: EG09 | D56: 5L | E56: 1 | F56: 1899000 | G56: 1.15 | H56: =IF(E56="","",E56*N(F56)*IF(G56="",1,G56)) -> 2183850 | I56: =IF(C56="","",IFERROR(INDEX('DANH MỤC'!$B$5:$B$200,MATCH(C56,'DANH MỤC'!$A$5:$A$200,0)),"⚠ Mã chưa có trong DANH MỤC")) -> Sơn ngoại thất siêu bóng cao cấp Imperia EG09 | J56: 128-4 (**) | K56: XK T6 d.124
A57: 46186 | B57: =IF(A57="","",MONTH(A57)) -> 6 | C57: IG05 | D57: 18L | E57: 6 | F57: 5530000 | G57: 1 | H57: =IF(E57="","",E57*N(F57)*IF(G57="",1,G57)) -> 33180000 | I57: =IF(C57="","",IFERROR(INDEX('DANH MỤC'!$B$5:$B$200,MATCH(C57,'DANH MỤC'!$A$5:$A$200,0)),"⚠ Mã chưa có trong DANH MỤC")) -> Sơn nội thất siêu bóng cao cấp Imperia IG05 | J57: T SỨ | K57: XK T6 d.51
A58: 46186 | B58: =IF(A58="","",MONTH(A58)) -> 6 | C58: PE02 | D58: 18L | E58: 3 | F58: 4106000 | G58: 1 | H58: =IF(E58="","",E58*N(F58)*IF(G58="",1,G58)) -> 12318000 | I58: =IF(C58="","",IFERROR(INDEX('DANH MỤC'!$B$5:$B$200,MATCH(C58,'DANH MỤC'!$A$5:$A$200,0)),"⚠ Mã chưa có trong DANH MỤC")) -> Sơn lót ngoại thất kháng kiềm cao cấp Imperia PE02 | K58: XK T6 d.52 | L58: ký hiệu PE02 ≠ tên hàng (PI04)
A59: 46186 | B59: =IF(A59="","",MONTH(A59)) -> 6 | C59: EG09 | D59: 18L | E59: 2 | F59: 6504000 | G59: 1 | H59: =IF(E59="","",E59*N(F59)*IF(G59="",1,G59)) -> 13008000 | I59: =IF(C59="","",IFERROR(INDEX('DANH MỤC'!$B$5:$B$200,MATCH(C59,'DANH MỤC'!$A$5:$A$200,0)),"⚠ Mã chưa có trong DANH MỤC")) -> Sơn ngoại thất siêu bóng cao cấp Imperia EG09 | J59: T SỨ | K59: XK T6 d.53
A60: 46186 | B60: =IF(A60="","",MONTH(A60)) -> 6 | C60: CT12 | D60: 18L | E60: 2 | F60: 4106000 | G60: 1 | H60: =IF(E60="","",E60*N(F60)*IF(G60="",1,G60)) -> 8212000 | I60: =IF(C60="","",IFERROR(INDEX('DANH MỤC'!$B$5:$B$200,MATCH(C60,'DANH MỤC'!$A$5:$A$200,0)),"⚠ Mã chưa có trong DANH MỤC")) -> Sơn chống thấm đa năng Imperia CT12 | K60: XK T6 d.54
A61: 46186 | B61: =IF(A61="","",MONTH(A61)) -> 6 | C61: CT12 | D61: 5L | E61: 2 | F61: 1339000 | G61: 1 | H61: =IF(E61="","",E61*N(F61)*IF(G61="",1,G61)) -> 2678000 | I61: =IF(C61="","",IFERROR(INDEX('DANH MỤC'!$B$5:$B$200,MATCH(C61,'DANH MỤC'!$A$5:$A$200,0)),"⚠ Mã chưa có trong DANH MỤC")) -> Sơn chống thấm đa năng Imperia CT12 | K61: XK T6 d.55
A62: 46186 | B62: =IF(A62="","",MONTH(A62)) -> 6 | C62: EG09 | D62: 5L | E62: 1 | F62: 2089000 | G62: 1.15 | H62: =IF(E62="","",E62*N(F62)*IF(G62="",1,G62)) -> 2402350 | I62: =IF(C62="","",IFERROR(INDEX('DANH MỤC'!$B$5:$B$200,MATCH(C62,'DANH MỤC'!$A$5:$A$200,0)),"⚠ Mã chưa có trong DANH MỤC")) -> Sơn ngoại thất siêu bóng cao cấp Imperia EG09 | J62: 359-B3 (**) | K62: XK T6 d.56
A63: 46186 | B63: =IF(A63="","",MONTH(A63)) -> 6 | C63: IL5 | D63: 18L | E63: 2 | F63: 2185000 | G63: 1 | H63: =IF(E63="","",E63*N(F63)*IF(G63="",1,G63)) -> 4370000 | I63: =IF(C63="","",IFERROR(INDEX('DANH MỤC'!$B$5:$B$200,MATCH(C63,'DANH MỤC'!$A$5:$A$200,0)),"⚠ Mã chưa có trong DANH MỤC")) -> Sơn lót nội thất kháng kiềm Silver IL5 | K63: XK T6 d.57
A64: 46186 | B64: =IF(A64="","",MONTH(A64)) -> 6 | C64: IDC | D64: 18L | E64: 3 | F64: 1113000 | G64: 1 | H64: =IF(E64="","",E64*N(F64)*IF(G64="",1,G64)) -> 3339000 | I64: =IF(C64="","",IFERROR(INDEX('DANH MỤC'!$B$5:$B$200,MATCH(C64,'DANH MỤC'!$A$5:$A$200,0)),"⚠ Mã chưa có trong DANH MỤC")) -> Sơn nội thất kinh tế Deco IDC | K64: XK T6 d.58
A65: 46186 | B65: =IF(A65="","",MONTH(A65)) -> 6 | C65: EG09 | D65: 1L | E65: 3 | F65: 435000 | G65: 1 | H65: =IF(E65="","",E65*N(F65)*IF(G65="",1,G65)) -> 1305000 | I65: =IF(C65="","",IFERROR(INDEX('DANH MỤC'!$B$5:$B$200,MATCH(C65,'DANH MỤC'!$A$5:$A$200,0)),"⚠ Mã chưa có trong DANH MỤC")) -> Sơn ngoại thất siêu bóng cao cấp Imperia EG09 | J65: 1286 | K65: XK T6 d.125
A66: 46186 | B66: =IF(A66="","",MONTH(A66)) -> 6 | C66: EG09 | D66: 1L | E66: 1 | F66: 435000 | G66: 1 | H66: =IF(E66="","",E66*N(F66)*IF(G66="",1,G66)) -> 435000 | I66: =IF(C66="","",IFERROR(INDEX('DANH MỤC'!$B$5:$B$200,MATCH(C66,'DANH MỤC'!$A$5:$A$200,0)),"⚠ Mã chưa có trong DANH MỤC")) -> Sơn ngoại thất siêu bóng cao cấp Imperia EG09 | J66: 338 | K66: XK T6 d.126
A67: 46187 | B67: =IF(A67="","",MONTH(A67)) -> 6 | C67: PI04 | D67: 18L | E67: 3 | F67: 3012000 | G67: 1 | H67: =IF(E67="","",E67*N(F67)*IF(G67="",1,G67)) -> 9036000 | I67: =IF(C67="","",IFERROR(INDEX('DANH MỤC'!$B$5:$B$200,MATCH(C67,'DANH MỤC'!$A$5:$A$200,0)),"⚠ Mã chưa có trong DANH MỤC")) -> Sơn lót nội thất kháng kiềm cao cấp Imperia PI04 | K67: XK T6 d.7
A68: 46187 | B68: =IF(A68="","",MONTH(A68)) -> 6 | C68: ESG10 | D68: 5L | E68: 3 | F68: 1536000 | G68: 1.1 | H68: =IF(E68="","",E68*N(F68)*IF(G68="",1,G68)) -> 5068800 | I68: =IF(C68="","",IFERROR(INDEX('DANH MỤC'!$B$5:$B$200,MATCH(C68,'DANH MỤC'!$A$5:$A$200,0)),"⚠ Mã chưa có trong DANH MỤC")) -> Sơn ngoại thất cao cấp bóng mờ Imperia ESG10 | J68: AP169-6 (**) | K68: XK T6 d.8
A69: 46187 | B69: =IF(A69="","",MONTH(A69)) -> 6 | C69: ISG06 | D69: 18L | E69: 2 | F69: 4597000 | G69: 1 | H69: =IF(E69="","",E69*N(F69)*IF(G69="",1,G69)) -> 9194000 | I69: =IF(C69="","",IFERROR(INDEX('DANH MỤC'!$B$5:$B$200,MATCH(C69,'DANH MỤC'!$A$5:$A$200,0)),"⚠ Mã chưa có trong DANH MỤC")) -> Sơn nội thất cao cấp bóng mờ Imperia ISG06 | J69: AP32-5 | K69: XK T6 d.9
A70: 46187 | B70: =IF(A70="","",MONTH(A70)) -> 6 | C70: ISG06 | D70: 5L | E70: 2 | F70: 1302000 | G70: 1 | H70: =IF(E70="","",E70*N(F70)*IF(G70="",1,G70)) -> 2604000 | I70: =IF(C70="","",IFERROR(INDEX('DANH MỤC'!$B$5:$B$200,MATCH(C70,'DANH MỤC'!$A$5:$A$200,0)),"⚠ Mã chưa có trong DANH MỤC")) -> Sơn nội thất cao cấp bóng mờ Imperia ISG06 | J70: AP100-1 | K70: XK T6 d.10
A71: 46187 | B71: =IF(A71="","",MONTH(A71)) -> 6 | C71: PI04 | D71: 18L | E71: 3 | F71: 3012000 | G71: 1 | H71: =IF(E71="","",E71*N(F71)*IF(G71="",1,G71)) -> 9036000 | I71: =IF(C71="","",IFERROR(INDEX('DANH MỤC'!$B$5:$B$200,MATCH(C71,'DANH MỤC'!$A$5:$A$200,0)),"⚠ Mã chưa có trong DANH MỤC")) -> Sơn lót nội thất kháng kiềm cao cấp Imperia PI04 | K71: XK T6 d.14 | L71: Nghi trùng với dòng 7 (sheet XK T6)
A72: 46187 | B72: =IF(A72="","",MONTH(A72)) -> 6 | C72: ESG10 | D72: 5L | E72: 3 | F72: 1536000 | G72: 1.1 | H72: =IF(E72="","",E72*N(F72)*IF(G72="",1,G72)) -> 5068800 | I72: =IF(C72="","",IFERROR(INDEX('DANH MỤC'!$B$5:$B$200,MATCH(C72,'DANH MỤC'!$A$5:$A$200,0)),"⚠ Mã chưa có trong DANH MỤC")) -> Sơn ngoại thất cao cấp bóng mờ Imperia ESG10 | J72: AP169-6 (**) | K72: XK T6 d.15 | L72: Nghi trùng với dòng 8 (sheet XK T6)
A73: 46187 | B73: =IF(A73="","",MONTH(A73)) -> 6 | C73: ISG06 | D73: 18L | E73: 2 | F73: 4597000 | G73: 1 | H73: =IF(E73="","",E73*N(F73)*IF(G73="",1,G73)) -> 9194000 | I73: =IF(C73="","",IFERROR(INDEX('DANH MỤC'!$B$5:$B$200,MATCH(C73,'DANH MỤC'!$A$5:$A$200,0)),"⚠ Mã chưa có trong DANH MỤC")) -> Sơn nội thất cao cấp bóng mờ Imperia ISG06 | J73: AP32-5 | K73: XK T6 d.16 | L73: Nghi trùng với dòng 9 (sheet XK T6)
A74: 46187 | B74: =IF(A74="","",MONTH(A74)) -> 6 | C74: ISG06 | D74: 5L | E74: 2 | F74: 1302000 | G74: 1 | H74: =IF(E74="","",E74*N(F74)*IF(G74="",1,G74)) -> 2604000 | I74: =IF(C74="","",IFERROR(INDEX('DANH MỤC'!$B$5:$B$200,MATCH(C74,'DANH MỤC'!$A$5:$A$200,0)),"⚠ Mã chưa có trong DANH MỤC")) -> Sơn nội thất cao cấp bóng mờ Imperia ISG06 | J74: AP100-1 | K74: XK T6 d.17 | L74: Nghi trùng với dòng 10 (sheet XK T6)
A75: 46187 | B75: =IF(A75="","",MONTH(A75)) -> 6 | C75: IG05 | D75: 5L | E75: 1 | F75: 1875000 | G75: 1 | H75: =IF(E75="","",E75*N(F75)*IF(G75="",1,G75)) -> 1875000 | I75: =IF(C75="","",IFERROR(INDEX('DANH MỤC'!$B$5:$B$200,MATCH(C75,'DANH MỤC'!$A$5:$A$200,0)),"⚠ Mã chưa có trong DANH MỤC")) -> Sơn nội thất siêu bóng cao cấp Imperia IG05 | K75: XK T6 d.73
A76: 46188 | B76: =IF(A76="","",MONTH(A76)) -> 6 | C76: PI04 | D76: 18L | E76: 2 | F76: 3012000 | G76: 1 | H76: =IF(E76="","",E76*N(F76)*IF(G76="",1,G76)) -> 6024000 | I76: =IF(C76="","",IFERROR(INDEX('DANH MỤC'!$B$5:$B$200,MATCH(C76,'DANH MỤC'!$A$5:$A$200,0)),"⚠ Mã chưa có trong DANH MỤC")) -> Sơn lót nội thất kháng kiềm cao cấp Imperia PI04 | K76: XK T6 d.66
A77: 46188 | B77: =IF(A77="","",MONTH(A77)) -> 6 | C77: ETM-309 | D77: 18L | E77: 1 | F77: 4821000 | G77: 1 | H77: =IF(E77="","",E77*N(F77)*IF(G77="",1,G77)) -> 4821000 | I77: =IF(C77="","",IFERROR(INDEX('DANH MỤC'!$B$5:$B$200,MATCH(C77,'DANH MỤC'!$A$5:$A$200,0)),"⚠ Mã chưa có trong DANH MỤC")) -> Sơn chống thấm màu ETM 309 (ghi đậm) | J77: 309 | K77: XK T6 d.67
A78: 46188 | B78: =IF(A78="","",MONTH(A78)) -> 6 | C78: ISG06 | D78: 5L | E78: 2 | F78: 1302000 | G78: 1 | H78: =IF(E78="","",E78*N(F78)*IF(G78="",1,G78)) -> 2604000 | I78: =IF(C78="","",IFERROR(INDEX('DANH MỤC'!$B$5:$B$200,MATCH(C78,'DANH MỤC'!$A$5:$A$200,0)),"⚠ Mã chưa có trong DANH MỤC")) -> Sơn nội thất cao cấp bóng mờ Imperia ISG06 | J78: 357 | K78: XK T6 d.68
A79: 46188 | B79: =IF(A79="","",MONTH(A79)) -> 6 | C79: ISG06 | D79: 5L | E79: 1 | F79: 1302000 | G79: 1 | H79: =IF(E79="","",E79*N(F79)*IF(G79="",1,G79)) -> 1302000 | I79: =IF(C79="","",IFERROR(INDEX('DANH MỤC'!$B$5:$B$200,MATCH(C79,'DANH MỤC'!$A$5:$A$200,0)),"⚠ Mã chưa có trong DANH MỤC")) -> Sơn nội thất cao cấp bóng mờ Imperia ISG06 | J79: b1 | K79: XK T6 d.69
A80: 46188 | B80: =IF(A80="","",MONTH(A80)) -> 6 | C80: IG05 | D80: 18L | E80: 1 | F80: 5027000 | G80: 1 | H80: =IF(E80="","",E80*N(F80)*IF(G80="",1,G80)) -> 5027000 | I80: =IF(C80="","",IFERROR(INDEX('DANH MỤC'!$B$5:$B$200,MATCH(C80,'DANH MỤC'!$A$5:$A$200,0)),"⚠ Mã chưa có trong DANH MỤC")) -> Sơn nội thất siêu bóng cao cấp Imperia IG05 | J80: 333 | K80: XK T6 d.127
A81: 46188 | B81: =IF(A81="","",MONTH(A81)) -> 6 | C81: PI04 | D81: 5L | E81: 2 | F81: 908000 | G81: 1 | H81: =IF(E81="","",E81*N(F81)*IF(G81="",1,G81)) -> 1816000 | I81: =IF(C81="","",IFERROR(INDEX('DANH MỤC'!$B$5:$B$200,MATCH(C81,'DANH MỤC'!$A$5:$A$200,0)),"⚠ Mã chưa có trong DANH MỤC")) -> Sơn lót nội thất kháng kiềm cao cấp Imperia PI04 | K81: XK T6 d.128
A82: 46188 | B82: =IF(A82="","",MONTH(A82)) -> 6 | C82: PE02 | D82: 18L | E82: 1 | F82: 3732000 | G82: 1 | H82: =IF(E82="","",E82*N(F82)*IF(G82="",1,G82)) -> 3732000 | I82: =IF(C82="","",IFERROR(INDEX('DANH MỤC'!$B$5:$B$200,MATCH(C82,'DANH MỤC'!$A$5:$A$200,0)),"⚠ Mã chưa có trong DANH MỤC")) -> Sơn lót ngoại thất kháng kiềm cao cấp Imperia PE02 | K82: XK T6 d.129
A83: 46189 | B83: =IF(A83="","",MONTH(A83)) -> 6 | C83: ETM-309 | D83: 18L | E83: 3 | F83: 4821000 | G83: 1 | H83: =IF(E83="","",E83*N(F83)*IF(G83="",1,G83)) -> 14463000 | I83: =IF(C83="","",IFERROR(INDEX('DANH MỤC'!$B$5:$B$200,MATCH(C83,'DANH MỤC'!$A$5:$A$200,0)),"⚠ Mã chưa có trong DANH MỤC")) -> Sơn chống thấm màu ETM 309 (ghi đậm) | J83: Trắng sứ | K83: XK T6 d.28 | L83: ký hiệu EG09 ≠ tên hàng (ETM-309)
A84: 46189 | B84: =IF(A84="","",MONTH(A84)) -> 6 | C84: PE02 | D84: 18L | E84: 1 | F84: 4106000 | G84: 1 | H84: =IF(E84="","",E84*N(F84)*IF(G84="",1,G84)) -> 4106000 | I84: =IF(C84="","",IFERROR(INDEX('DANH MỤC'!$B$5:$B$200,MATCH(C84,'DANH MỤC'!$A$5:$A$200,0)),"⚠ Mã chưa có trong DANH MỤC")) -> Sơn lót ngoại thất kháng kiềm cao cấp Imperia PE02 | J84: Lót ngoài | K84: XK T6 d.29
A85: 46189 | B85: =IF(A85="","",MONTH(A85)) -> 6 | C85: PI04 | D85: 18L | E85: 1 | F85: 3012000 | G85: 1 | H85: =IF(E85="","",E85*N(F85)*IF(G85="",1,G85)) -> 3012000 | I85: =IF(C85="","",IFERROR(INDEX('DANH MỤC'!$B$5:$B$200,MATCH(C85,'DANH MỤC'!$A$5:$A$200,0)),"⚠ Mã chưa có trong DANH MỤC")) -> Sơn lót nội thất kháng kiềm cao cấp Imperia PI04 | K85: XK T6 d.70
A86: 46189 | B86: =IF(A86="","",MONTH(A86)) -> 6 | C86: ISG06 | D86: 5L | E86: 2 | F86: 1302000 | G86: 1 | H86: =IF(E86="","",E86*N(F86)*IF(G86="",1,G86)) -> 2604000 | I86: =IF(C86="","",IFERROR(INDEX('DANH MỤC'!$B$5:$B$200,MATCH(C86,'DANH MỤC'!$A$5:$A$200,0)),"⚠ Mã chưa có trong DANH MỤC")) -> Sơn nội thất cao cấp bóng mờ Imperia ISG06 | J86: 357 | K86: XK T6 d.71
A87: 46189 | B87: =IF(A87="","",MONTH(A87)) -> 6 | C87: ISG06 | D87: 5L | E87: 2 | F87: 1302000 | G87: 1 | H87: =IF(E87="","",E87*N(F87)*IF(G87="",1,G87)) -> 2604000 | I87: =IF(C87="","",IFERROR(INDEX('DANH MỤC'!$B$5:$B$200,MATCH(C87,'DANH MỤC'!$A$5:$A$200,0)),"⚠ Mã chưa có trong DANH MỤC")) -> Sơn nội thất cao cấp bóng mờ Imperia ISG06 | J87: b1 | K87: XK T6 d.72
A88: 46189 | B88: =IF(A88="","",MONTH(A88)) -> 6 | C88: PI04 | D88: 5L | E88: 2 | F88: 908000 | G88: 1 | H88: =IF(E88="","",E88*N(F88)*IF(G88="",1,G88)) -> 1816000 | I88: =IF(C88="","",IFERROR(INDEX('DANH MỤC'!$B$5:$B$200,MATCH(C88,'DANH MỤC'!$A$5:$A$200,0)),"⚠ Mã chưa có trong DANH MỤC")) -> Sơn lót nội thất kháng kiềm cao cấp Imperia PI04 | K88: XK T6 d.130
A89: 46190 | B89: =IF(A89="","",MONTH(A89)) -> 6 | C89: ETM-99 | D89: 18L | E89: 3 | F89: 4821000 | G89: 1.15 | H89: =IF(E89="","",E89*N(F89)*IF(G89="",1,G89)) -> 16632450 | I89: =IF(C89="","",IFERROR(INDEX('DANH MỤC'!$B$5:$B$200,MATCH(C89,'DANH MỤC'!$A$5:$A$200,0)),"⚠ Mã chưa có trong DANH MỤC")) -> Sơn chống thấm ETM 99 (trắng) | J89: 99 | K89: XK T6 d.30
A90: 46190 | B90: =IF(A90="","",MONTH(A90)) -> 6 | C90: EG09 | D90: 18L | E90: 1 | F90: 6504000 | G90: 1 | H90: =IF(E90="","",E90*N(F90)*IF(G90="",1,G90)) -> 6504000 | I90: =IF(C90="","",IFERROR(INDEX('DANH MỤC'!$B$5:$B$200,MATCH(C90,'DANH MỤC'!$A$5:$A$200,0)),"⚠ Mã chưa có trong DANH MỤC")) -> Sơn ngoại thất siêu bóng cao cấp Imperia EG09 | J90: Trắng sứ | K90: XK T6 d.31
A91: 46190 | B91: =IF(A91="","",MONTH(A91)) -> 6 | C91: EG09 | D91: 1L | E91: 2 | F91: 479000 | G91: 1.2 | H91: =IF(E91="","",E91*N(F91)*IF(G91="",1,G91)) -> 1149600 | I91: =IF(C91="","",IFERROR(INDEX('DANH MỤC'!$B$5:$B$200,MATCH(C91,'DANH MỤC'!$A$5:$A$200,0)),"⚠ Mã chưa có trong DANH MỤC")) -> Sơn ngoại thất siêu bóng cao cấp Imperia EG09 | J91: 293-B4 (**) | K91: XK T6 d.32
A92: 46190 | B92: =IF(A92="","",MONTH(A92)) -> 6 | C92: EG09 | D92: 18L | E92: 1 | F92: 6504000 | G92: 1 | H92: =IF(E92="","",E92*N(F92)*IF(G92="",1,G92)) -> 6504000 | I92: =IF(C92="","",IFERROR(INDEX('DANH MỤC'!$B$5:$B$200,MATCH(C92,'DANH MỤC'!$A$5:$A$200,0)),"⚠ Mã chưa có trong DANH MỤC")) -> Sơn ngoại thất siêu bóng cao cấp Imperia EG09 | J92: T SỨ | K92: XK T6 d.59
A93: 46190 | B93: =IF(A93="","",MONTH(A93)) -> 6 | C93: IG05 | D93: 18L | E93: 2 | F93: 5530000 | G93: 1 | H93: =IF(E93="","",E93*N(F93)*IF(G93="",1,G93)) -> 11060000 | I93: =IF(C93="","",IFERROR(INDEX('DANH MỤC'!$B$5:$B$200,MATCH(C93,'DANH MỤC'!$A$5:$A$200,0)),"⚠ Mã chưa có trong DANH MỤC")) -> Sơn nội thất siêu bóng cao cấp Imperia IG05 | J93: T SỨ | K93: XK T6 d.60
A94: 46190 | B94: =IF(A94="","",MONTH(A94)) -> 6 | C94: EG09 | D94: 5L | E94: 1 | F94: 2089000 | G94: 1.5 | H94: =IF(E94="","",E94*N(F94)*IF(G94="",1,G94)) -> 3133500 | I94: =IF(C94="","",IFERROR(INDEX('DANH MỤC'!$B$5:$B$200,MATCH(C94,'DANH MỤC'!$A$5:$A$200,0)),"⚠ Mã chưa có trong DANH MỤC")) -> Sơn ngoại thất siêu bóng cao cấp Imperia EG09 | J94: 359-B3 (*) | K94: XK T6 d.61
A95: 46190 | B95: =IF(A95="","",MONTH(A95)) -> 6 | C95: IG05 | D95: 5L | E95: 1 | F95: 1703000 | G95: 1 | H95: =IF(E95="","",E95*N(F95)*IF(G95="",1,G95)) -> 1703000 | I95: =IF(C95="","",IFERROR(INDEX('DANH MỤC'!$B$5:$B$200,MATCH(C95,'DANH MỤC'!$A$5:$A$200,0)),"⚠ Mã chưa có trong DANH MỤC")) -> Sơn nội thất siêu bóng cao cấp Imperia IG05 | J95: 333 | K95: XK T6 d.131
A96: 46190 | B96: =IF(A96="","",MONTH(A96)) -> 6 | C96: CT12 | D96: 18L | E96: 1 | F96: 4106000 | G96: 1 | H96: =IF(E96="","",E96*N(F96)*IF(G96="",1,G96)) -> 4106000 | I96: =IF(C96="","",IFERROR(INDEX('DANH MỤC'!$B$5:$B$200,MATCH(C96,'DANH MỤC'!$A$5:$A$200,0)),"⚠ Mã chưa có trong DANH MỤC")) -> Sơn chống thấm đa năng Imperia CT12 | K96: XK T6 d.132
A97: 46193 | B97: =IF(A97="","",MONTH(A97)) -> 6 | C97: EG09 | D97: 5L | E97: 1 | F97: 1899000 | G97: 1 | H97: =IF(E97="","",E97*N(F97)*IF(G97="",1,G97)) -> 1899000 | I97: =IF(C97="","",IFERROR(INDEX('DANH MỤC'!$B$5:$B$200,MATCH(C97,'DANH MỤC'!$A$5:$A$200,0)),"⚠ Mã chưa có trong DANH MỤC")) -> Sơn ngoại thất siêu bóng cao cấp Imperia EG09 | J97: Trắng sứ | K97: XK T6 d.133
A98: 46194 | B98: =IF(A98="","",MONTH(A98)) -> 6 | C98: IG05 | D98: 18L | E98: 1 | F98: 5530000 | G98: 1 | H98: =IF(E98="","",E98*N(F98)*IF(G98="",1,G98)) -> 5530000 | I98: =IF(C98="","",IFERROR(INDEX('DANH MỤC'!$B$5:$B$200,MATCH(C98,'DANH MỤC'!$A$5:$A$200,0)),"⚠ Mã chưa có trong DANH MỤC")) -> Sơn nội thất siêu bóng cao cấp Imperia IG05 | J98: 343 | K98: XK T6 d.62
A99: 46194 | B99: =IF(A99="","",MONTH(A99)) -> 6 | C99: BA-NOI | D99: Bao | E99: 1 | F99: 481000 | G99: 1 | H99: =IF(E99="","",E99*N(F99)*IF(G99="",1,G99)) -> 481000 | I99: =IF(C99="","",IFERROR(INDEX('DANH MỤC'!$B$5:$B$200,MATCH(C99,'DANH MỤC'!$A$5:$A$200,0)),"⚠ Mã chưa có trong DANH MỤC")) -> Bột bả nội thất Imperia IP15 (40kg) | K99: XK T6 d.63
A100: 46194 | B100: =IF(A100="","",MONTH(A100)) -> 6 | C100: IG05 | D100: 5L | E100: 1 | F100: 1875000 | G100: 1 | H100: =IF(E100="","",E100*N(F100)*IF(G100="",1,G100)) -> 1875000 | I100: =IF(C100="","",IFERROR(INDEX('DANH MỤC'!$B$5:$B$200,MATCH(C100,'DANH MỤC'!$A$5:$A$200,0)),"⚠ Mã chưa có trong DANH MỤC")) -> Sơn nội thất siêu bóng cao cấp Imperia IG05 | K100: XK T6 d.74
A101: 46194 | B101: =IF(A101="","",MONTH(A101)) -> 6 | C101: IG05 | D101: 18L | E101: 3 | F101: 5530000 | G101: 1 | H101: =IF(E101="","",E101*N(F101)*IF(G101="",1,G101)) -> 16590000 | I101: =IF(C101="","",IFERROR(INDEX('DANH MỤC'!$B$5:$B$200,MATCH(C101,'DANH MỤC'!$A$5:$A$200,0)),"⚠ Mã chưa có trong DANH MỤC")) -> Sơn nội thất siêu bóng cao cấp Imperia IG05 | J101: 333 | K101: XK T6 d.90
...

Sheet NHẬP KHO
A1: NHẬT KÝ NHẬP KHO
A2: Mỗi lần hàng về kho (nhập từ nhà cung cấp hoặc khách trả lại), ghi 1 dòng/mặt hàng ở bảng dưới. Tồn kho tự cộng.
A3: VÍ DỤ (không tính, chỉ để tham khảo): 15/10/2026 | PI04 | 18L | 20 | Nhập từ NCC, phiếu số 123
A4: Ngày nhập | B4: Tháng | C4: Mã SP | D4: Dung tích | E4: Số lượng | F4: Ghi chú / số phiếu | G4: Tên hàng hoá (tự hiện) | H4: Nguồn (sheet gốc) | I4: Kiểm tra / lưu ý
A5: 46181 | B5: =IF(A5="","",MONTH(A5)) -> 6 | C5: ETM-309 | D5: 18L | E5: 1 | F5: Khách trả lại 309 | G5: =IF(C5="","",IFERROR(INDEX('DANH MỤC'!$B$5:$B$200,MATCH(C5,'DANH MỤC'!$A$5:$A$200,0)),"⚠ Mã chưa có trong DANH MỤC")) -> Sơn chống thấm màu ETM 309 (ghi đậm) | H5: NK T6 d.12
A6: 46190 | B6: =IF(A6="","",MONTH(A6)) -> 6 | C6: EL5 | D6: 5L | E6: 2 | F6: Khách trả lại | G6: =IF(C6="","",IFERROR(INDEX('DANH MỤC'!$B$5:$B$200,MATCH(C6,'DANH MỤC'!$A$5:$A$200,0)),"⚠ Mã chưa có trong DANH MỤC")) -> Sơn lót ngoại thất kháng kiềm Silver EL5 | H6: NK T6 d.9
A7: 46190 | B7: =IF(A7="","",MONTH(A7)) -> 6 | C7: IEW | D7: 5L | E7: 2 | F7: Khách trả lại | G7: =IF(C7="","",IFERROR(INDEX('DANH MỤC'!$B$5:$B$200,MATCH(C7,'DANH MỤC'!$A$5:$A$200,0)),"⚠ Mã chưa có trong DANH MỤC")) -> Sơn nội thất siêu trắng Imperia IEW | H7: NK T6 d.10
A8: 46190 | B8: =IF(A8="","",MONTH(A8)) -> 6 | C8: ESG10 | D8: 5L | E8: 1 | F8: Khách trả lại | G8: =IF(C8="","",IFERROR(INDEX('DANH MỤC'!$B$5:$B$200,MATCH(C8,'DANH MỤC'!$A$5:$A$200,0)),"⚠ Mã chưa có trong DANH MỤC")) -> Sơn ngoại thất cao cấp bóng mờ Imperia ESG10 | H8: NK T6 d.11
A9: 46195 | B9: =IF(A9="","",MONTH(A9)) -> 6 | C9: ISG06 | D9: 18L | E9: 2 | F9: Khách trả lại Màu trắng | G9: =IF(C9="","",IFERROR(INDEX('DANH MỤC'!$B$5:$B$200,MATCH(C9,'DANH MỤC'!$A$5:$A$200,0)),"⚠ Mã chưa có trong DANH MỤC")) -> Sơn nội thất cao cấp bóng mờ Imperia ISG06 | H9: NK T6 d.6
A10: 46195 | B10: =IF(A10="","",MONTH(A10)) -> 6 | C10: PI04 | D10: 18L | E10: 1 | F10: Khách trả lại Lót trong | G10: =IF(C10="","",IFERROR(INDEX('DANH MỤC'!$B$5:$B$200,MATCH(C10,'DANH MỤC'!$A$5:$A$200,0)),"⚠ Mã chưa có trong DANH MỤC")) -> Sơn lót nội thất kháng kiềm cao cấp Imperia PI04 | H10: NK T6 d.7
A11: 46195 | B11: =IF(A11="","",MONTH(A11)) -> 6 | C11: IDC | D11: 18L | E11: 1 | F11: Khách trả lại | G11: =IF(C11="","",IFERROR(INDEX('DANH MỤC'!$B$5:$B$200,MATCH(C11,'DANH MỤC'!$A$5:$A$200,0)),"⚠ Mã chưa có trong DANH MỤC")) -> Sơn nội thất kinh tế Deco IDC | H11: NK T6 d.8 | I11: Không có ngày – lấy theo dòng trên (22/06)
A12: 46219 | B12: =IF(A12="","",MONTH(A12)) -> 7 | C12: PI04 | D12: 18L | E12: 2 | F12: Khách trả lại | G12: =IF(C12="","",IFERROR(INDEX('DANH MỤC'!$B$5:$B$200,MATCH(C12,'DANH MỤC'!$A$5:$A$200,0)),"⚠ Mã chưa có trong DANH MỤC")) -> Sơn lót nội thất kháng kiềm cao cấp Imperia PI04 | H12: NK T7 d.6
A13: 46219 | B13: =IF(A13="","",MONTH(A13)) -> 7 | C13: EG09 | D13: 18L | E13: 1 | F13: Khách trả lại 331 | G13: =IF(C13="","",IFERROR(INDEX('DANH MỤC'!$B$5:$B$200,MATCH(C13,'DANH MỤC'!$A$5:$A$200,0)),"⚠ Mã chưa có trong DANH MỤC")) -> Sơn ngoại thất siêu bóng cao cấp Imperia EG09 | H13: NK T7 d.7 | I13: ký hiệu EG09 ≠ tên hàng (PE02); Tên hàng ghi lót ngoại thất nhưng đơn giá 6.504.000 = EG09 18L → lấy EG09
A14: 46219 | B14: =IF(A14="","",MONTH(A14)) -> 7 | C14: PE02 | D14: 18L | E14: 1 | F14: Khách trả lại | G14: =IF(C14="","",IFERROR(INDEX('DANH MỤC'!$B$5:$B$200,MATCH(C14,'DANH MỤC'!$A$5:$A$200,0)),"⚠ Mã chưa có trong DANH MỤC")) -> Sơn lót ngoại thất kháng kiềm cao cấp Imperia PE02 | H14: NK T7 d.8
A15: 46230 | B15: =IF(A15="","",MONTH(A15)) -> 7 | C15: PI04 | D15: 18L | E15: 2 | F15: Khách trả lại LÓT TRONG | G15: =IF(C15="","",IFERROR(INDEX('DANH MỤC'!$B$5:$B$200,MATCH(C15,'DANH MỤC'!$A$5:$A$200,0)),"⚠ Mã chưa có trong DANH MỤC")) -> Sơn lót nội thất kháng kiềm cao cấp Imperia PI04 | H15: NK T7 d.10
A16: 46230 | B16: =IF(A16="","",MONTH(A16)) -> 7 | C16: IG05 | D16: 18L | E16: 1 | F16: Khách trả lại T SƯ | G16: =IF(C16="","",IFERROR(INDEX('DANH MỤC'!$B$5:$B$200,MATCH(C16,'DANH MỤC'!$A$5:$A$200,0)),"⚠ Mã chưa có trong DANH MỤC")) -> Sơn nội thất siêu bóng cao cấp Imperia IG05 | H16: NK T7 d.11
A17: 46230 | B17: =IF(A17="","",MONTH(A17)) -> 7 | C17: CT12 | D17: 18L | E17: 1 | F17: Khách trả lại | G17: =IF(C17="","",IFERROR(INDEX('DANH MỤC'!$B$5:$B$200,MATCH(C17,'DANH MỤC'!$A$5:$A$200,0)),"⚠ Mã chưa có trong DANH MỤC")) -> Sơn chống thấm đa năng Imperia CT12 | H17: NK T7 d.12
A18: 46233 | B18: =IF(A18="","",MONTH(A18)) -> 7 | C18: ISG06 | D18: 18L | E18: 1 | F18: Khách trả lại 333 | G18: =IF(C18="","",IFERROR(INDEX('DANH MỤC'!$B$5:$B$200,MATCH(C18,'DANH MỤC'!$A$5:$A$200,0)),"⚠ Mã chưa có trong DANH MỤC")) -> Sơn nội thất cao cấp bóng mờ Imperia ISG06 | H18: NK T7 d.9
B19: =IF(A19="","",MONTH(A19)) | G19: =IF(C19="","",IFERROR(INDEX('DANH MỤC'!$B$5:$B$200,MATCH(C19,'DANH MỤC'!$A$5:$A$200,0)),"⚠ Mã chưa có trong DANH MỤC"))
B20: =IF(A20="","",MONTH(A20)) | G20: =IF(C20="","",IFERROR(INDEX('DANH MỤC'!$B$5:$B$200,MATCH(C20,'DANH MỤC'!$A$5:$A$200,0)),"⚠ Mã chưa có trong DANH MỤC"))
B21: =IF(A21="","",MONTH(A21)) | G21: =IF(C21="","",IFERROR(INDEX('DANH MỤC'!$B$5:$B$200,MATCH(C21,'DANH MỤC'!$A$5:$A$200,0)),"⚠ Mã chưa có trong DANH MỤC"))
B22: =IF(A22="","",MONTH(A22)) | G22: =IF(C22="","",IFERROR(INDEX('DANH MỤC'!$B$5:$B$200,MATCH(C22,'DANH MỤC'!$A$5:$A$200,0)),"⚠ Mã chưa có trong DANH MỤC"))
B23: =IF(A23="","",MONTH(A23)) | G23: =IF(C23="","",IFERROR(INDEX('DANH MỤC'!$B$5:$B$200,MATCH(C23,'DANH MỤC'!$A$5:$A$200,0)),"⚠ Mã chưa có trong DANH MỤC"))
B24: =IF(A24="","",MONTH(A24)) | G24: =IF(C24="","",IFERROR(INDEX('DANH MỤC'!$B$5:$B$200,MATCH(C24,'DANH MỤC'!$A$5:$A$200,0)),"⚠ Mã chưa có trong DANH MỤC"))
B25: =IF(A25="","",MONTH(A25)) | G25: =IF(C25="","",IFERROR(INDEX('DANH MỤC'!$B$5:$B$200,MATCH(C25,'DANH MỤC'!$A$5:$A$200,0)),"⚠ Mã chưa có trong DANH MỤC"))
B26: =IF(A26="","",MONTH(A26)) | G26: =IF(C26="","",IFERROR(INDEX('DANH MỤC'!$B$5:$B$200,MATCH(C26,'DANH MỤC'!$A$5:$A$200,0)),"⚠ Mã chưa có trong DANH MỤC"))
B27: =IF(A27="","",MONTH(A27)) | G27: =IF(C27="","",IFERROR(INDEX('DANH MỤC'!$B$5:$B$200,MATCH(C27,'DANH MỤC'!$A$5:$A$200,0)),"⚠ Mã chưa có trong DANH MỤC"))
B28: =IF(A28="","",MONTH(A28)) | G28: =IF(C28="","",IFERROR(INDEX('DANH MỤC'!$B$5:$B$200,MATCH(C28,'DANH MỤC'!$A$5:$A$200,0)),"⚠ Mã chưa có trong DANH MỤC"))
B29: =IF(A29="","",MONTH(A29)) | G29: =IF(C29="","",IFERROR(INDEX('DANH MỤC'!$B$5:$B$200,MATCH(C29,'DANH MỤC'!$A$5:$A$200,0)),"⚠ Mã chưa có trong DANH MỤC"))
B30: =IF(A30="","",MONTH(A30)) | G30: =IF(C30="","",IFERROR(INDEX('DANH MỤC'!$B$5:$B$200,MATCH(C30,'DANH MỤC'!$A$5:$A$200,0)),"⚠ Mã chưa có trong DANH MỤC"))
... B2004: =IF(A2004="","",MONTH(A2004)) | G2004: =IF(C2004="","",IFERROR(INDEX('DANH MỤC'!$B$5:$B$200,MATCH(C2004,'DANH MỤC'!$A$5:$A$200,0)),"⚠ Mã chưa có trong DANH MỤC"))

Sheet THEO THÁNG
A1: XUẤT KHO THEO THÁNG
A2: Số lượng bán ra mỗi tháng (toàn bộ phiếu xuất trong tháng). Muốn xem giai đoạn khác: đổi ô vàng "Tháng bắt đầu" – 12 tháng sau tự nhảy theo.
A3: Tháng bắt đầu: | C3: 46174
A4: Mã SP | B4: Dung tích | C4: Tên sản phẩm | D4: =$C$3 -> 46174 | E4: =EDATE(D4,1) -> 46204 | F4: =EDATE(E4,1) -> 46235 | G4: =EDATE(F4,1) -> 46266 | H4: =EDATE(G4,1) -> 46296 | I4: =EDATE(H4,1) -> 46327 | J4: =EDATE(I4,1) -> 46357 | K4: =EDATE(J4,1) -> 46388 | L4: =EDATE(K4,1) -> 46419 | ... O4: =EDATE(N4,1) -> 46508 | P4: Tổng
A5: =IF('TỒN KHO'!C11="","",'TỒN KHO'!C11) -> PI04 | B5: =IF('TỒN KHO'!C11="","",'TỒN KHO'!E11) -> 5L | C5: =IF('TỒN KHO'!C11="","",'TỒN KHO'!D11) -> Sơn lót nội thất kháng kiềm cao cấp Imperia PI04 | D5: =IF($A5="","",SUMIFS('XUẤT KHO'!$E$5:$E$2004,'XUẤT KHO'!$C$5:$C$2004,$A5,'XUẤT KHO'!$D$5:$D$2004,$B5,'XUẤT KHO'!$A$5:$A$2004,">="&D$4,'XUẤT KHO'!$A$5:$A$2004,"<"&EDATE(D$4,1))) -> 4 | E5: =IF($A5="","",SUMIFS('XUẤT KHO'!$E$5:$E$2004,'XUẤT KHO'!$C$5:$C$2004,$A5,'XUẤT KHO'!$D$5:$D$2004,$B5,'XUẤT KHO'!$A$5:$A$2004,">="&E$4,'XUẤT KHO'!$A$5:$A$2004,"<"&EDATE(E$4,1))) -> 0 | F5: =IF($A5="","",SUMIFS('XUẤT KHO'!$E$5:$E$2004,'XUẤT KHO'!$C$5:$C$2004,$A5,'XUẤT KHO'!$D$5:$D$2004,$B5,'XUẤT KHO'!$A$5:$A$2004,">="&F$4,'XUẤT KHO'!$A$5:$A$2004,"<"&EDATE(F$4,1))) -> 0 | G5: =IF($A5="","",SUMIFS('XUẤT KHO'!$E$5:$E$2004,'XUẤT KHO'!$C$5:$C$2004,$A5,'XUẤT KHO'!$D$5:$D$2004,$B5,'XUẤT KHO'!$A$5:$A$2004,">="&G$4,'XUẤT KHO'!$A$5:$A$2004,"<"&EDATE(G$4,1))) -> 0 | H5: =IF($A5="","",SUMIFS('XUẤT KHO'!$E$5:$E$2004,'XUẤT KHO'!$C$5:$C$2004,$A5,'XUẤT KHO'!$D$5:$D$2004,$B5,'XUẤT KHO'!$A$5:$A$2004,">="&H$4,'XUẤT KHO'!$A$5:$A$2004,"<"&EDATE(H$4,1))) -> 0 | I5: =IF($A5="","",SUMIFS('XUẤT KHO'!$E$5:$E$2004,'XUẤT KHO'!$C$5:$C$2004,$A5,'XUẤT KHO'!$D$5:$D$2004,$B5,'XUẤT KHO'!$A$5:$A$2004,">="&I$4,'XUẤT KHO'!$A$5:$A$2004,"<"&EDATE(I$4,1))) -> 0 | J5: =IF($A5="","",SUMIFS('XUẤT KHO'!$E$5:$E$2004,'XUẤT KHO'!$C$5:$C$2004,$A5,'XUẤT KHO'!$D$5:$D$2004,$B5,'XUẤT KHO'!$A$5:$A$2004,">="&J$4,'XUẤT KHO'!$A$5:$A$2004,"<"&EDATE(J$4,1))) -> 0 | K5: =IF($A5="","",SUMIFS('XUẤT KHO'!$E$5:$E$2004,'XUẤT KHO'!$C$5:$C$2004,$A5,'XUẤT KHO'!$D$5:$D$2004,$B5,'XUẤT KHO'!$A$5:$A$2004,">="&K$4,'XUẤT KHO'!$A$5:$A$2004,"<"&EDATE(K$4,1))) -> 0 | ... O5: =IF($A5="","",SUMIFS('XUẤT KHO'!$E$5:$E$2004,'XUẤT KHO'!$C$5:$C$2004,$A5,'XUẤT KHO'!$D$5:$D$2004,$B5,'XUẤT KHO'!$A$5:$A$2004,">="&O$4,'XUẤT KHO'!$A$5:$A$2004,"<"&EDATE(O$4,1))) -> 0 | P5: =IF($A5="","",SUM(D5:O5)) -> 4
A6: =IF('TỒN KHO'!C12="","",'TỒN KHO'!C12) -> PI04 | B6: =IF('TỒN KHO'!C12="","",'TỒN KHO'!E12) -> 18L | C6: =IF('TỒN KHO'!C12="","",'TỒN KHO'!D12) -> Sơn lót nội thất kháng kiềm cao cấp Imperia PI04 | D6: =IF($A6="","",SUMIFS('XUẤT KHO'!$E$5:$E$2004,'XUẤT KHO'!$C$5:$C$2004,$A6,'XUẤT KHO'!$D$5:$D$2004,$B6,'XUẤT KHO'!$A$5:$A$2004,">="&D$4,'XUẤT KHO'!$A$5:$A$2004,"<"&EDATE(D$4,1))) -> 43 | E6: =IF($A6="","",SUMIFS('XUẤT KHO'!$E$5:$E$2004,'XUẤT KHO'!$C$5:$C$2004,$A6,'XUẤT KHO'!$D$5:$D$2004,$B6,'XUẤT KHO'!$A$5:$A$2004,">="&E$4,'XUẤT KHO'!$A$5:$A$2004,"<"&EDATE(E$4,1))) -> 19 | F6: =IF($A6="","",SUMIFS('XUẤT KHO'!$E$5:$E$2004,'XUẤT KHO'!$C$5:$C$2004,$A6,'XUẤT KHO'!$D$5:$D$2004,$B6,'XUẤT KHO'!$A$5:$A$2004,">="&F$4,'XUẤT KHO'!$A$5:$A$2004,"<"&EDATE(F$4,1))) -> 19 | G6: =IF($A6="","",SUMIFS('XUẤT KHO'!$E$5:$E$2004,'XUẤT KHO'!$C$5:$C$2004,$A6,'XUẤT KHO'!$D$5:$D$2004,$B6,'XUẤT KHO'!$A$5:$A$2004,">="&G$4,'XUẤT KHO'!$A$5:$A$2004,"<"&EDATE(G$4,1))) -> 12 | H6: =IF($A6="","",SUMIFS('XUẤT KHO'!$E$5:$E$2004,'XUẤT KHO'!$C$5:$C$2004,$A6,'XUẤT KHO'!$D$5:$D$2004,$B6,'XUẤT KHO'!$A$5:$A$2004,">="&H$4,'XUẤT KHO'!$A$5:$A$2004,"<"&EDATE(H$4,1))) -> 0 | I6: =IF($A6="","",SUMIFS('XUẤT KHO'!$E$5:$E$2004,'XUẤT KHO'!$C$5:$C$2004,$A6,'XUẤT KHO'!$D$5:$D$2004,$B6,'XUẤT KHO'!$A$5:$A$2004,">="&I$4,'XUẤT KHO'!$A$5:$A$2004,"<"&EDATE(I$4,1))) -> 0 | J6: =IF($A6="","",SUMIFS('XUẤT KHO'!$E$5:$E$2004,'XUẤT KHO'!$C$5:$C$2004,$A6,'XUẤT KHO'!$D$5:$D$2004,$B6,'XUẤT KHO'!$A$5:$A$2004,">="&J$4,'XUẤT KHO'!$A$5:$A$2004,"<"&EDATE(J$4,1))) -> 0 | K6: =IF($A6="","",SUMIFS('XUẤT KHO'!$E$5:$E$2004,'XUẤT KHO'!$C$5:$C$2004,$A6,'XUẤT KHO'!$D$5:$D$2004,$B6,'XUẤT KHO'!$A$5:$A$2004,">="&K$4,'XUẤT KHO'!$A$5:$A$2004,"<"&EDATE(K$4,1))) -> 0 | ... O6: =IF($A6="","",SUMIFS('XUẤT KHO'!$E$5:$E$2004,'XUẤT KHO'!$C$5:$C$2004,$A6,'XUẤT KHO'!$D$5:$D$2004,$B6,'XUẤT KHO'!$A$5:$A$2004,">="&O$4,'XUẤT KHO'!$A$5:$A$2004,"<"&EDATE(O$4,1))) -> 0 | P6: =IF($A6="","",SUM(D6:O6)) -> 93
A7: =IF('TỒN KHO'!C13="","",'TỒN KHO'!C13) -> PE02 | B7: =IF('TỒN KHO'!C13="","",'TỒN KHO'!E13) -> 5L | C7: =IF('TỒN KHO'!C13="","",'TỒN KHO'!D13) -> Sơn lót ngoại thất kháng kiềm cao cấp Imperia PE02 | D7: =IF($A7="","",SUMIFS('XUẤT KHO'!$E$5:$E$2004,'XUẤT KHO'!$C$5:$C$2004,$A7,'XUẤT KHO'!$D$5:$D$2004,$B7,'XUẤT KHO'!$A$5:$A$2004,">="&D$4,'XUẤT KHO'!$A$5:$A$2004,"<"&EDATE(D$4,1))) -> 0 | E7: =IF($A7="","",SUMIFS('XUẤT KHO'!$E$5:$E$2004,'XUẤT KHO'!$C$5:$C$2004,$A7,'XUẤT KHO'!$D$5:$D$2004,$B7,'XUẤT KHO'!$A$5:$A$2004,">="&E$4,'XUẤT KHO'!$A$5:$A$2004,"<"&EDATE(E$4,1))) -> 0 | F7: =IF($A7="","",SUMIFS('XUẤT KHO'!$E$5:$E$2004,'XUẤT KHO'!$C$5:$C$2004,$A7,'XUẤT KHO'!$D$5:$D$2004,$B7,'XUẤT KHO'!$A$5:$A$2004,">="&F$4,'XUẤT KHO'!$A$5:$A$2004,"<"&EDATE(F$4,1))) -> 1 | G7: =IF($A7="","",SUMIFS('XUẤT KHO'!$E$5:$E$2004,'XUẤT KHO'!$C$5:$C$2004,$A7,'XUẤT KHO'!$D$5:$D$2004,$B7,'XUẤT KHO'!$A$5:$A$2004,">="&G$4,'XUẤT KHO'!$A$5:$A$2004,"<"&EDATE(G$4,1))) -> 3 | H7: =IF($A7="","",SUMIFS('XUẤT KHO'!$E$5:$E$2004,'XUẤT KHO'!$C$5:$C$2004,$A7,'XUẤT KHO'!$D$5:$D$2004,$B7,'XUẤT KHO'!$A$5:$A$2004,">="&H$4,'XUẤT KHO'!$A$5:$A$2004,"<"&EDATE(H$4,1))) -> 0 | I7: =IF($A7="","",SUMIFS('XUẤT KHO'!$E$5:$E$2004,'XUẤT KHO'!$C$5:$C$2004,$A7,'XUẤT KHO'!$D$5:$D$2004,$B7,'XUẤT KHO'!$A$5:$A$2004,">="&I$4,'XUẤT KHO'!$A$5:$A$2004,"<"&EDATE(I$4,1))) -> 0 | J7: =IF($A7="","",SUMIFS('XUẤT KHO'!$E$5:$E$2004,'XUẤT KHO'!$C$5:$C$2004,$A7,'XUẤT KHO'!$D$5:$D$2004,$B7,'XUẤT KHO'!$A$5:$A$2004,">="&J$4,'XUẤT KHO'!$A$5:$A$2004,"<"&EDATE(J$4,1))) -> 0 | K7: =IF($A7="","",SUMIFS('XUẤT KHO'!$E$5:$E$2004,'XUẤT KHO'!$C$5:$C$2004,$A7,'XUẤT KHO'!$D$5:$D$2004,$B7,'XUẤT KHO'!$A$5:$A$2004,">="&K$4,'XUẤT KHO'!$A$5:$A$2004,"<"&EDATE(K$4,1))) -> 0 | ... O7: =IF($A7="","",SUMIFS('XUẤT KHO'!$E$5:$E$2004,'XUẤT KHO'!$C$5:$C$2004,$A7,'XUẤT KHO'!$D$5:$D$2004,$B7,'XUẤT KHO'!$A$5:$A$2004,">="&O$4,'XUẤT KHO'!$A$5:$A$2004,"<"&EDATE(O$4,1))) -> 0 | P7: =IF($A7="","",SUM(D7:O7)) -> 4
A8: =IF('TỒN KHO'!C14="","",'TỒN KHO'!C14) -> PE02 | B8: =IF('TỒN KHO'!C14="","",'TỒN KHO'!E14) -> 18L | C8: =IF('TỒN KHO'!C14="","",'TỒN KHO'!D14) -> Sơn lót ngoại thất kháng kiềm cao cấp Imperia PE02 | D8: =IF($A8="","",SUMIFS('XUẤT KHO'!$E$5:$E$2004,'XUẤT KHO'!$C$5:$C$2004,$A8,'XUẤT KHO'!$D$5:$D$2004,$B8,'XUẤT KHO'!$A$5:$A$2004,">="&D$4,'XUẤT KHO'!$A$5:$A$2004,"<"&EDATE(D$4,1))) -> 13 | E8: =IF($A8="","",SUMIFS('XUẤT KHO'!$E$5:$E$2004,'XUẤT KHO'!$C$5:$C$2004,$A8,'XUẤT KHO'!$D$5:$D$2004,$B8,'XUẤT KHO'!$A$5:$A$2004,">="&E$4,'XUẤT KHO'!$A$5:$A$2004,"<"&EDATE(E$4,1))) -> 3 | F8: =IF($A8="","",SUMIFS('XUẤT KHO'!$E$5:$E$2004,'XUẤT KHO'!$C$5:$C$2004,$A8,'XUẤT KHO'!$D$5:$D$2004,$B8,'XUẤT KHO'!$A$5:$A$2004,">="&F$4,'XUẤT KHO'!$A$5:$A$2004,"<"&EDATE(F$4,1))) -> 11 | G8: =IF($A8="","",SUMIFS('XUẤT KHO'!$E$5:$E$2004,'XUẤT KHO'!$C$5:$C$2004,$A8,'XUẤT KHO'!$D$5:$D$2004,$B8,'XUẤT KHO'!$A$5:$A$2004,">="&G$4,'XUẤT KHO'!$A$5:$A$2004,"<"&EDATE(G$4,1))) -> 4 | H8: =IF($A8="","",SUMIFS('XUẤT KHO'!$E$5:$E$2004,'XUẤT KHO'!$C$5:$C$2004,$A8,'XUẤT KHO'!$D$5:$D$2004,$B8,'XUẤT KHO'!$A$5:$A$2004,">="&H$4,'XUẤT KHO'!$A$5:$A$2004,"<"&EDATE(H$4,1))) -> 0 | I8: =IF($A8="","",SUMIFS('XUẤT KHO'!$E$5:$E$2004,'XUẤT KHO'!$C$5:$C$2004,$A8,'XUẤT KHO'!$D$5:$D$2004,$B8,'XUẤT KHO'!$A$5:$A$2004,">="&I$4,'XUẤT KHO'!$A$5:$A$2004,"<"&EDATE(I$4,1))) -> 0 | J8: =IF($A8="","",SUMIFS('XUẤT KHO'!$E$5:$E$2004,'XUẤT KHO'!$C$5:$C$2004,$A8,'XUẤT KHO'!$D$5:$D$2004,$B8,'XUẤT KHO'!$A$5:$A$2004,">="&J$4,'XUẤT KHO'!$A$5:$A$2004,"<"&EDATE(J$4,1))) -> 0 | K8: =IF($A8="","",SUMIFS('XUẤT KHO'!$E$5:$E$2004,'XUẤT KHO'!$C$5:$C$2004,$A8,'XUẤT KHO'!$D$5:$D$2004,$B8,'XUẤT KHO'!$A$5:$A$2004,">="&K$4,'XUẤT KHO'!$A$5:$A$2004,"<"&EDATE(K$4,1))) -> 0 | ... O8: =IF($A8="","",SUMIFS('XUẤT KHO'!$E$5:$E$2004,'XUẤT KHO'!$C$5:$C$2004,$A8,'XUẤT KHO'!$D$5:$D$2004,$B8,'XUẤT KHO'!$A$5:$A$2004,">="&O$4,'XUẤT KHO'!$A$5:$A$2004,"<"&EDATE(O$4,1))) -> 0 | P8: =IF($A8="","",SUM(D8:O8)) -> 31
A9: =IF('TỒN KHO'!C15="","",'TỒN KHO'!C15) -> SPI03 | B9: =IF('TỒN KHO'!C15="","",'TỒN KHO'!E15) -> 5L | C9: =IF('TỒN KHO'!C15="","",'TỒN KHO'!D15) -> Sơn lót nội thất kháng kiềm siêu cao cấp SPI03 | D9: =IF($A9="","",SUMIFS('XUẤT KHO'!$E$5:$E$2004,'XUẤT KHO'!$C$5:$C$2004,$A9,'XUẤT KHO'!$D$5:$D$2004,$B9,'XUẤT KHO'!$A$5:$A$2004,">="&D$4,'XUẤT KHO'!$A$5:$A$2004,"<"&EDATE(D$4,1))) -> 0 | E9: =IF($A9="","",SUMIFS('XUẤT KHO'!$E$5:$E$2004,'XUẤT KHO'!$C$5:$C$2004,$A9,'XUẤT KHO'!$D$5:$D$2004,$B9,'XUẤT KHO'!$A$5:$A$2004,">="&E$4,'XUẤT KHO'!$A$5:$A$2004,"<"&EDATE(E$4,1))) -> 0 | F9: =IF($A9="","",SUMIFS('XUẤT KHO'!$E$5:$E$2004,'XUẤT KHO'!$C$5:$C$2004,$A9,'XUẤT KHO'!$D$5:$D$2004,$B9,'XUẤT KHO'!$A$5:$A$2004,">="&F$4,'XUẤT KHO'!$A$5:$A$2004,"<"&EDATE(F$4,1))) -> 0 | G9: =IF($A9="","",SUMIFS('XUẤT KHO'!$E$5:$E$2004,'XUẤT KHO'!$C$5:$C$2004,$A9,'XUẤT KHO'!$D$5:$D$2004,$B9,'XUẤT KHO'!$A$5:$A$2004,">="&G$4,'XUẤT KHO'!$A$5:$A$2004,"<"&EDATE(G$4,1))) -> 0 | H9: =IF($A9="","",SUMIFS('XUẤT KHO'!$E$5:$E$2004,'XUẤT KHO'!$C$5:$C$2004,$A9,'XUẤT KHO'!$D$5:$D$2004,$B9,'XUẤT KHO'!$A$5:$A$2004,">="&H$4,'XUẤT KHO'!$A$5:$A$2004,"<"&EDATE(H$4,1))) -> 0 | I9: =IF($A9="","",SUMIFS('XUẤT KHO'!$E$5:$E$2004,'XUẤT KHO'!$C$5:$C$2004,$A9,'XUẤT KHO'!$D$5:$D$2004,$B9,'XUẤT KHO'!$A$5:$A$2004,">="&I$4,'XUẤT KHO'!$A$5:$A$2004,"<"&EDATE(I$4,1))) -> 0 | J9: =IF($A9="","",SUMIFS('XUẤT KHO'!$E$5:$E$2004,'XUẤT KHO'!$C$5:$C$2004,$A9,'XUẤT KHO'!$D$5:$D$2004,$B9,'XUẤT KHO'!$A$5:$A$2004,">="&J$4,'XUẤT KHO'!$A$5:$A$2004,"<"&EDATE(J$4,1))) -> 0 | K9: =IF($A9="","",SUMIFS('XUẤT KHO'!$E$5:$E$2004,'XUẤT KHO'!$C$5:$C$2004,$A9,'XUẤT KHO'!$D$5:$D$2004,$B9,'XUẤT KHO'!$A$5:$A$2004,">="&K$4,'XUẤT KHO'!$A$5:$A$2004,"<"&EDATE(K$4,1))) -> 0 | ... O9: =IF($A9="","",SUMIFS('XUẤT KHO'!$E$5:$E$2004,'XUẤT KHO'!$C$5:$C$2004,$A9,'XUẤT KHO'!$D$5:$D$2004,$B9,'XUẤT KHO'!$A$5:$A$2004,">="&O$4,'XUẤT KHO'!$A$5:$A$2004,"<"&EDATE(O$4,1))) -> 0 | P9: =IF($A9="","",SUM(D9:O9)) -> 0
A10: =IF('TỒN KHO'!C16="","",'TỒN KHO'!C16) -> SPI03 | B10: =IF('TỒN KHO'!C16="","",'TỒN KHO'!E16) -> 18L | C10: =IF('TỒN KHO'!C16="","",'TỒN KHO'!D16) -> Sơn lót nội thất kháng kiềm siêu cao cấp SPI03 | D10: =IF($A10="","",SUMIFS('XUẤT KHO'!$E$5:$E$2004,'XUẤT KHO'!$C$5:$C$2004,$A10,'XUẤT KHO'!$D$5:$D$2004,$B10,'XUẤT KHO'!$A$5:$A$2004,">="&D$4,'XUẤT KHO'!$A$5:$A$2004,"<"&EDATE(D$4,1))) -> 0 | E10: =IF($A10="","",SUMIFS('XUẤT KHO'!$E$5:$E$2004,'XUẤT KHO'!$C$5:$C$2004,$A10,'XUẤT KHO'!$D$5:$D$2004,$B10,'XUẤT KHO'!$A$5:$A$2004,">="&E$4,'XUẤT KHO'!$A$5:$A$2004,"<"&EDATE(E$4,1))) -> 0 | F10: =IF($A10="","",SUMIFS('XUẤT KHO'!$E$5:$E$2004,'XUẤT KHO'!$C$5:$C$2004,$A10,'XUẤT KHO'!$D$5:$D$2004,$B10,'XUẤT KHO'!$A$5:$A$2004,">="&F$4,'XUẤT KHO'!$A$5:$A$2004,"<"&EDATE(F$4,1))) -> 0 | G10: =IF($A10="","",SUMIFS('XUẤT KHO'!$E$5:$E$2004,'XUẤT KHO'!$C$5:$C$2004,$A10,'XUẤT KHO'!$D$5:$D$2004,$B10,'XUẤT KHO'!$A$5:$A$2004,">="&G$4,'XUẤT KHO'!$A$5:$A$2004,"<"&EDATE(G$4,1))) -> 0 | H10: =IF($A10="","",SUMIFS('XUẤT KHO'!$E$5:$E$2004,'XUẤT KHO'!$C$5:$C$2004,$A10,'XUẤT KHO'!$D$5:$D$2004,$B10,'XUẤT KHO'!$A$5:$A$2004,">="&H$4,'XUẤT KHO'!$A$5:$A$2004,"<"&EDATE(H$4,1))) -> 0 | I10: =IF($A10="","",SUMIFS('XUẤT KHO'!$E$5:$E$2004,'XUẤT KHO'!$C$5:$C$2004,$A10,'XUẤT KHO'!$D$5:$D$2004,$B10,'XUẤT KHO'!$A$5:$A$2004,">="&I$4,'XUẤT KHO'!$A$5:$A$2004,"<"&EDATE(I$4,1))) -> 0 | J10: =IF($A10="","",SUMIFS('XUẤT KHO'!$E$5:$E$2004,'XUẤT KHO'!$C$5:$C$2004,$A10,'XUẤT KHO'!$D$5:$D$2004,$B10,'XUẤT KHO'!$A$5:$A$2004,">="&J$4,'XUẤT KHO'!$A$5:$A$2004,"<"&EDATE(J$4,1))) -> 0 | K10: =IF($A10="","",SUMIFS('XUẤT KHO'!$E$5:$E$2004,'XUẤT KHO'!$C$5:$C$2004,$A10,'XUẤT KHO'!$D$5:$D$2004,$B10,'XUẤT KHO'!$A$5:$A$2004,">="&K$4,'XUẤT KHO'!$A$5:$A$2004,"<"&EDATE(K$4,1))) -> 0 | ... O10: =IF($A10="","",SUMIFS('XUẤT KHO'!$E$5:$E$2004,'XUẤT KHO'!$C$5:$C$2004,$A10,'XUẤT KHO'!$D$5:$D$2004,$B10,'XUẤT KHO'!$A$5:$A$2004,">="&O$4,'XUẤT KHO'!$A$5:$A$2004,"<"&EDATE(O$4,1))) -> 0 | P10: =IF($A10="","",SUM(D10:O10)) -> 0
A11: =IF('TỒN KHO'!C17="","",'TỒN KHO'!C17) -> SPE01 | B11: =IF('TỒN KHO'!C17="","",'TỒN KHO'!E17) -> 5L | C11: =IF('TỒN KHO'!C17="","",'TỒN KHO'!D17) -> Sơn lót ngoại thất kháng kiềm siêu cao cấp SPE01 | D11: =IF($A11="","",SUMIFS('XUẤT KHO'!$E$5:$E$2004,'XUẤT KHO'!$C$5:$C$2004,$A11,'XUẤT KHO'!$D$5:$D$2004,$B11,'XUẤT KHO'!$A$5:$A$2004,">="&D$4,'XUẤT KHO'!$A$5:$A$2004,"<"&EDATE(D$4,1))) -> 0 | E11: =IF($A11="","",SUMIFS('XUẤT KHO'!$E$5:$E$2004,'XUẤT KHO'!$C$5:$C$2004,$A11,'XUẤT KHO'!$D$5:$D$2004,$B11,'XUẤT KHO'!$A$5:$A$2004,">="&E$4,'XUẤT KHO'!$A$5:$A$2004,"<"&EDATE(E$4,1))) -> 0 | F11: =IF($A11="","",SUMIFS('XUẤT KHO'!$E$5:$E$2004,'XUẤT KHO'!$C$5:$C$2004,$A11,'XUẤT KHO'!$D$5:$D$2004,$B11,'XUẤT KHO'!$A$5:$A$2004,">="&F$4,'XUẤT KHO'!$A$5:$A$2004,"<"&EDATE(F$4,1))) -> 0 | G11: =IF($A11="","",SUMIFS('XUẤT KHO'!$E$5:$E$2004,'XUẤT KHO'!$C$5:$C$2004,$A11,'XUẤT KHO'!$D$5:$D$2004,$B11,'XUẤT KHO'!$A$5:$A$2004,">="&G$4,'XUẤT KHO'!$A$5:$A$2004,"<"&EDATE(G$4,1))) -> 0 | H11: =IF($A11="","",SUMIFS('XUẤT KHO'!$E$5:$E$2004,'XUẤT KHO'!$C$5:$C$2004,$A11,'XUẤT KHO'!$D$5:$D$2004,$B11,'XUẤT KHO'!$A$5:$A$2004,">="&H$4,'XUẤT KHO'!$A$5:$A$2004,"<"&EDATE(H$4,1))) -> 0 | I11: =IF($A11="","",SUMIFS('XUẤT KHO'!$E$5:$E$2004,'XUẤT KHO'!$C$5:$C$2004,$A11,'XUẤT KHO'!$D$5:$D$2004,$B11,'XUẤT KHO'!$A$5:$A$2004,">="&I$4,'XUẤT KHO'!$A$5:$A$2004,"<"&EDATE(I$4,1))) -> 0 | J11: =IF($A11="","",SUMIFS('XUẤT KHO'!$E$5:$E$2004,'XUẤT KHO'!$C$5:$C$2004,$A11,'XUẤT KHO'!$D$5:$D$2004,$B11,'XUẤT KHO'!$A$5:$A$2004,">="&J$4,'XUẤT KHO'!$A$5:$A$2004,"<"&EDATE(J$4,1))) -> 0 | K11: =IF($A11="","",SUMIFS('XUẤT KHO'!$E$5:$E$2004,'XUẤT KHO'!$C$5:$C$2004,$A11,'XUẤT KHO'!$D$5:$D$2004,$B11,'XUẤT KHO'!$A$5:$A$2004,">="&K$4,'XUẤT KHO'!$A$5:$A$2004,"<"&EDATE(K$4,1))) -> 0 | ... O11: =IF($A11="","",SUMIFS('XUẤT KHO'!$E$5:$E$2004,'XUẤT KHO'!$C$5:$C$2004,$A11,'XUẤT KHO'!$D$5:$D$2004,$B11,'XUẤT KHO'!$A$5:$A$2004,">="&O$4,'XUẤT KHO'!$A$5:$A$2004,"<"&EDATE(O$4,1))) -> 0 | P11: =IF($A11="","",SUM(D11:O11)) -> 0
A12: =IF('TỒN KHO'!C18="","",'TỒN KHO'!C18) -> SPE01 | B12: =IF('TỒN KHO'!C18="","",'TỒN KHO'!E18) -> 18L | C12: =IF('TỒN KHO'!C18="","",'TỒN KHO'!D18) -> Sơn lót ngoại thất kháng kiềm siêu cao cấp SPE01 | D12: =IF($A12="","",SUMIFS('XUẤT KHO'!$E$5:$E$2004,'XUẤT KHO'!$C$5:$C$2004,$A12,'XUẤT KHO'!$D$5:$D$2004,$B12,'XUẤT KHO'!$A$5:$A$2004,">="&D$4,'XUẤT KHO'!$A$5:$A$2004,"<"&EDATE(D$4,1))) -> 0 | E12: =IF($A12="","",SUMIFS('XUẤT KHO'!$E$5:$E$2004,'XUẤT KHO'!$C$5:$C$2004,$A12,'XUẤT KHO'!$D$5:$D$2004,$B12,'XUẤT KHO'!$A$5:$A$2004,">="&E$4,'XUẤT KHO'!$A$5:$A$2004,"<"&EDATE(E$4,1))) -> 0 | F12: =IF($A12="","",SUMIFS('XUẤT KHO'!$E$5:$E$2004,'XUẤT KHO'!$C$5:$C$2004,$A12,'XUẤT KHO'!$D$5:$D$2004,$B12,'XUẤT KHO'!$A$5:$A$2004,">="&F$4,'XUẤT KHO'!$A$5:$A$2004,"<"&EDATE(F$4,1))) -> 0 | G12: =IF($A12="","",SUMIFS('XUẤT KHO'!$E$5:$E$2004,'XUẤT KHO'!$C$5:$C$2004,$A12,'XUẤT KHO'!$D$5:$D$2004,$B12,'XUẤT KHO'!$A$5:$A$2004,">="&G$4,'XUẤT KHO'!$A$5:$A$2004,"<"&EDATE(G$4,1))) -> 0 | H12: =IF($A12="","",SUMIFS('XUẤT KHO'!$E$5:$E$2004,'XUẤT KHO'!$C$5:$C$2004,$A12,'XUẤT KHO'!$D$5:$D$2004,$B12,'XUẤT KHO'!$A$5:$A$2004,">="&H$4,'XUẤT KHO'!$A$5:$A$2004,"<"&EDATE(H$4,1))) -> 0 | I12: =IF($A12="","",SUMIFS('XUẤT KHO'!$E$5:$E$2004,'XUẤT KHO'!$C$5:$C$2004,$A12,'XUẤT KHO'!$D$5:$D$2004,$B12,'XUẤT KHO'!$A$5:$A$2004,">="&I$4,'XUẤT KHO'!$A$5:$A$2004,"<"&EDATE(I$4,1))) -> 0 | J12: =IF($A12="","",SUMIFS('XUẤT KHO'!$E$5:$E$2004,'XUẤT KHO'!$C$5:$C$2004,$A12,'XUẤT KHO'!$D$5:$D$2004,$B12,'XUẤT KHO'!$A$5:$A$2004,">="&J$4,'XUẤT KHO'!$A$5:$A$2004,"<"&EDATE(J$4,1))) -> 0 | K12: =IF($A12="","",SUMIFS('XUẤT KHO'!$E$5:$E$2004,'XUẤT KHO'!$C$5:$C$2004,$A12,'XUẤT KHO'!$D$5:$D$2004,$B12,'XUẤT KHO'!$A$5:$A$2004,">="&K$4,'XUẤT KHO'!$A$5:$A$2004,"<"&EDATE(K$4,1))) -> 0 | ... O12: =IF($A12="","",SUMIFS('XUẤT KHO'!$E$5:$E$2004,'XUẤT KHO'!$C$5:$C$2004,$A12,'XUẤT KHO'!$D$5:$D$2004,$B12,'XUẤT KHO'!$A$5:$A$2004,">="&O$4,'XUẤT KHO'!$A$5:$A$2004,"<"&EDATE(O$4,1))) -> 0 | P12: =IF($A12="","",SUM(D12:O12)) -> 0
A13: =IF('TỒN KHO'!C19="","",'TỒN KHO'!C19) -> IL5 | B13: =IF('TỒN KHO'!C19="","",'TỒN KHO'!E19) -> 5L | C13: =IF('TỒN KHO'!C19="","",'TỒN KHO'!D19) -> Sơn lót nội thất kháng kiềm Silver IL5 | D13: =IF($A13="","",SUMIFS('XUẤT KHO'!$E$5:$E$2004,'XUẤT KHO'!$C$5:$C$2004,$A13,'XUẤT KHO'!$D$5:$D$2004,$B13,'XUẤT KHO'!$A$5:$A$2004,">="&D$4,'XUẤT KHO'!$A$5:$A$2004,"<"&EDATE(D$4,1))) -> 1 | E13: =IF($A13="","",SUMIFS('XUẤT KHO'!$E$5:$E$2004,'XUẤT KHO'!$C$5:$C$2004,$A13,'XUẤT KHO'!$D$5:$D$2004,$B13,'XUẤT KHO'!$A$5:$A$2004,">="&E$4,'XUẤT KHO'!$A$5:$A$2004,"<"&EDATE(E$4,1))) -> 0 | F13: =IF($A13="","",SUMIFS('XUẤT KHO'!$E$5:$E$2004,'XUẤT KHO'!$C$5:$C$2004,$A13,'XUẤT KHO'!$D$5:$D$2004,$B13,'XUẤT KHO'!$A$5:$A$2004,">="&F$4,'XUẤT KHO'!$A$5:$A$2004,"<"&EDATE(F$4,1))) -> 0 | G13: =IF($A13="","",SUMIFS('XUẤT KHO'!$E$5:$E$2004,'XUẤT KHO'!$C$5:$C$2004,$A13,'XUẤT KHO'!$D$5:$D$2004,$B13,'XUẤT KHO'!$A$5:$A$2004,">="&G$4,'XUẤT KHO'!$A$5:$A$2004,"<"&EDATE(G$4,1))) -> 0 | H13: =IF($A13="","",SUMIFS('XUẤT KHO'!$E$5:$E$2004,'XUẤT KHO'!$C$5:$C$2004,$A13,'XUẤT KHO'!$D$5:$D$2004,$B13,'XUẤT KHO'!$A$5:$A$2004,">="&H$4,'XUẤT KHO'!$A$5:$A$2004,"<"&EDATE(H$4,1))) -> 0 | I13: =IF($A13="","",SUMIFS('XUẤT KHO'!$E$5:$E$2004,'XUẤT KHO'!$C$5:$C$2004,$A13,'XUẤT KHO'!$D$5:$D$2004,$B13,'XUẤT KHO'!$A$5:$A$2004,">="&I$4,'XUẤT KHO'!$A$5:$A$2004,"<"&EDATE(I$4,1))) -> 0 | J13: =IF($A13="","",SUMIFS('XUẤT KHO'!$E$5:$E$2004,'XUẤT KHO'!$C$5:$C$2004,$A13,'XUẤT KHO'!$D$5:$D$2004,$B13,'XUẤT KHO'!$A$5:$A$2004,">="&J$4,'XUẤT KHO'!$A$5:$A$2004,"<"&EDATE(J$4,1))) -> 0 | K13: =IF($A13="","",SUMIFS('XUẤT KHO'!$E$5:$E$2004,'XUẤT KHO'!$C$5:$C$2004,$A13,'XUẤT KHO'!$D$5:$D$2004,$B13,'XUẤT KHO'!$A$5:$A$2004,">="&K$4,'XUẤT KHO'!$A$5:$A$2004,"<"&EDATE(K$4,1))) -> 0 | ... O13: =IF($A13="","",SUMIFS('XUẤT KHO'!$E$5:$E$2004,'XUẤT KHO'!$C$5:$C$2004,$A13,'XUẤT KHO'!$D$5:$D$2004,$B13,'XUẤT KHO'!$A$5:$A$2004,">="&O$4,'XUẤT KHO'!$A$5:$A$2004,"<"&EDATE(O$4,1))) -> 0 | P13: =IF($A13="","",SUM(D13:O13)) -> 1
A14: =IF('TỒN KHO'!C20="","",'TỒN KHO'!C20) -> IL5 | B14: =IF('TỒN KHO'!C20="","",'TỒN KHO'!E20) -> 18L | C14: =IF('TỒN KHO'!C20="","",'TỒN KHO'!D20) -> Sơn lót nội thất kháng kiềm Silver IL5 | D14: =IF($A14="","",SUMIFS('XUẤT KHO'!$E$5:$E$2004,'XUẤT KHO'!$C$5:$C$2004,$A14,'XUẤT KHO'!$D$5:$D$2004,$B14,'XUẤT KHO'!$A$5:$A$2004,">="&D$4,'XUẤT KHO'!$A$5:$A$2004,"<"&EDATE(D$4,1))) -> 12 | E14: =IF($A14="","",SUMIFS('XUẤT KHO'!$E$5:$E$2004,'XUẤT KHO'!$C$5:$C$2004,$A14,'XUẤT KHO'!$D$5:$D$2004,$B14,'XUẤT KHO'!$A$5:$A$2004,">="&E$4,'XUẤT KHO'!$A$5:$A$2004,"<"&EDATE(E$4,1))) -> 8 | F14: =IF($A14="","",SUMIFS('XUẤT KHO'!$E$5:$E$2004,'XUẤT KHO'!$C$5:$C$2004,$A14,'XUẤT KHO'!$D$5:$D$2004,$B14,'XUẤT KHO'!$A$5:$A$2004,">="&F$4,'XUẤT KHO'!$A$5:$A$2004,"<"&EDATE(F$4,1))) -> 4 | G14: =IF($A14="","",SUMIFS('XUẤT KHO'!$E$5:$E$2004,'XUẤT KHO'!$C$5:$C$2004,$A14,'XUẤT KHO'!$D$5:$D$2004,$B14,'XUẤT KHO'!$A$5:$A$2004,">="&G$4,'XUẤT KHO'!$A$5:$A$2004,"<"&EDATE(G$4,1))) -> 8 | H14: =IF($A14="","",SUMIFS('XUẤT KHO'!$E$5:$E$2004,'XUẤT KHO'!$C$5:$C$2004,$A14,'XUẤT KHO'!$D$5:$D$2004,$B14,'XUẤT KHO'!$A$5:$A$2004,">="&H$4,'XUẤT KHO'!$A$5:$A$2004,"<"&EDATE(H$4,1))) -> 0 | I14: =IF($A14="","",SUMIFS('XUẤT KHO'!$E$5:$E$2004,'XUẤT KHO'!$C$5:$C$2004,$A14,'XUẤT KHO'!$D$5:$D$2004,$B14,'XUẤT KHO'!$A$5:$A$2004,">="&I$4,'XUẤT KHO'!$A$5:$A$2004,"<"&EDATE(I$4,1))) -> 0 | J14: =IF($A14="","",SUMIFS('XUẤT KHO'!$E$5:$E$2004,'XUẤT KHO'!$C$5:$C$2004,$A14,'XUẤT KHO'!$D$5:$D$2004,$B14,'XUẤT KHO'!$A$5:$A$2004,">="&J$4,'XUẤT KHO'!$A$5:$A$2004,"<"&EDATE(J$4,1))) -> 0 | K14: =IF($A14="","",SUMIFS('XUẤT KHO'!$E$5:$E$2004,'XUẤT KHO'!$C$5:$C$2004,$A14,'XUẤT KHO'!$D$5:$D$2004,$B14,'XUẤT KHO'!$A$5:$A$2004,">="&K$4,'XUẤT KHO'!$A$5:$A$2004,"<"&EDATE(K$4,1))) -> 0 | ... O14: =IF($A14="","",SUMIFS('XUẤT KHO'!$E$5:$E$2004,'XUẤT KHO'!$C$5:$C$2004,$A14,'XUẤT KHO'!$D$5:$D$2004,$B14,'XUẤT KHO'!$A$5:$A$2004,">="&O$4,'XUẤT KHO'!$A$5:$A$2004,"<"&EDATE(O$4,1))) -> 0 | P14: =IF($A14="","",SUM(D14:O14)) -> 32
A15: =IF('TỒN KHO'!C21="","",'TỒN KHO'!C21) -> EL5 | B15: =IF('TỒN KHO'!C21="","",'TỒN KHO'!E21) -> 5L | C15: =IF('TỒN KHO'!C21="","",'TỒN KHO'!D21) -> Sơn lót ngoại thất kháng kiềm Silver EL5 | D15: =IF($A15="","",SUMIFS('XUẤT KHO'!$E$5:$E$2004,'XUẤT KHO'!$C$5:$C$2004,$A15,'XUẤT KHO'!$D$5:$D$2004,$B15,'XUẤT KHO'!$A$5:$A$2004,">="&D$4,'XUẤT KHO'!$A$5:$A$2004,"<"&EDATE(D$4,1))) -> 2 | E15: =IF($A15="","",SUMIFS('XUẤT KHO'!$E$5:$E$2004,'XUẤT KHO'!$C$5:$C$2004,$A15,'XUẤT KHO'!$D$5:$D$2004,$B15,'XUẤT KHO'!$A$5:$A$2004,">="&E$4,'XUẤT KHO'!$A$5:$A$2004,"<"&EDATE(E$4,1))) -> 0 | F15: =IF($A15="","",SUMIFS('XUẤT KHO'!$E$5:$E$2004,'XUẤT KHO'!$C$5:$C$2004,$A15,'XUẤT KHO'!$D$5:$D$2004,$B15,'XUẤT KHO'!$A$5:$A$2004,">="&F$4,'XUẤT KHO'!$A$5:$A$2004,"<"&EDATE(F$4,1))) -> 0 | G15: =IF($A15="","",SUMIFS('XUẤT KHO'!$E$5:$E$2004,'XUẤT KHO'!$C$5:$C$2004,$A15,'XUẤT KHO'!$D$5:$D$2004,$B15,'XUẤT KHO'!$A$5:$A$2004,">="&G$4,'XUẤT KHO'!$A$5:$A$2004,"<"&EDATE(G$4,1))) -> 0 | H15: =IF($A15="","",SUMIFS('XUẤT KHO'!$E$5:$E$2004,'XUẤT KHO'!$C$5:$C$2004,$A15,'XUẤT KHO'!$D$5:$D$2004,$B15,'XUẤT KHO'!$A$5:$A$2004,">="&H$4,'XUẤT KHO'!$A$5:$A$2004,"<"&EDATE(H$4,1))) -> 0 | I15: =IF($A15="","",SUMIFS('XUẤT KHO'!$E$5:$E$2004,'XUẤT KHO'!$C$5:$C$2004,$A15,'XUẤT KHO'!$D$5:$D$2004,$B15,'XUẤT KHO'!$A$5:$A$2004,">="&I$4,'XUẤT KHO'!$A$5:$A$2004,"<"&EDATE(I$4,1))) -> 0 | J15: =IF($A15="","",SUMIFS('XUẤT KHO'!$E$5:$E$2004,'XUẤT KHO'!$C$5:$C$2004,$A15,'XUẤT KHO'!$D$5:$D$2004,$B15,'XUẤT KHO'!$A$5:$A$2004,">="&J$4,'XUẤT KHO'!$A$5:$A$2004,"<"&EDATE(J$4,1))) -> 0 | K15: =IF($A15="","",SUMIFS('XUẤT KHO'!$E$5:$E$2004,'XUẤT KHO'!$C$5:$C$2004,$A15,'XUẤT KHO'!$D$5:$D$2004,$B15,'XUẤT KHO'!$A$5:$A$2004,">="&K$4,'XUẤT KHO'!$A$5:$A$2004,"<"&EDATE(K$4,1))) -> 0 | ... O15: =IF($A15="","",SUMIFS('XUẤT KHO'!$E$5:$E$2004,'XUẤT KHO'!$C$5:$C$2004,$A15,'XUẤT KHO'!$D$5:$D$2004,$B15,'XUẤT KHO'!$A$5:$A$2004,">="&O$4,'XUẤT KHO'!$A$5:$A$2004,"<"&EDATE(O$4,1))) -> 0 | P15: =IF($A15="","",SUM(D15:O15)) -> 2
A16: =IF('TỒN KHO'!C22="","",'TỒN KHO'!C22) -> EL5 | B16: =IF('TỒN KHO'!C22="","",'TỒN KHO'!E22) -> 18L | C16: =IF('TỒN KHO'!C22="","",'TỒN KHO'!D22) -> Sơn lót ngoại thất kháng kiềm Silver EL5 | D16: =IF($A16="","",SUMIFS('XUẤT KHO'!$E$5:$E$2004,'XUẤT KHO'!$C$5:$C$2004,$A16,'XUẤT KHO'!$D$5:$D$2004,$B16,'XUẤT KHO'!$A$5:$A$2004,">="&D$4,'XUẤT KHO'!$A$5:$A$2004,"<"&EDATE(D$4,1))) -> 2 | E16: =IF($A16="","",SUMIFS('XUẤT KHO'!$E$5:$E$2004,'XUẤT KHO'!$C$5:$C$2004,$A16,'XUẤT KHO'!$D$5:$D$2004,$B16,'XUẤT KHO'!$A$5:$A$2004,">="&E$4,'XUẤT KHO'!$A$5:$A$2004,"<"&EDATE(E$4,1))) -> 4 | F16: =IF($A16="","",SUMIFS('XUẤT KHO'!$E$5:$E$2004,'XUẤT KHO'!$C$5:$C$2004,$A16,'XUẤT KHO'!$D$5:$D$2004,$B16,'XUẤT KHO'!$A$5:$A$2004,">="&F$4,'XUẤT KHO'!$A$5:$A$2004,"<"&EDATE(F$4,1))) -> 1 | G16: =IF($A16="","",SUMIFS('XUẤT KHO'!$E$5:$E$2004,'XUẤT KHO'!$C$5:$C$2004,$A16,'XUẤT KHO'!$D$5:$D$2004,$B16,'XUẤT KHO'!$A$5:$A$2004,">="&G$4,'XUẤT KHO'!$A$5:$A$2004,"<"&EDATE(G$4,1))) -> 5 | H16: =IF($A16="","",SUMIFS('XUẤT KHO'!$E$5:$E$2004,'XUẤT KHO'!$C$5:$C$2004,$A16,'XUẤT KHO'!$D$5:$D$2004,$B16,'XUẤT KHO'!$A$5:$A$2004,">="&H$4,'XUẤT KHO'!$A$5:$A$2004,"<"&EDATE(H$4,1))) -> 0 | I16: =IF($A16="","",SUMIFS('XUẤT KHO'!$E$5:$E$2004,'XUẤT KHO'!$C$5:$C$2004,$A16,'XUẤT KHO'!$D$5:$D$2004,$B16,'XUẤT KHO'!$A$5:$A$2004,">="&I$4,'XUẤT KHO'!$A$5:$A$2004,"<"&EDATE(I$4,1))) -> 0 | J16: =IF($A16="","",SUMIFS('XUẤT KHO'!$E$5:$E$2004,'XUẤT KHO'!$C$5:$C$2004,$A16,'XUẤT KHO'!$D$5:$D$2004,$B16,'XUẤT KHO'!$A$5:$A$2004,">="&J$4,'XUẤT KHO'!$A$5:$A$2004,"<"&EDATE(J$4,1))) -> 0 | K16: =IF($A16="","",SUMIFS('XUẤT KHO'!$E$5:$E$2004,'XUẤT KHO'!$C$5:$C$2004,$A16,'XUẤT KHO'!$D$5:$D$2004,$B16,'XUẤT KHO'!$A$5:$A$2004,">="&K$4,'XUẤT KHO'!$A$5:$A$2004,"<"&EDATE(K$4,1))) -> 0 | ... O16: =IF($A16="","",SUMIFS('XUẤT KHO'!$E$5:$E$2004,'XUẤT KHO'!$C$5:$C$2004,$A16,'XUẤT KHO'!$D$5:$D$2004,$B16,'XUẤT KHO'!$A$5:$A$2004,">="&O$4,'XUẤT KHO'!$A$5:$A$2004,"<"&EDATE(O$4,1))) -> 0 | P16: =IF($A16="","",SUM(D16:O16)) -> 12
... A70: =IF('TỒN KHO'!C76="","",'TỒN KHO'!C76) | B70: =IF('TỒN KHO'!C76="","",'TỒN KHO'!E76) | C70: =IF('TỒN KHO'!C76="","",'TỒN KHO'!D76) | D70: =IF($A70="","",SUMIFS('XUẤT KHO'!$E$5:$E$2004,'XUẤT KHO'!$C$5:$C$2004,$A70,'XUẤT KHO'!$D$5:$D$2004,$B70,'XUẤT KHO'!$A$5:$A$2004,">="&D$4,'XUẤT KHO'!$A$5:$A$2004,"<"&EDATE(D$4,1))) | E70: =IF($A70="","",SUMIFS('XUẤT KHO'!$E$5:$E$2004,'XUẤT KHO'!$C$5:$C$2004,$A70,'XUẤT KHO'!$D$5:$D$2004,$B70,'XUẤT KHO'!$A$5:$A$2004,">="&E$4,'XUẤT KHO'!$A$5:$A$2004,"<"&EDATE(E$4,1))) | F70: =IF($A70="","",SUMIFS('XUẤT KHO'!$E$5:$E$2004,'XUẤT KHO'!$C$5:$C$2004,$A70,'XUẤT KHO'!$D$5:$D$2004,$B70,'XUẤT KHO'!$A$5:$A$2004,">="&F$4,'XUẤT KHO'!$A$5:$A$2004,"<"&EDATE(F$4,1))) | G70: =IF($A70="","",SUMIFS('XUẤT KHO'!$E$5:$E$2004,'XUẤT KHO'!$C$5:$C$2004,$A70,'XUẤT KHO'!$D$5:$D$2004,$B70,'XUẤT KHO'!$A$5:$A$2004,">="&G$4,'XUẤT KHO'!$A$5:$A$2004,"<"&EDATE(G$4,1))) | H70: =IF($A70="","",SUMIFS('XUẤT KHO'!$E$5:$E$2004,'XUẤT KHO'!$C$5:$C$2004,$A70,'XUẤT KHO'!$D$5:$D$2004,$B70,'XUẤT KHO'!$A$5:$A$2004,">="&H$4,'XUẤT KHO'!$A$5:$A$2004,"<"&EDATE(H$4,1))) | I70: =IF($A70="","",SUMIFS('XUẤT KHO'!$E$5:$E$2004,'XUẤT KHO'!$C$5:$C$2004,$A70,'XUẤT KHO'!$D$5:$D$2004,$B70,'XUẤT KHO'!$A$5:$A$2004,">="&I$4,'XUẤT KHO'!$A$5:$A$2004,"<"&EDATE(I$4,1))) | J70: =IF($A70="","",SUMIFS('XUẤT KHO'!$E$5:$E$2004,'XUẤT KHO'!$C$5:$C$2004,$A70,'XUẤT KHO'!$D$5:$D$2004,$B70,'XUẤT KHO'!$A$5:$A$2004,">="&J$4,'XUẤT KHO'!$A$5:$A$2004,"<"&EDATE(J$4,1))) | K70: =IF($A70="","",SUMIFS('XUẤT KHO'!$E$5:$E$2004,'XUẤT KHO'!$C$5:$C$2004,$A70,'XUẤT KHO'!$D$5:$D$2004,$B70,'XUẤT KHO'!$A$5:$A$2004,">="&K$4,'XUẤT KHO'!$A$5:$A$2004,"<"&EDATE(K$4,1))) | ... O70: =IF($A70="","",SUMIFS('XUẤT KHO'!$E$5:$E$2004,'XUẤT KHO'!$C$5:$C$2004,$A70,'XUẤT KHO'!$D$5:$D$2004,$B70,'XUẤT KHO'!$A$5:$A$2004,">="&O$4,'XUẤT KHO'!$A$5:$A$2004,"<"&EDATE(O$4,1))) | P70: =IF($A70="","",SUM(D70:O70))
C71: TỔNG SỐ LƯỢNG (thùng/lon/bao) | D71: =SUM(D5:D70) -> 283 | E71: =SUM(E5:E70) -> 141 | F71: =SUM(F5:F70) -> 113 | G71: =SUM(G5:G70) -> 123 | H71: =SUM(H5:H70) -> 0 | I71: =SUM(I5:I70) -> 0 | J71: =SUM(J5:J70) -> 0 | K71: =SUM(K5:K70) -> 0 | ... P71: =SUM(P5:P70) -> 660
C72: DOANH THU XUẤT (VNĐ, theo đơn giá ghi trên phiếu) | D72: =SUMIFS('XUẤT KHO'!$H$5:$H$2004,'XUẤT KHO'!$A$5:$A$2004,">="&D$4,'XUẤT KHO'!$A$5:$A$2004,"<"&EDATE(D$4,1)) -> 856465350 | E72: =SUMIFS('XUẤT KHO'!$H$5:$H$2004,'XUẤT KHO'!$A$5:$A$2004,">="&E$4,'XUẤT KHO'!$A$5:$A$2004,"<"&EDATE(E$4,1)) -> 492462400 | F72: =SUMIFS('XUẤT KHO'!$H$5:$H$2004,'XUẤT KHO'!$A$5:$A$2004,">="&F$4,'XUẤT KHO'!$A$5:$A$2004,"<"&EDATE(F$4,1)) -> 399198050 | G72: =SUMIFS('XUẤT KHO'!$H$5:$H$2004,'XUẤT KHO'!$A$5:$A$2004,">="&G$4,'XUẤT KHO'!$A$5:$A$2004,"<"&EDATE(G$4,1)) -> 368195300 | H72: =SUMIFS('XUẤT KHO'!$H$5:$H$2004,'XUẤT KHO'!$A$5:$A$2004,">="&H$4,'XUẤT KHO'!$A$5:$A$2004,"<"&EDATE(H$4,1)) -> 0 | I72: =SUMIFS('XUẤT KHO'!$H$5:$H$2004,'XUẤT KHO'!$A$5:$A$2004,">="&I$4,'XUẤT KHO'!$A$5:$A$2004,"<"&EDATE(I$4,1)) -> 0 | J72: =SUMIFS('XUẤT KHO'!$H$5:$H$2004,'XUẤT KHO'!$A$5:$A$2004,">="&J$4,'XUẤT KHO'!$A$5:$A$2004,"<"&EDATE(J$4,1)) -> 0 | K72: =SUMIFS('XUẤT KHO'!$H$5:$H$2004,'XUẤT KHO'!$A$5:$A$2004,">="&K$4,'XUẤT KHO'!$A$5:$A$2004,"<"&EDATE(K$4,1)) -> 0 | ... O72: =SUMIFS('XUẤT KHO'!$H$5:$H$2004,'XUẤT KHO'!$A$5:$A$2004,">="&O$4,'XUẤT KHO'!$A$5:$A$2004,"<"&EDATE(O$4,1)) -> 0 | P72: =SUM(D72:O72) -> 2116321100
A74: Tháng nào chưa có phiếu xuất thì hiện 0 / trống. Số liệu tự cập nhật khi chị thêm phiếu vào XUẤT KHO.

Sheet TỒN ĐẦU KỲ
A1: TỒN ĐẦU KỲ – hết ngày 07/06/2026
A2: Số tồn thực tế đầu kỳ (nguồn DMHH_07_06, chia theo base B1–B4). Tên hàng hoá tự hiện theo Mã SP. Số lượng được cộng gộp theo Mã SP + Dung tích sang TỒN KHO.
A4: Mã gốc (kèm base) | B4: Mã SP | C4: Tên hàng hoá | D4: Dung tích | E4: Số lượng tồn
A5: PI04 | B5: PI04 | C5: =IF(B5="","",IFERROR(INDEX('DANH MỤC'!$B$5:$B$200,MATCH(B5,'DANH MỤC'!$A$5:$A$200,0)),"⚠ Mã chưa có trong DANH MỤC")) -> Sơn lót nội thất kháng kiềm cao cấp Imperia PI04 | D5: 18L | E5: 195
A6: PI04 | B6: PI04 | C6: =IF(B6="","",IFERROR(INDEX('DANH MỤC'!$B$5:$B$200,MATCH(B6,'DANH MỤC'!$A$5:$A$200,0)),"⚠ Mã chưa có trong DANH MỤC")) -> Sơn lót nội thất kháng kiềm cao cấp Imperia PI04 | D6: 5L | E6: 6
A7: PE02 | B7: PE02 | C7: =IF(B7="","",IFERROR(INDEX('DANH MỤC'!$B$5:$B$200,MATCH(B7,'DANH MỤC'!$A$5:$A$200,0)),"⚠ Mã chưa có trong DANH MỤC")) -> Sơn lót ngoại thất kháng kiềm cao cấp Imperia PE02 | D7: 18L | E7: 253
A8: SPI03 | B8: SPI03 | C8: =IF(B8="","",IFERROR(INDEX('DANH MỤC'!$B$5:$B$200,MATCH(B8,'DANH MỤC'!$A$5:$A$200,0)),"⚠ Mã chưa có trong DANH MỤC")) -> Sơn lót nội thất kháng kiềm siêu cao cấp SPI03 | D8: 18L | E8: 25
A9: SPI03 | B9: SPI03 | C9: =IF(B9="","",IFERROR(INDEX('DANH MỤC'!$B$5:$B$200,MATCH(B9,'DANH MỤC'!$A$5:$A$200,0)),"⚠ Mã chưa có trong DANH MỤC")) -> Sơn lót nội thất kháng kiềm siêu cao cấp SPI03 | D9: 5L | E9: 7
A10: SPE01 | B10: SPE01 | C10: =IF(B10="","",IFERROR(INDEX('DANH MỤC'!$B$5:$B$200,MATCH(B10,'DANH MỤC'!$A$5:$A$200,0)),"⚠ Mã chưa có trong DANH MỤC")) -> Sơn lót ngoại thất kháng kiềm siêu cao cấp SPE01 | D10: 18L | E10: 14
A11: SPE01 | B11: SPE01 | C11: =IF(B11="","",IFERROR(INDEX('DANH MỤC'!$B$5:$B$200,MATCH(B11,'DANH MỤC'!$A$5:$A$200,0)),"⚠ Mã chưa có trong DANH MỤC")) -> Sơn lót ngoại thất kháng kiềm siêu cao cấp SPE01 | D11: 5L | E11: 4
A12: IEW | B12: IEW | C12: =IF(B12="","",IFERROR(INDEX('DANH MỤC'!$B$5:$B$200,MATCH(B12,'DANH MỤC'!$A$5:$A$200,0)),"⚠ Mã chưa có trong DANH MỤC")) -> Sơn nội thất siêu trắng Imperia IEW | D12: 18L | E12: 34
A13: IEW | B13: IEW | C13: =IF(B13="","",IFERROR(INDEX('DANH MỤC'!$B$5:$B$200,MATCH(B13,'DANH MỤC'!$A$5:$A$200,0)),"⚠ Mã chưa có trong DANH MỤC")) -> Sơn nội thất siêu trắng Imperia IEW | D13: 5L | E13: 12
A14: CT12 | B14: CT12 | C14: =IF(B14="","",IFERROR(INDEX('DANH MỤC'!$B$5:$B$200,MATCH(B14,'DANH MỤC'!$A$5:$A$200,0)),"⚠ Mã chưa có trong DANH MỤC")) -> Sơn chống thấm đa năng Imperia CT12 | D14: 18L | E14: 46
A15: CT12 | B15: CT12 | C15: =IF(B15="","",IFERROR(INDEX('DANH MỤC'!$B$5:$B$200,MATCH(B15,'DANH MỤC'!$A$5:$A$200,0)),"⚠ Mã chưa có trong DANH MỤC")) -> Sơn chống thấm đa năng Imperia CT12 | D15: 5L | E15: 33
A16: ETM-309 | B16: ETM-309 | C16: =IF(B16="","",IFERROR(INDEX('DANH MỤC'!$B$5:$B$200,MATCH(B16,'DANH MỤC'!$A$5:$A$200,0)),"⚠ Mã chưa có trong DANH MỤC")) -> Sơn chống thấm màu ETM 309 (ghi đậm) | D16: 18L | E16: 120
... A62: Bả ngoại | B62: BA-NGOAI | C62: =IF(B62="","",IFERROR(INDEX('DANH MỤC'!$B$5:$B$200,MATCH(B62,'DANH MỤC'!$A$5:$A$200,0)),"⚠ Mã chưa có trong DANH MỤC")) -> Bột bả ngoại thất Imperia EP14 (40kg) | D62: Bao | E62: 13
C63: =IF(B63="","",IFERROR(INDEX('DANH MỤC'!$B$5:$B$200,MATCH(B63,'DANH MỤC'!$A$5:$A$200,0)),"⚠ Mã chưa có trong DANH MỤC"))
C64: =IF(B64="","",IFERROR(INDEX('DANH MỤC'!$B$5:$B$200,MATCH(B64,'DANH MỤC'!$A$5:$A$200,0)),"⚠ Mã chưa có trong DANH MỤC"))
C65: =IF(B65="","",IFERROR(INDEX('DANH MỤC'!$B$5:$B$200,MATCH(B65,'DANH MỤC'!$A$5:$A$200,0)),"⚠ Mã chưa có trong DANH MỤC"))
C66: =IF(B66="","",IFERROR(INDEX('DANH MỤC'!$B$5:$B$200,MATCH(B66,'DANH MỤC'!$A$5:$A$200,0)),"⚠ Mã chưa có trong DANH MỤC"))
C67: =IF(B67="","",IFERROR(INDEX('DANH MỤC'!$B$5:$B$200,MATCH(B67,'DANH MỤC'!$A$5:$A$200,0)),"⚠ Mã chưa có trong DANH MỤC"))
C68: =IF(B68="","",IFERROR(INDEX('DANH MỤC'!$B$5:$B$200,MATCH(B68,'DANH MỤC'!$A$5:$A$200,0)),"⚠ Mã chưa có trong DANH MỤC"))
C69: =IF(B69="","",IFERROR(INDEX('DANH MỤC'!$B$5:$B$200,MATCH(B69,'DANH MỤC'!$A$5:$A$200,0)),"⚠ Mã chưa có trong DANH MỤC"))
C70: =IF(B70="","",IFERROR(INDEX('DANH MỤC'!$B$5:$B$200,MATCH(B70,'DANH MỤC'!$A$5:$A$200,0)),"⚠ Mã chưa có trong DANH MỤC"))
C71: =IF(B71="","",IFERROR(INDEX('DANH MỤC'!$B$5:$B$200,MATCH(B71,'DANH MỤC'!$A$5:$A$200,0)),"⚠ Mã chưa có trong DANH MỤC"))
C72: =IF(B72="","",IFERROR(INDEX('DANH MỤC'!$B$5:$B$200,MATCH(B72,'DANH MỤC'!$A$5:$A$200,0)),"⚠ Mã chưa có trong DANH MỤC"))
C73: =IF(B73="","",IFERROR(INDEX('DANH MỤC'!$B$5:$B$200,MATCH(B73,'DANH MỤC'!$A$5:$A$200,0)),"⚠ Mã chưa có trong DANH MỤC"))
C74: =IF(B74="","",IFERROR(INDEX('DANH MỤC'!$B$5:$B$200,MATCH(B74,'DANH MỤC'!$A$5:$A$200,0)),"⚠ Mã chưa có trong DANH MỤC"))
... C123: =IF(B123="","",IFERROR(INDEX('DANH MỤC'!$B$5:$B$200,MATCH(B123,'DANH MỤC'!$A$5:$A$200,0)),"⚠ Mã chưa có trong DANH MỤC"))

Sheet DANH MỤC
A1: DANH MỤC SẢN PHẨM
A2: Tên hàng hoá và nhóm của mỗi mã. Sản phẩm mới: gõ thêm 1 dòng ở cuối bảng (ô vàng) – mã sẽ hiện trong ô chọn ở XUẤT KHO / NHẬP KHO.
A3: Nhóm hợp lệ: Sơn lót, Nội thất, Ngoại thất, Chống thấm, Bột bả (có thể thêm nhóm mới, tên nhóm sẽ hiện ở TỒN KHO)
A4: Mã SP | B4: Tên sản phẩm | C4: Nhóm
A5: PI04 | B5: Sơn lót nội thất kháng kiềm cao cấp Imperia PI04 | C5: Sơn lót
A6: PE02 | B6: Sơn lót ngoại thất kháng kiềm cao cấp Imperia PE02 | C6: Sơn lót
A7: SPI03 | B7: Sơn lót nội thất kháng kiềm siêu cao cấp SPI03 | C7: Sơn lót
A8: SPE01 | B8: Sơn lót ngoại thất kháng kiềm siêu cao cấp SPE01 | C8: Sơn lót
A9: IL5 | B9: Sơn lót nội thất kháng kiềm Silver IL5 | C9: Sơn lót
A10: EL5 | B10: Sơn lót ngoại thất kháng kiềm Silver EL5 | C10: Sơn lót
A11: IEW | B11: Sơn nội thất siêu trắng Imperia IEW | C11: Nội thất
A12: ISI | B12: Sơn nội thất bền màu Silver ISI | C12: Nội thất
A13: ISG06 | B13: Sơn nội thất cao cấp bóng mờ Imperia ISG06 | C13: Nội thất
A14: IG05 | B14: Sơn nội thất siêu bóng cao cấp Imperia IG05 | C14: Nội thất
A15: I9 | B15: Sơn nội thất siêu bóng cao cấp Saphir I9 | C15: Nội thất
... A28: BA-NGOAI | B28: Bột bả ngoại thất Imperia EP14 (40kg) | C28: Bột bả

Sheet KIỂM TRA DỮ LIỆU
A1: CÁC ĐIỂM CẦN CHỊ XÁC NHẬN
A2: Em phát hiện khi làm sạch số liệu. Chỗ nào sửa trong file này thì chị sửa ở ô tương ứng (nguồn ở cột "Ở đâu").
A4: # | B4: Vấn đề | C4: Em đã xử lý thế nào | D4: Ở đâu
A5: 1 | B5: 3 mã bị đảo số giữa 2 sheet gốc (18L↔5L): ETM-309 (Gộp: 5L=120, 18L=23 | 07_06: 18L=120, 5L=23), SPI03 (Gộp: 5L=25, 18L=7 | 07_06: 18L=25, 5L=7), SPE01 (Gộp: 5L=14, 18L=4 | 07_06: 18L=14, 5L=4). | C5: Dùng DMHH_07_06 (số liên kết từ file kho gốc 18 LÍT / 5 LÍT). Nếu thực tế ngược lại, đổi dung tích ở sheet TỒN ĐẦU KỲ (cột C). | D5: TỒN ĐẦU KỲ
A6: 2 | B6: Các sheet NK T6–T9 chỉ có hàng khách trả lại (ghi "NHẬP lại"); chưa thấy phiếu nhập hàng từ nhà cung cấp sau 07/06/2026. | C6: Em ghi các dòng NK vào sheet NHẬP KHO. Nếu có hàng về từ nhà cung cấp, chị ghi tiếp vào NHẬP KHO; chưa ghi thì mã bán nhiều sẽ báo âm kho. | D6: NHẬP KHO
A7: 3 | B7: 28 dòng xuất của sheet XK T6 có ngày từ 07/06 trở về trước (đã nằm trong tồn đầu kỳ). | C7: Vẫn giữ trong nhật ký xuất (để báo cáo doanh thu tháng 6) nhưng KHÔNG trừ tồn kho (chỉ trừ phiếu sau ngày chốt ở TỒN KHO!E4). | D7: XUẤT KHO
A8: 4 | B8: XK T6 dòng 7–10 trùng hệt dòng 14–17 (cùng ngày 14/6, cùng mặt hàng, số lượng). | C8: Giữ cả hai, tô cam cột "Kiểm tra". Nếu là nhập trùng, xóa 4 dòng sau để tồn đúng. | D8: XUẤT KHO (lọc cột Kiểm tra)
A9: 5 | B9: XK T7 dòng 62: hệ số = 10 (ETM 18L, 27/7) → thành tiền 48.210.000, có thể chỉ là hệ số 1. | C9: Giữ nguyên như file gốc, đã đánh dấu. Sửa cột "Hệ số" nếu gõ nhầm. | D9: XUẤT KHO
A10: 6 | B10: Một số dòng ghi sai ký hiệu so với tên hàng (XK T6 dòng 28 ghi EG09 nhưng là chống thấm ETM; dòng 22/52 ký hiệu khác tên). | C10: Lấy theo ký hiệu/đơn giá khớp nhất (dòng 28 → ETM-309). "ETM" không ghi mã → tính ETM-309; "Mã 99" → ETM-99. | D10: XUẤT KHO
A11: 7 | B11: Các dòng không có đơn giá (khuyến mại / bảo hành) và "Bột bả nội + ngoại" gộp 1 dòng. | C11: Vẫn trừ tồn nhưng thành tiền = 0; bột bả nội+ngoại ghi tạm vào bả nội. | D11: XUẤT KHO
A12: 8 | B12: Tồn chia theo base B1–B4, còn phiếu xuất chỉ ghi tên sơn + dung tích. | C12: Cộng gộp B1–B4 thành 1 dòng cho mỗi Mã SP + dung tích (chi tiết base vẫn xem được ở TỒN ĐẦU KỲ). | D12: TỒN KHO
A13: 9 | B13: Sheet "nxt 156_T6" cũ đang lỗi công thức (báo lỗi N/A và REF), tiêu đề năm 2016. | C13: Không dùng nữa; sheet TỒN KHO thay thế. | D13: —
A14: 10 | B14: Bảng giá khuyến nghị EG09 5L ghi 2.089.999. | C14: Dùng 2.089.000 (giống giá bán thực tế trên phiếu). | D14: TỒN KHO cột Giá KN
B16: Mã đang ÂM KHO theo số liệu hiện có (sẽ tự cập nhật ở TỔNG QUAN – ô "MÃ ÂM KHO").

Sheet HƯỚNG DẪN
A1: HƯỚNG DẪN SỬ DỤNG
A2: Chị chỉ cần nhập 2 chỗ: XUẤT KHO (bán hàng) và NHẬP KHO (hàng về). Mọi thứ khác tự tính, tháng nào cũng dùng lại được.
A4: MỖI NGÀY: (1) Bán hàng → sheet XUẤT KHO, gõ vào dòng trống kế tiếp: Ngày – Mã SP (chọn trong danh sách) – Dung tích – Số lượng – Đơn giá. Tên hàng hoá và thành tiền tự hiện.
A5: (2) Hàng về kho hoặc khách trả lại → sheet NHẬP KHO, ghi tương tự (không cần đơn giá).
A6: (3) Xem TỔNG QUAN: các thẻ trên cùng cho biết bao nhiêu mã hết / sắp hết / âm kho; bảng "CẦN ĐẶT HÀNG" liệt kê mã cần đặt kèm số lượng gợi ý. Tồn kho từng mã xem ở TỒN KHO.
A7: CUỐI THÁNG: vào sheet NXT THÁNG, chọn Tháng và Năm ở 2 ô vàng → hiện ngay tồn đầu tháng, nhập, xuất, tồn cuối tháng, giá trị tồn và doanh thu của tháng đó. Sheet THEO THÁNG xem 12 tháng liền nhau.
A8: THÊM SẢN PHẨM MỚI: (a) DANH MỤC: gõ Mã SP + Tên hàng hoá + Nhóm ở dòng vàng trống đầu tiên. (b) TỒN KHO: ở 1 dòng vàng trống cuối bảng, chọn Mã SP + Dung tích + nhập Giá khuyến nghị. Nếu quên bước (b), ô đỏ ở đầu TỒN KHO và TỔNG QUAN sẽ báo "chưa khớp mã".
A9: TỒN ĐẦU KỲ: số tồn thực tế tại ngày chốt (ô vàng "Tồn đầu kỳ tính đến hết ngày" ở TỒN KHO). Tên hàng hoá tự hiện theo Mã SP. Phiếu có ngày TRƯỚC hoặc BẰNG ngày chốt không trừ/cộng vào tồn.
A10: KIỂM KHO / CHỐT SỔ SANG KỲ MỚI (ví dụ cuối năm): đếm kho thực tế → sửa số ở TỒN ĐẦU KỲ → đổi ngày chốt ở TỒN KHO!E4 thành ngày đếm kho. Phiếu cũ vẫn giữ nguyên để làm báo cáo doanh thu.
A11: Đổi ngưỡng cảnh báo: các ô VÀNG đầu sheet TỒN KHO (số ngày tính tốc độ bán, ngưỡng sắp hết, số ngày muốn đủ hàng). "Ngày chốt báo cáo" tự lấy ngày phiếu mới nhất.
A12: Quy ước: chữ XANH / ô vàng = chị nhập tay; chữ đen / ô xám = công thức, đừng xóa. Bảng XUẤT KHO / NHẬP KHO dùng được tới dòng 2004 (khoảng 2 năm). Đừng chèn cột, chỉ cần gõ thêm dòng.
A13: Màu trạng thái: ĐỎ = hết hàng (đang có người mua), VÀNG = sắp hết, TÍM = âm kho (thiếu phiếu nhập hoặc nhập sai), XÁM = chậm bán, XANH = đủ hàng.
